# §35 full grid (E67 rev: full-bridge tanks, LOW/HIGH mode edge at 500 V, PSM at f_max, line-tracking bus floor), averaged fidelity; PASS = Tj<=150, Ip_rms<=tank class (78/100/120 A rms), fn in [0.45,1.45], eta floor
sku,Vin,Vout,load,temp,mode,ctl,Pout_W,bus_V,fn,Ip_rms_A,Iline_A,eta_pct,Tj_pfc_C,Tj_llc_C,PASS,notes,Tj_jbs_C,Woff_pos_W,Itoff_A
30kw,285,150,0,cold,PAR,IDLE,0,650,,0,0,,,,PASS,standby
30kw,285,150,0,room,PAR,IDLE,0,650,,0,0,,,,PASS,standby
30kw,285,150,0,hot,PAR,IDLE,0,650,,0,0,,,,PASS,standby
30kw,285,150,0.05,cold,PAR,PSM,750,650,1.45,5.5,1.6,84,10,34,PASS,,10,3.9,8.7
30kw,285,150,0.05,room,PAR,PSM,750,650,1.45,5.5,1.6,84,45,69,PASS,,45,3.9,8.7
30kw,285,150,0.05,hot,PAR,PSM,750,650,1.45,5.5,1.6,83.99,74,98,PASS,,74,3.9,8.7
30kw,285,150,0.1,cold,PAR,PSM,1500,650,1.45,7.3,3.2,90.07,11,34,PASS,,11,5.3,11.7
30kw,285,150,0.1,room,PAR,PSM,1500,650,1.45,7.3,3.2,90.07,46,69,PASS,,46,5.3,11.7
30kw,285,150,0.1,hot,PAR,PSM,1500,650,1.45,7.3,3.2,90.07,75,98,PASS,,75,5.3,11.7
30kw,285,150,0.25,cold,PAR,PSM,3750,650,1.45,14.9,7.9,93.75,12,36,PASS,,13,10.7,23.9
30kw,285,150,0.25,room,PAR,PSM,3750,650,1.45,14.9,7.9,93.74,47,71,PASS,,48,10.7,23.9
30kw,285,150,0.25,hot,PAR,PSM,3750,650,1.45,14.9,7.9,93.73,76,100,PASS,,77,10.7,23.9
30kw,285,150,0.5,cold,PAR,PSM,7500,650,1.45,28.7,15.8,94.44,15,41,PASS,,16,20.6,46
30kw,285,150,0.5,room,PAR,PSM,7500,650,1.45,28.7,15.8,94.42,50,78,PASS,,51,20.6,46
30kw,285,150,0.5,hot,PAR,PSM,7500,650,1.45,28.7,15.8,94.4,79,107,PASS,,80,20.6,46
30kw,285,150,0.75,cold,PAR,PSM,11250,650,1.45,42.8,23.7,94.21,19,53,PASS,,21,30.7,68.4
30kw,285,150,0.75,room,PAR,PSM,11250,650,1.45,42.8,23.7,94.17,54,91,PASS,,56,30.7,68.4
30kw,285,150,0.75,hot,PAR,PSM,11250,650,1.45,42.8,23.7,94.15,84,122,PASS,,85,30.7,68.4
30kw,285,150,1,cold,PAR,PSM,15000,650,1.45,56.9,31.6,93.74,24,79,PASS,,26,40.8,91
30kw,285,150,1,room,PAR,PSM,15000,650,1.45,56.9,31.6,93.7,60,119,PASS,,61,40.8,91
30kw,285,150,1,hot,PAR,PSM,15000,650,1.45,52.9,31.6,93.71,89,142,PASS,thermal derate to 93% ,89,38,84.7
30kw,285,200,0,cold,PAR,IDLE,0,650,,0,0,,,,PASS,standby
30kw,285,200,0,room,PAR,IDLE,0,650,,0,0,,,,PASS,standby
30kw,285,200,0,hot,PAR,IDLE,0,650,,0,0,,,,PASS,standby
30kw,285,200,0.05,cold,PAR,PSM,1000,650,1.45,6.8,2.1,91.43,10,14,PASS,,10,4.9,10.9
30kw,285,200,0.05,room,PAR,PSM,1000,650,1.45,6.8,2.1,91.42,45,49,PASS,,45,4.9,10.9
30kw,285,200,0.05,hot,PAR,PSM,1000,650,1.45,6.8,2.1,91.42,74,78,PASS,,74,4.9,10.9
30kw,285,200,0.1,cold,PAR,PSM,2000,650,1.45,8.4,4.2,94.48,11,15,PASS,,11,6,13.5
30kw,285,200,0.1,room,PAR,PSM,2000,650,1.45,8.4,4.2,94.47,46,51,PASS,,46,6,13.5
30kw,285,200,0.1,hot,PAR,PSM,2000,650,1.45,8.4,4.2,94.47,75,80,PASS,,75,6,13.5
30kw,285,200,0.25,cold,PAR,PSM,5000,650,1.45,15.5,10.5,96.03,13,21,PASS,,13,11.1,24.8
30kw,285,200,0.25,room,PAR,PSM,5000,650,1.45,15.5,10.5,96.02,48,56,PASS,,48,11.1,24.8
30kw,285,200,0.25,hot,PAR,PSM,5000,650,1.45,15.5,10.5,96,77,86,PASS,,77,11.1,24.8
30kw,285,200,0.5,cold,PAR,PSM,10000,650,1.45,29,21.1,96.02,17,35,PASS,,16,20.8,46.4
30kw,285,200,0.5,room,PAR,PSM,10000,650,1.45,29,21.1,95.99,53,71,PASS,,51,20.8,46.4
30kw,285,200,0.5,hot,PAR,PSM,10000,650,1.45,29,21.1,95.97,82,101,PASS,,80,20.8,46.4
30kw,285,200,0.75,cold,PAR,PSM,15000,650,1.45,43,31.6,95.59,24,54,PASS,,21,30.8,68.8
30kw,285,200,0.75,room,PAR,PSM,15000,650,1.45,43,31.6,95.55,60,91,PASS,,56,30.8,68.8
30kw,285,200,0.75,hot,PAR,PSM,15000,650,1.45,43,31.6,95.51,89,122,PASS,,85,30.8,68.8
30kw,285,200,1,cold,PAR,PSM,20000,650,1.45,57,42.2,95.07,31,79,PASS,,26,40.9,91.2
30kw,285,200,1,room,PAR,PSM,20000,650,1.45,57,42.2,95,68,119,PASS,,61,40.9,91.2
30kw,285,200,1,hot,PAR,PSM,20000,650,1.45,53.1,42.2,94.99,99,143,PASS,thermal derate to 93% ,89,38.1,84.9
30kw,285,250,0,cold,PAR,IDLE,0,650,,0,0,,,,PASS,standby
30kw,285,250,0,room,PAR,IDLE,0,650,,0,0,,,,PASS,standby
30kw,285,250,0,hot,PAR,IDLE,0,650,,0,0,,,,PASS,standby
30kw,285,250,0.05,cold,PAR,PSM,1250,650,1.45,8.3,2.6,92.83,11,15,PASS,,10,5.9,13.2
30kw,285,250,0.05,room,PAR,PSM,1250,650,1.45,8.3,2.6,92.82,46,50,PASS,,45,5.9,13.2
30kw,285,250,0.05,hot,PAR,PSM,1250,650,1.45,8.3,2.6,92.82,75,80,PASS,,74,5.9,13.2
30kw,285,250,0.1,cold,PAR,PSM,2500,650,1.45,9.6,5.3,95.4,11,16,PASS,,11,6.9,15.4
30kw,285,250,0.1,room,PAR,PSM,2500,650,1.45,9.6,5.3,95.39,46,51,PASS,,46,6.9,15.4
30kw,285,250,0.1,hot,PAR,PSM,2500,650,1.45,9.6,5.3,95.38,75,81,PASS,,75,6.9,15.4
30kw,285,250,0.25,cold,PAR,PSM,6250,650,1.45,16.2,13.2,96.65,14,22,PASS,,13,11.6,25.9
30kw,285,250,0.25,room,PAR,PSM,6250,650,1.45,16.2,13.2,96.63,49,57,PASS,,48,11.6,25.9
30kw,285,250,0.25,hot,PAR,PSM,6250,650,1.45,16.2,13.2,96.62,78,86,PASS,,77,11.6,25.9
30kw,285,250,0.5,cold,PAR,PSM,12500,650,1.45,29.4,26.4,96.56,20,35,PASS,,16,21.1,47
30kw,285,250,0.5,room,PAR,PSM,12500,650,1.45,29.4,26.4,96.53,56,71,PASS,,51,21.1,47
30kw,285,250,0.5,hot,PAR,PSM,12500,650,1.45,29.4,26.4,96.49,86,101,PASS,,80,21.1,47
30kw,285,250,0.75,cold,PAR,PSM,18750,650,1.45,43.2,39.6,96.13,29,54,PASS,,21,31,69.2
30kw,285,250,0.75,room,PAR,PSM,18750,650,1.45,43.2,39.6,96.07,66,92,PASS,,56,31,69.2
30kw,285,250,0.75,hot,PAR,PSM,18750,650,1.45,43.2,39.6,96.02,96,123,PASS,,85,31,69.2
30kw,285,250,1,cold,PAR,PFM,25000,650,1.443,57.2,52.7,95.44,41,73,PASS,,26,33.9,76
30kw,285,250,1,room,PAR,PFM,25000,650,1.443,57.2,52.7,95.36,79,113,PASS,,61,33.9,76
30kw,285,250,1,hot,PAR,PFM,25000,650,1.443,57.2,52.7,95.3,111,146,PASS,,90,33.9,76
30kw,285,300,0,cold,PAR,IDLE,0,650,,0,0,,,,PASS,standby
30kw,285,300,0,room,PAR,IDLE,0,650,,0,0,,,,PASS,standby
30kw,285,300,0,hot,PAR,IDLE,0,650,,0,0,,,,PASS,standby
30kw,285,300,0.05,cold,PAR,PFM,1295,650,1.191,11.6,2.7,92.7,11,16,PASS,,10,6.1,16.4
30kw,285,300,0.05,room,PAR,PFM,1295,650,1.191,11.6,2.7,92.69,46,51,PASS,,45,6.1,16.4
30kw,285,300,0.05,hot,PAR,PFM,1295,650,1.191,11.6,2.7,92.69,75,80,PASS,,74,6.1,16.4
30kw,285,300,0.1,cold,PAR,PFM,2591,650,1.191,12.4,5.5,95.46,11,17,PASS,,11,6.4,17.5
30kw,285,300,0.1,room,PAR,PFM,2591,650,1.191,12.4,5.5,95.45,46,52,PASS,,46,6.4,17.5
30kw,285,300,0.1,hot,PAR,PFM,2591,650,1.191,12.4,5.5,95.45,75,81,PASS,,75,6.4,17.5
30kw,285,300,0.25,cold,PAR,PFM,6477,650,1.189,16.7,13.7,96.87,14,19,PASS,,12,8.7,23.6
30kw,285,300,0.25,room,PAR,PFM,6477,650,1.189,16.7,13.7,96.85,49,55,PASS,,47,8.7,23.6
30kw,285,300,0.25,hot,PAR,PFM,6477,650,1.189,16.7,13.7,96.84,78,84,PASS,,76,8.7,23.6
30kw,285,300,0.5,cold,PAR,PFM,12955,650,1.184,27,27.3,96.97,21,26,PASS,,15,11.1,30.4
30kw,285,300,0.5,room,PAR,PFM,12955,650,1.184,27,27.3,96.93,57,62,PASS,,50,11.1,30.4
30kw,285,300,0.5,hot,PAR,PFM,12955,650,1.184,27,27.3,96.9,86,91,PASS,,79,11.1,30.4
30kw,285,300,0.75,cold,PAR,PFM,19432,650,1.177,38.5,41,96.66,30,35,PASS,,19,13.6,37.4
30kw,285,300,0.75,room,PAR,PFM,19432,650,1.177,38.5,41,96.6,67,72,PASS,,54,13.6,37.4
30kw,285,300,0.75,hot,PAR,PFM,19432,650,1.177,38.5,41,96.55,98,103,PASS,,83,13.6,37.4
30kw,285,300,1,cold,PAR,PFM,25909,650,1.168,50.3,54.7,96.23,44,49,PASS,,23,16.4,45.4
30kw,285,300,1,room,PAR,PFM,25909,650,1.168,50.3,54.7,96.14,82,87,PASS,,58,16.4,45.4
30kw,285,300,1,hot,PAR,PFM,25909,650,1.168,50.3,54.7,96.07,113,119,PASS,,87,16.4,45.4
30kw,285,400,0,cold,PAR,IDLE,0,830,,0,0,,,,PASS,standby
30kw,285,400,0,room,PAR,IDLE,0,830,,0,0,,,,PASS,standby
30kw,285,400,0,hot,PAR,IDLE,0,830,,0,0,,,,PASS,standby
30kw,285,400,0.05,cold,PAR,PFM,1295,830,1.084,16.8,2.7,91.13,11,21,PASS,,10,10.1,23.7
30kw,285,400,0.05,room,PAR,PFM,1295,830,1.084,16.8,2.7,91.13,46,56,PASS,,45,10.1,23.7
30kw,285,400,0.05,hot,PAR,PFM,1295,830,1.084,16.8,2.7,91.13,75,85,PASS,,74,10.1,23.7
30kw,285,400,0.1,cold,PAR,PFM,2591,830,1.084,17.1,5.5,94.79,12,21,PASS,,11,10.3,24.1
30kw,285,400,0.1,room,PAR,PFM,2591,830,1.084,17.1,5.5,94.78,47,56,PASS,,46,10.3,24.1
30kw,285,400,0.1,hot,PAR,PFM,2591,830,1.084,17.1,5.5,94.77,76,86,PASS,,75,10.3,24.1
30kw,285,400,0.25,cold,PAR,PFM,6477,830,1.084,19,13.7,96.88,15,23,PASS,,12,11.5,26.9
30kw,285,400,0.25,room,PAR,PFM,6477,830,1.084,19,13.7,96.86,50,58,PASS,,47,11.5,26.9
30kw,285,400,0.25,hot,PAR,PFM,6477,830,1.084,19,13.7,96.84,79,87,PASS,,76,11.5,26.9
30kw,285,400,0.5,cold,PAR,PFM,12955,830,1.083,24.8,27.3,97.22,22,28,PASS,,14,15,35.1
30kw,285,400,0.5,room,PAR,PFM,12955,830,1.083,24.8,27.3,97.18,58,64,PASS,,49,15,35.1
30kw,285,400,0.5,hot,PAR,PFM,12955,830,1.083,24.8,27.3,97.15,88,93,PASS,,78,15,35.1
30kw,285,400,0.75,cold,PAR,PFM,19432,830,1.083,32.2,41,97.11,33,33,PASS,,16,16,37.4
30kw,285,400,0.75,room,PAR,PFM,19432,830,1.083,32.2,41,97.04,70,69,PASS,,51,16,37.4
30kw,285,400,0.75,hot,PAR,PFM,19432,830,1.083,32.2,41,96.99,100,99,PASS,,80,16,37.4
30kw,285,400,1,cold,PAR,PFM,25909,830,1.082,40.3,54.7,96.83,47,39,PASS,,19,17,39.7
30kw,285,400,1,room,PAR,PFM,25909,830,1.082,40.3,54.7,96.74,85,77,PASS,,54,17,39.7
30kw,285,400,1,hot,PAR,PFM,25909,830,1.082,40.3,54.7,96.67,117,107,PASS,,83,17,39.7
30kw,285,500,0,cold,PAR,IDLE,0,830,,0,0,,,,PASS,standby
30kw,285,500,0,room,PAR,IDLE,0,830,,0,0,,,,PASS,standby
30kw,285,500,0,hot,PAR,IDLE,0,830,,0,0,,,,PASS,standby
30kw,285,500,0.05,cold,PAR,PFM,1295,830,0.609,37.1,2.7,85.77,11,33,PASS,,10,12.6,52.5
30kw,285,500,0.05,room,PAR,PFM,1295,830,0.609,37.1,2.7,85.76,46,70,PASS,,45,12.6,52.5
30kw,285,500,0.05,hot,PAR,PFM,1295,830,0.609,37.1,2.7,85.76,75,101,PASS,,74,12.6,52.5
30kw,285,500,0.1,cold,PAR,PFM,2591,830,0.608,37.2,5.5,91.89,12,33,PASS,,11,12.6,52.6
30kw,285,500,0.1,room,PAR,PFM,2591,830,0.608,37.2,5.5,91.89,47,70,PASS,,46,12.6,52.6
30kw,285,500,0.1,hot,PAR,PFM,2591,830,0.608,37.2,5.5,91.88,76,101,PASS,,75,12.6,52.6
30kw,285,500,0.25,cold,PAR,PFM,6477,830,0.607,37.9,13.7,95.82,15,34,PASS,,11,12.8,53.5
30kw,285,500,0.25,room,PAR,PFM,6477,830,0.607,37.9,13.7,95.8,50,71,PASS,,46,12.8,53.5
30kw,285,500,0.25,hot,PAR,PFM,6477,830,0.607,37.9,13.7,95.79,79,101,PASS,,75,12.8,53.5
30kw,285,500,0.5,cold,PAR,PFM,12955,830,0.604,40.1,27.3,96.91,22,36,PASS,,13,13.5,56.8
30kw,285,500,0.5,room,PAR,PFM,12955,830,0.604,40.1,27.3,96.87,58,74,PASS,,48,13.5,56.8
30kw,285,500,0.5,hot,PAR,PFM,12955,830,0.604,40.1,27.3,96.83,88,104,PASS,,77,13.5,56.8
30kw,285,500,0.75,cold,PAR,PFM,19432,830,0.597,43.7,41,97.02,33,40,PASS,,15,14.6,61.8
30kw,285,500,0.75,room,PAR,PFM,19432,830,0.597,43.7,41,96.95,70,78,PASS,,50,14.6,61.8
30kw,285,500,0.75,hot,PAR,PFM,19432,830,0.597,43.7,41,96.9,100,109,PASS,,79,14.6,61.8
30kw,285,500,1,cold,PAR,PFM,25909,830,0.588,48.3,54.7,96.87,47,46,PASS,,17,15.7,67.5
30kw,285,500,1,room,PAR,PFM,25909,830,0.588,48.3,54.7,96.79,85,84,PASS,,52,15.7,67.5
30kw,285,500,1,hot,PAR,PFM,25909,830,0.588,48.3,54.7,96.72,117,116,PASS,,81,15.7,67.5
30kw,285,500,0,cold,SER,IDLE,0,650,,0,0,,,,PASS,standby
30kw,285,500,0,room,SER,IDLE,0,650,,0,0,,,,PASS,standby
30kw,285,500,0,hot,SER,IDLE,0,650,,0,0,,,,PASS,standby
30kw,285,500,0.05,cold,SER,PSM,1295,650,1.45,8.3,2.7,93.19,11,15,PASS,,11,6,13.3
30kw,285,500,0.05,room,SER,PSM,1295,650,1.45,8.3,2.7,93.18,46,50,PASS,,46,6,13.3
30kw,285,500,0.05,hot,SER,PSM,1295,650,1.45,8.3,2.7,93.18,75,80,PASS,,75,6,13.3
30kw,285,500,0.1,cold,SER,PSM,2591,650,1.45,9.7,5.5,95.67,11,16,PASS,,11,7,15.6
30kw,285,500,0.1,room,SER,PSM,2591,650,1.45,9.7,5.5,95.67,46,52,PASS,,46,7,15.6
30kw,285,500,0.1,hot,SER,PSM,2591,650,1.45,9.7,5.5,95.66,75,81,PASS,,75,7,15.6
30kw,285,500,0.25,cold,SER,PSM,6477,650,1.45,16.6,13.7,96.86,14,22,PASS,,13,11.9,26.6
30kw,285,500,0.25,room,SER,PSM,6477,650,1.45,16.6,13.7,96.84,49,57,PASS,,48,11.9,26.6
30kw,285,500,0.25,hot,SER,PSM,6477,650,1.45,16.6,13.7,96.83,78,87,PASS,,77,11.9,26.6
30kw,285,500,0.5,cold,SER,PSM,12955,650,1.45,30.4,27.3,96.73,21,36,PASS,,17,21.8,48.6
30kw,285,500,0.5,room,SER,PSM,12955,650,1.45,30.4,27.3,96.69,57,73,PASS,,52,21.8,48.6
30kw,285,500,0.5,hot,SER,PSM,12955,650,1.45,30.4,27.3,96.66,86,103,PASS,,81,21.8,48.6
30kw,285,500,0.75,cold,SER,PSM,19432,650,1.45,44.7,41,96.27,30,56,PASS,,21,32.1,71.6
30kw,285,500,0.75,room,SER,PSM,19432,650,1.45,44.7,41,96.21,67,94,PASS,,56,32.1,71.6
30kw,285,500,0.75,hot,SER,PSM,19432,650,1.45,44.7,41,96.16,98,126,PASS,,85,32.1,71.6
30kw,285,500,1,cold,SER,PFM,25909,650,1.434,59.3,54.7,95.55,44,77,PASS,,27,34.9,78.7
30kw,285,500,1,room,SER,PFM,25909,650,1.434,59.3,54.7,95.47,82,117,PASS,,62,34.9,78.7
30kw,285,500,1,hot,SER,PFM,25909,650,1.434,55.2,54.7,95.4,113,141,PASS,thermal derate to 93% ,89,32.6,73.4
30kw,285,750,0,cold,SER,IDLE,0,789,,0,0,,,,PASS,standby
30kw,285,750,0,room,SER,IDLE,0,789,,0,0,,,,PASS,standby
30kw,285,750,0,hot,SER,IDLE,0,789,,0,0,,,,PASS,standby
30kw,285,750,0.05,cold,SER,PFM,1295,789,1.119,15.2,2.7,91.72,11,19,PASS,,10,9.1,21.6
30kw,285,750,0.05,room,SER,PFM,1295,789,1.119,15.2,2.7,91.72,46,55,PASS,,45,9.1,21.6
30kw,285,750,0.05,hot,SER,PFM,1295,789,1.119,15.2,2.7,91.71,75,84,PASS,,74,9.1,21.6
30kw,285,750,0.1,cold,SER,PFM,2591,789,1.119,15.6,5.5,95.13,12,20,PASS,,11,9.3,22.1
30kw,285,750,0.1,room,SER,PFM,2591,789,1.119,15.6,5.5,95.13,47,55,PASS,,46,9.3,22.1
30kw,285,750,0.1,hot,SER,PFM,2591,789,1.119,15.6,5.5,95.12,76,84,PASS,,75,9.3,22.1
30kw,285,750,0.25,cold,SER,PFM,6477,789,1.119,18,13.7,97.05,15,22,PASS,,12,10.7,25.5
30kw,285,750,0.25,room,SER,PFM,6477,789,1.119,18,13.7,97.03,50,57,PASS,,47,10.7,25.5
30kw,285,750,0.25,hot,SER,PFM,6477,789,1.119,18,13.7,97.01,79,86,PASS,,76,10.7,25.5
30kw,285,750,0.5,cold,SER,PFM,12955,789,1.118,24.8,27.3,97.32,22,27,PASS,,14,14.1,33.5
30kw,285,750,0.5,room,SER,PFM,12955,789,1.118,24.8,27.3,97.28,58,63,PASS,,49,14.1,33.5
30kw,285,750,0.5,hot,SER,PFM,12955,789,1.118,24.8,27.3,97.25,87,92,PASS,,78,14.1,33.5
30kw,285,750,0.75,cold,SER,PFM,19432,789,1.116,33.1,41,97.17,32,33,PASS,,17,15.2,36.4
30kw,285,750,0.75,room,SER,PFM,19432,789,1.116,33.1,41,97.11,69,69,PASS,,52,15.2,36.4
30kw,285,750,0.75,hot,SER,PFM,19432,789,1.116,33.1,41,97.06,100,99,PASS,,81,15.2,36.4
30kw,285,750,1,cold,SER,PFM,25909,789,1.114,42,54.7,96.86,46,41,PASS,,20,16.8,40
30kw,285,750,1,room,SER,PFM,25909,789,1.114,42,54.7,96.77,84,78,PASS,,55,16.8,40
30kw,285,750,1,hot,SER,PFM,25909,789,1.114,42,54.7,96.7,116,109,PASS,,84,16.8,40
30kw,285,1000,0,cold,SER,IDLE,0,830,,0,0,,,,PASS,standby
30kw,285,1000,0,room,SER,IDLE,0,830,,0,0,,,,PASS,standby
30kw,285,1000,0,hot,SER,IDLE,0,830,,0,0,,,,PASS,standby
30kw,285,1000,0.05,cold,SER,PFM,1295,830,0.609,37.1,2.7,85.84,11,33,PASS,,10,12.6,52.5
30kw,285,1000,0.05,room,SER,PFM,1295,830,0.609,37.1,2.7,85.84,46,70,PASS,,45,12.6,52.5
30kw,285,1000,0.05,hot,SER,PFM,1295,830,0.609,37.1,2.7,85.84,75,101,PASS,,74,12.6,52.5
30kw,285,1000,0.1,cold,SER,PFM,2591,830,0.608,37.2,5.5,91.98,12,33,PASS,,11,12.6,52.6
30kw,285,1000,0.1,room,SER,PFM,2591,830,0.608,37.2,5.5,91.98,47,70,PASS,,46,12.6,52.6
30kw,285,1000,0.1,hot,SER,PFM,2591,830,0.608,37.2,5.5,91.97,76,101,PASS,,75,12.6,52.6
30kw,285,1000,0.25,cold,SER,PFM,6477,830,0.607,37.9,13.7,95.92,15,34,PASS,,11,12.8,53.5
30kw,285,1000,0.25,room,SER,PFM,6477,830,0.607,37.9,13.7,95.9,50,71,PASS,,46,12.8,53.5
30kw,285,1000,0.25,hot,SER,PFM,6477,830,0.607,37.9,13.7,95.88,79,101,PASS,,75,12.8,53.5
30kw,285,1000,0.5,cold,SER,PFM,12955,830,0.604,40.1,27.3,97,22,36,PASS,,13,13.5,56.8
30kw,285,1000,0.5,room,SER,PFM,12955,830,0.604,40.1,27.3,96.96,58,74,PASS,,48,13.5,56.8
30kw,285,1000,0.5,hot,SER,PFM,12955,830,0.604,40.1,27.3,96.93,88,104,PASS,,77,13.5,56.8
30kw,285,1000,0.75,cold,SER,PFM,19432,830,0.597,43.7,41,97.12,33,40,PASS,,15,14.6,61.8
30kw,285,1000,0.75,room,SER,PFM,19432,830,0.597,43.7,41,97.05,70,78,PASS,,50,14.6,61.8
30kw,285,1000,0.75,hot,SER,PFM,19432,830,0.597,43.7,41,97,100,109,PASS,,79,14.6,61.8
30kw,285,1000,1,cold,SER,PFM,25909,830,0.588,48.3,54.7,96.97,47,46,PASS,,17,15.7,67.5
30kw,285,1000,1,room,SER,PFM,25909,830,0.588,48.3,54.7,96.89,85,84,PASS,,52,15.7,67.5
30kw,285,1000,1,hot,SER,PFM,25909,830,0.588,48.3,54.7,96.82,117,116,PASS,,81,15.7,67.5
30kw,300,150,0,cold,PAR,IDLE,0,650,,0,0,,,,PASS,standby
30kw,300,150,0,room,PAR,IDLE,0,650,,0,0,,,,PASS,standby
30kw,300,150,0,hot,PAR,IDLE,0,650,,0,0,,,,PASS,standby
30kw,300,150,0.05,cold,PAR,PSM,750,650,1.45,5.5,1.5,84,10,34,PASS,,10,3.9,8.7
30kw,300,150,0.05,room,PAR,PSM,750,650,1.45,5.5,1.5,84,45,69,PASS,,45,3.9,8.7
30kw,300,150,0.05,hot,PAR,PSM,750,650,1.45,5.5,1.5,84,74,98,PASS,,74,3.9,8.7
30kw,300,150,0.1,cold,PAR,PSM,1500,650,1.45,7.3,3,90.08,11,34,PASS,,11,5.3,11.7
30kw,300,150,0.1,room,PAR,PSM,1500,650,1.45,7.3,3,90.08,46,69,PASS,,46,5.3,11.7
30kw,300,150,0.1,hot,PAR,PSM,1500,650,1.45,7.3,3,90.07,75,98,PASS,,75,5.3,11.7
30kw,300,150,0.25,cold,PAR,PSM,3750,650,1.45,14.9,7.5,93.76,12,36,PASS,,13,10.7,23.9
30kw,300,150,0.25,room,PAR,PSM,3750,650,1.45,14.9,7.5,93.75,47,71,PASS,,48,10.7,23.9
30kw,300,150,0.25,hot,PAR,PSM,3750,650,1.45,14.9,7.5,93.74,76,100,PASS,,77,10.7,23.9
30kw,300,150,0.5,cold,PAR,PSM,7500,650,1.45,28.7,15,94.47,15,41,PASS,,16,20.6,46
30kw,300,150,0.5,room,PAR,PSM,7500,650,1.45,28.7,15,94.45,50,78,PASS,,51,20.6,46
30kw,300,150,0.5,hot,PAR,PSM,7500,650,1.45,28.7,15,94.44,79,107,PASS,,80,20.6,46
30kw,300,150,0.75,cold,PAR,PSM,11250,650,1.45,42.8,22.5,94.25,18,53,PASS,,21,30.7,68.4
30kw,300,150,0.75,room,PAR,PSM,11250,650,1.45,42.8,22.5,94.22,54,91,PASS,,56,30.7,68.4
30kw,300,150,0.75,hot,PAR,PSM,11250,650,1.45,42.8,22.5,94.19,83,122,PASS,,85,30.7,68.4
30kw,300,150,1,cold,PAR,PSM,15000,650,1.45,56.9,30.1,93.79,23,79,PASS,,26,40.8,91
30kw,300,150,1,room,PAR,PSM,15000,650,1.45,56.9,30.1,93.75,58,119,PASS,,61,40.8,91
30kw,300,150,1,hot,PAR,PSM,15000,650,1.45,52.9,30.1,93.78,88,142,PASS,thermal derate to 93% ,89,38,84.7
30kw,300,200,0,cold,PAR,IDLE,0,650,,0,0,,,,PASS,standby
30kw,300,200,0,room,PAR,IDLE,0,650,,0,0,,,,PASS,standby
30kw,300,200,0,hot,PAR,IDLE,0,650,,0,0,,,,PASS,standby
30kw,300,200,0.05,cold,PAR,PSM,1000,650,1.45,6.8,2,91.43,10,14,PASS,,10,4.9,10.9
30kw,300,200,0.05,room,PAR,PSM,1000,650,1.45,6.8,2,91.43,45,49,PASS,,45,4.9,10.9
30kw,300,200,0.05,hot,PAR,PSM,1000,650,1.45,6.8,2,91.43,74,78,PASS,,74,4.9,10.9
30kw,300,200,0.1,cold,PAR,PSM,2000,650,1.45,8.4,4,94.49,11,15,PASS,,11,6,13.5
30kw,300,200,0.1,room,PAR,PSM,2000,650,1.45,8.4,4,94.48,46,51,PASS,,46,6,13.5
30kw,300,200,0.1,hot,PAR,PSM,2000,650,1.45,8.4,4,94.48,75,80,PASS,,75,6,13.5
30kw,300,200,0.25,cold,PAR,PSM,5000,650,1.45,15.5,10,96.05,13,21,PASS,,13,11.1,24.8
30kw,300,200,0.25,room,PAR,PSM,5000,650,1.45,15.5,10,96.04,48,56,PASS,,48,11.1,24.8
30kw,300,200,0.25,hot,PAR,PSM,5000,650,1.45,15.5,10,96.03,77,86,PASS,,77,11.1,24.8
30kw,300,200,0.5,cold,PAR,PSM,10000,650,1.45,29,20,96.06,17,35,PASS,,16,20.8,46.4
30kw,300,200,0.5,room,PAR,PSM,10000,650,1.45,29,20,96.03,52,71,PASS,,51,20.8,46.4
30kw,300,200,0.5,hot,PAR,PSM,10000,650,1.45,29,20,96.01,82,101,PASS,,80,20.8,46.4
30kw,300,200,0.75,cold,PAR,PSM,15000,650,1.45,43,30.1,95.65,23,54,PASS,,21,30.8,68.8
30kw,300,200,0.75,room,PAR,PSM,15000,650,1.45,43,30.1,95.61,58,91,PASS,,56,30.8,68.8
30kw,300,200,0.75,hot,PAR,PSM,15000,650,1.45,43,30.1,95.58,88,122,PASS,,85,30.8,68.8
30kw,300,200,1,cold,PAR,PSM,20000,650,1.45,57,40.1,95.14,30,79,PASS,,26,40.9,91.2
30kw,300,200,1,room,PAR,PSM,20000,650,1.45,57,40.1,95.09,66,119,PASS,,61,40.9,91.2
30kw,300,200,1,hot,PAR,PSM,20000,650,1.45,53.1,40.1,95.08,97,143,PASS,thermal derate to 93% ,89,38.1,84.9
30kw,300,250,0,cold,PAR,IDLE,0,650,,0,0,,,,PASS,standby
30kw,300,250,0,room,PAR,IDLE,0,650,,0,0,,,,PASS,standby
30kw,300,250,0,hot,PAR,IDLE,0,650,,0,0,,,,PASS,standby
30kw,300,250,0.05,cold,PAR,PSM,1250,650,1.45,8.3,2.5,92.83,11,15,PASS,,10,5.9,13.2
30kw,300,250,0.05,room,PAR,PSM,1250,650,1.45,8.3,2.5,92.83,46,50,PASS,,45,5.9,13.2
30kw,300,250,0.05,hot,PAR,PSM,1250,650,1.45,8.3,2.5,92.83,75,80,PASS,,74,5.9,13.2
30kw,300,250,0.1,cold,PAR,PSM,2500,650,1.45,9.6,5,95.41,11,16,PASS,,11,6.9,15.4
30kw,300,250,0.1,room,PAR,PSM,2500,650,1.45,9.6,5,95.4,46,51,PASS,,46,6.9,15.4
30kw,300,250,0.1,hot,PAR,PSM,2500,650,1.45,9.6,5,95.4,75,81,PASS,,75,6.9,15.4
30kw,300,250,0.25,cold,PAR,PSM,6250,650,1.45,16.2,12.5,96.68,14,22,PASS,,13,11.6,25.9
30kw,300,250,0.25,room,PAR,PSM,6250,650,1.45,16.2,12.5,96.66,49,57,PASS,,48,11.6,25.9
30kw,300,250,0.25,hot,PAR,PSM,6250,650,1.45,16.2,12.5,96.65,78,86,PASS,,77,11.6,25.9
30kw,300,250,0.5,cold,PAR,PSM,12500,650,1.45,29.4,25.1,96.61,20,35,PASS,,16,21.1,47
30kw,300,250,0.5,room,PAR,PSM,12500,650,1.45,29.4,25.1,96.58,55,71,PASS,,51,21.1,47
30kw,300,250,0.5,hot,PAR,PSM,12500,650,1.45,29.4,25.1,96.55,85,101,PASS,,80,21.1,47
30kw,300,250,0.75,cold,PAR,PSM,18750,650,1.45,43.2,37.6,96.2,28,54,PASS,,21,31,69.2
30kw,300,250,0.75,room,PAR,PSM,18750,650,1.45,43.2,37.6,96.15,64,92,PASS,,56,31,69.2
30kw,300,250,0.75,hot,PAR,PSM,18750,650,1.45,43.2,37.6,96.1,94,123,PASS,,85,31,69.2
30kw,300,250,1,cold,PAR,PFM,25000,650,1.443,57.2,50.1,95.54,39,73,PASS,,26,33.9,76
30kw,300,250,1,room,PAR,PFM,25000,650,1.443,57.2,50.1,95.47,76,113,PASS,,61,33.9,76
30kw,300,250,1,hot,PAR,PFM,25000,650,1.443,57.2,50.1,95.41,107,146,PASS,,90,33.9,76
30kw,300,300,0,cold,PAR,IDLE,0,650,,0,0,,,,PASS,standby
30kw,300,300,0,room,PAR,IDLE,0,650,,0,0,,,,PASS,standby
30kw,300,300,0,hot,PAR,IDLE,0,650,,0,0,,,,PASS,standby
30kw,300,300,0.05,cold,PAR,PFM,1364,650,1.191,11.7,2.7,92.98,11,16,PASS,,10,6.1,16.5
30kw,300,300,0.05,room,PAR,PFM,1364,650,1.191,11.7,2.7,92.98,46,51,PASS,,45,6.1,16.5
30kw,300,300,0.05,hot,PAR,PFM,1364,650,1.191,11.7,2.7,92.98,75,80,PASS,,74,6.1,16.5
30kw,300,300,0.1,cold,PAR,PFM,2727,650,1.191,12.5,5.5,95.61,11,17,PASS,,11,6.5,17.7
30kw,300,300,0.1,room,PAR,PFM,2727,650,1.191,12.5,5.5,95.6,46,52,PASS,,46,6.5,17.7
30kw,300,300,0.1,hot,PAR,PFM,2727,650,1.191,12.5,5.5,95.59,75,81,PASS,,75,6.5,17.7
30kw,300,300,0.25,cold,PAR,PFM,6818,650,1.189,17.2,13.7,96.93,14,20,PASS,,13,8.9,24.3
30kw,300,300,0.25,room,PAR,PFM,6818,650,1.189,17.2,13.7,96.91,49,55,PASS,,48,8.9,24.3
30kw,300,300,0.25,hot,PAR,PFM,6818,650,1.189,17.2,13.7,96.9,78,85,PASS,,77,8.9,24.3
30kw,300,300,0.5,cold,PAR,PFM,13636,650,1.183,28.2,27.3,97,21,26,PASS,,16,11.4,31.1
30kw,300,300,0.5,room,PAR,PFM,13636,650,1.183,28.2,27.3,96.97,57,63,PASS,,51,11.4,31.1
30kw,300,300,0.5,hot,PAR,PFM,13636,650,1.183,28.2,27.3,96.93,86,92,PASS,,80,11.4,31.1
30kw,300,300,0.75,cold,PAR,PFM,20455,650,1.175,40.3,41,96.67,30,37,PASS,,20,14,38.6
30kw,300,300,0.75,room,PAR,PFM,20455,650,1.175,40.3,41,96.62,67,74,PASS,,55,14,38.6
30kw,300,300,0.75,hot,PAR,PFM,20455,650,1.175,40.3,41,96.57,98,105,PASS,,84,14,38.6
30kw,300,300,1,cold,PAR,PFM,27273,650,1.166,52.8,54.7,96.24,44,52,PASS,,24,17,47.2
30kw,300,300,1,room,PAR,PFM,27273,650,1.166,52.8,54.7,96.16,82,91,PASS,,59,17,47.2
30kw,300,300,1,hot,PAR,PFM,27273,650,1.166,52.8,54.7,96.09,113,123,PASS,,88,17,47.2
30kw,300,400,0,cold,PAR,IDLE,0,830,,0,0,,,,PASS,standby
30kw,300,400,0,room,PAR,IDLE,0,830,,0,0,,,,PASS,standby
30kw,300,400,0,hot,PAR,IDLE,0,830,,0,0,,,,PASS,standby
30kw,300,400,0.05,cold,PAR,PFM,1364,830,1.084,16.8,2.7,91.5,11,21,PASS,,10,10.1,23.7
30kw,300,400,0.05,room,PAR,PFM,1364,830,1.084,16.8,2.7,91.5,46,56,PASS,,45,10.1,23.7
30kw,300,400,0.05,hot,PAR,PFM,1364,830,1.084,16.8,2.7,91.49,75,85,PASS,,74,10.1,23.7
30kw,300,400,0.1,cold,PAR,PFM,2727,830,1.084,17.1,5.5,94.99,12,21,PASS,,11,10.3,24.2
30kw,300,400,0.1,room,PAR,PFM,2727,830,1.084,17.1,5.5,94.98,47,56,PASS,,46,10.3,24.2
30kw,300,400,0.1,hot,PAR,PFM,2727,830,1.084,17.1,5.5,94.97,76,86,PASS,,75,10.3,24.2
30kw,300,400,0.25,cold,PAR,PFM,6818,830,1.084,19.3,13.7,96.96,15,23,PASS,,12,11.7,27.2
30kw,300,400,0.25,room,PAR,PFM,6818,830,1.084,19.3,13.7,96.95,50,58,PASS,,47,11.7,27.2
30kw,300,400,0.25,hot,PAR,PFM,6818,830,1.084,19.3,13.7,96.93,79,88,PASS,,76,11.7,27.2
30kw,300,400,0.5,cold,PAR,PFM,13636,830,1.083,25.5,27.3,97.27,22,28,PASS,,14,15.3,35.8
30kw,300,400,0.5,room,PAR,PFM,13636,830,1.083,25.5,27.3,97.23,58,64,PASS,,49,15.3,35.8
30kw,300,400,0.5,hot,PAR,PFM,13636,830,1.083,25.5,27.3,97.2,88,94,PASS,,78,15.3,35.8
30kw,300,400,0.75,cold,PAR,PFM,20455,830,1.083,33.4,41,97.15,33,34,PASS,,17,16.1,37.7
30kw,300,400,0.75,room,PAR,PFM,20455,830,1.083,33.4,41,97.09,70,70,PASS,,52,16.1,37.7
30kw,300,400,0.75,hot,PAR,PFM,20455,830,1.083,33.4,41,97.05,100,100,PASS,,81,16.1,37.7
30kw,300,400,1,cold,PAR,PFM,27273,830,1.082,42.1,54.7,96.87,47,41,PASS,,20,17.2,40.3
30kw,300,400,1,room,PAR,PFM,27273,830,1.082,42.1,54.7,96.79,85,79,PASS,,55,17.2,40.3
30kw,300,400,1,hot,PAR,PFM,27273,830,1.082,42.1,54.7,96.72,117,110,PASS,,84,17.2,40.3
30kw,300,500,0,cold,PAR,IDLE,0,830,,0,0,,,,PASS,standby
30kw,300,500,0,room,PAR,IDLE,0,830,,0,0,,,,PASS,standby
30kw,300,500,0,hot,PAR,IDLE,0,830,,0,0,,,,PASS,standby
30kw,300,500,0.05,cold,PAR,PFM,1364,830,0.609,37.1,2.7,86.35,11,33,PASS,,10,12.6,52.5
30kw,300,500,0.05,room,PAR,PFM,1364,830,0.609,37.1,2.7,86.35,46,70,PASS,,45,12.6,52.5
30kw,300,500,0.05,hot,PAR,PFM,1364,830,0.609,37.1,2.7,86.35,75,101,PASS,,74,12.6,52.5
30kw,300,500,0.1,cold,PAR,PFM,2727,830,0.608,37.2,5.5,92.23,12,33,PASS,,11,12.6,52.6
30kw,300,500,0.1,room,PAR,PFM,2727,830,0.608,37.2,5.5,92.23,47,70,PASS,,46,12.6,52.6
30kw,300,500,0.1,hot,PAR,PFM,2727,830,0.608,37.2,5.5,92.22,76,101,PASS,,75,12.6,52.6
30kw,300,500,0.25,cold,PAR,PFM,6818,830,0.607,37.9,13.7,95.98,15,34,PASS,,11,12.9,53.7
30kw,300,500,0.25,room,PAR,PFM,6818,830,0.607,37.9,13.7,95.96,50,71,PASS,,46,12.9,53.7
30kw,300,500,0.25,hot,PAR,PFM,6818,830,0.607,37.9,13.7,95.94,79,102,PASS,,75,12.9,53.7
30kw,300,500,0.5,cold,PAR,PFM,13636,830,0.603,40.5,27.3,96.99,22,37,PASS,,13,13.6,57.2
30kw,300,500,0.5,room,PAR,PFM,13636,830,0.603,40.5,27.3,96.96,58,74,PASS,,48,13.6,57.2
30kw,300,500,0.5,hot,PAR,PFM,13636,830,0.603,40.5,27.3,96.92,88,105,PASS,,77,13.6,57.2
30kw,300,500,0.75,cold,PAR,PFM,20455,830,0.596,44.4,41,97.09,33,41,PASS,,15,14.8,62.8
30kw,300,500,0.75,room,PAR,PFM,20455,830,0.596,44.4,41,97.03,70,79,PASS,,50,14.8,62.8
30kw,300,500,0.75,hot,PAR,PFM,20455,830,0.596,44.4,41,96.98,100,110,PASS,,79,14.8,62.8
30kw,300,500,1,cold,PAR,PFM,27273,830,0.585,49.4,54.7,96.95,47,47,PASS,,17,15.4,66.6
30kw,300,500,1,room,PAR,PFM,27273,830,0.585,49.4,54.7,96.86,85,85,PASS,,52,15.4,66.6
30kw,300,500,1,hot,PAR,PFM,27273,830,0.585,49.4,54.7,96.8,117,117,PASS,,81,15.4,66.6
30kw,300,500,0,cold,SER,IDLE,0,650,,0,0,,,,PASS,standby
30kw,300,500,0,room,SER,IDLE,0,650,,0,0,,,,PASS,standby
30kw,300,500,0,hot,SER,IDLE,0,650,,0,0,,,,PASS,standby
30kw,300,500,0.05,cold,SER,PSM,1364,650,1.45,8.4,2.7,93.45,11,15,PASS,,11,6,13.4
30kw,300,500,0.05,room,SER,PSM,1364,650,1.45,8.4,2.7,93.44,46,51,PASS,,46,6,13.4
30kw,300,500,0.05,hot,SER,PSM,1364,650,1.45,8.4,2.7,93.44,75,80,PASS,,75,6,13.4
30kw,300,500,0.1,cold,SER,PSM,2727,650,1.45,9.9,5.5,95.81,11,17,PASS,,11,7.1,15.9
30kw,300,500,0.1,room,SER,PSM,2727,650,1.45,9.9,5.5,95.8,46,52,PASS,,46,7.1,15.9
30kw,300,500,0.1,hot,SER,PSM,2727,650,1.45,9.9,5.5,95.79,75,81,PASS,,75,7.1,15.9
30kw,300,500,0.25,cold,SER,PSM,6818,650,1.45,17.3,13.7,96.91,14,23,PASS,,13,12.4,27.7
30kw,300,500,0.25,room,SER,PSM,6818,650,1.45,17.3,13.7,96.89,49,58,PASS,,48,12.4,27.7
30kw,300,500,0.25,hot,SER,PSM,6818,650,1.45,17.3,13.7,96.87,78,87,PASS,,77,12.4,27.7
30kw,300,500,0.5,cold,SER,PSM,13636,650,1.45,31.9,27.3,96.75,21,38,PASS,,17,22.9,51
30kw,300,500,0.5,room,SER,PSM,13636,650,1.45,31.9,27.3,96.71,57,75,PASS,,52,22.9,51
30kw,300,500,0.5,hot,SER,PSM,13636,650,1.45,31.9,27.3,96.68,86,105,PASS,,81,22.9,51
30kw,300,500,0.75,cold,SER,PSM,20455,650,1.45,47,41,96.26,30,60,PASS,,22,33.7,75.2
30kw,300,500,0.75,room,SER,PSM,20455,650,1.45,47,41,96.21,67,98,PASS,,57,33.7,75.2
30kw,300,500,0.75,hot,SER,PSM,20455,650,1.45,47,41,96.16,98,130,PASS,,86,33.7,75.2
30kw,300,500,1,cold,SER,PFM,27273,650,1.422,62.3,54.7,95.54,44,83,PASS,,28,36.4,82.7
30kw,300,500,1,room,SER,PFM,27273,650,1.422,62.3,54.7,95.46,82,124,PASS,,63,36.4,82.7
30kw,300,500,1,hot,SER,PFM,27273,650,1.422,58.1,54.7,95.41,113,147,PASS,thermal derate to 93% ,91,33.9,77.1
30kw,300,750,0,cold,SER,IDLE,0,789,,0,0,,,,PASS,standby
30kw,300,750,0,room,SER,IDLE,0,789,,0,0,,,,PASS,standby
30kw,300,750,0,hot,SER,IDLE,0,789,,0,0,,,,PASS,standby
30kw,300,750,0.05,cold,SER,PFM,1364,789,1.119,15.3,2.7,92.06,11,19,PASS,,10,9.1,21.6
30kw,300,750,0.05,room,SER,PFM,1364,789,1.119,15.3,2.7,92.06,46,55,PASS,,45,9.1,21.6
30kw,300,750,0.05,hot,SER,PFM,1364,789,1.119,15.3,2.7,92.06,75,84,PASS,,74,9.1,21.6
30kw,300,750,0.1,cold,SER,PFM,2727,789,1.119,15.7,5.5,95.32,12,20,PASS,,11,9.3,22.2
30kw,300,750,0.1,room,SER,PFM,2727,789,1.119,15.7,5.5,95.31,47,55,PASS,,46,9.3,22.2
30kw,300,750,0.1,hot,SER,PFM,2727,789,1.119,15.7,5.5,95.31,76,84,PASS,,75,9.3,22.2
30kw,300,750,0.25,cold,SER,PFM,6818,789,1.118,18.3,13.7,97.12,15,22,PASS,,12,10.9,25.9
30kw,300,750,0.25,room,SER,PFM,6818,789,1.118,18.3,13.7,97.11,50,57,PASS,,47,10.9,25.9
30kw,300,750,0.25,hot,SER,PFM,6818,789,1.118,18.3,13.7,97.09,79,87,PASS,,76,10.9,25.9
30kw,300,750,0.5,cold,SER,PFM,13636,789,1.118,25.6,27.3,97.38,22,27,PASS,,14,14.2,33.8
30kw,300,750,0.5,room,SER,PFM,13636,789,1.118,25.6,27.3,97.34,58,63,PASS,,49,14.2,33.8
30kw,300,750,0.5,hot,SER,PFM,13636,789,1.118,25.6,27.3,97.31,87,93,PASS,,78,14.2,33.8
30kw,300,750,0.75,cold,SER,PFM,20455,789,1.116,34.4,41,97.21,32,34,PASS,,17,15.5,36.9
30kw,300,750,0.75,room,SER,PFM,20455,789,1.116,34.4,41,97.15,69,70,PASS,,52,15.5,36.9
30kw,300,750,0.75,hot,SER,PFM,20455,789,1.116,34.4,41,97.1,100,101,PASS,,81,15.5,36.9
30kw,300,750,1,cold,SER,PFM,27273,789,1.114,43.9,54.7,96.89,46,43,PASS,,20,17.1,40.9
30kw,300,750,1,room,SER,PFM,27273,789,1.114,43.9,54.7,96.81,84,80,PASS,,55,17.1,40.9
30kw,300,750,1,hot,SER,PFM,27273,789,1.114,43.9,54.7,96.75,116,112,PASS,,84,17.1,40.9
30kw,300,1000,0,cold,SER,IDLE,0,830,,0,0,,,,PASS,standby
30kw,300,1000,0,room,SER,IDLE,0,830,,0,0,,,,PASS,standby
30kw,300,1000,0,hot,SER,IDLE,0,830,,0,0,,,,PASS,standby
30kw,300,1000,0.05,cold,SER,PFM,1364,830,0.609,37.1,2.7,86.43,11,33,PASS,,10,12.6,52.5
30kw,300,1000,0.05,room,SER,PFM,1364,830,0.609,37.1,2.7,86.43,46,70,PASS,,45,12.6,52.5
30kw,300,1000,0.05,hot,SER,PFM,1364,830,0.609,37.1,2.7,86.42,75,101,PASS,,74,12.6,52.5
30kw,300,1000,0.1,cold,SER,PFM,2727,830,0.608,37.2,5.5,92.32,12,33,PASS,,11,12.6,52.6
30kw,300,1000,0.1,room,SER,PFM,2727,830,0.608,37.2,5.5,92.32,47,70,PASS,,46,12.6,52.6
30kw,300,1000,0.1,hot,SER,PFM,2727,830,0.608,37.2,5.5,92.31,76,101,PASS,,75,12.6,52.6
30kw,300,1000,0.25,cold,SER,PFM,6818,830,0.607,37.9,13.7,96.07,15,34,PASS,,11,12.9,53.7
30kw,300,1000,0.25,room,SER,PFM,6818,830,0.607,37.9,13.7,96.06,50,71,PASS,,46,12.9,53.7
30kw,300,1000,0.25,hot,SER,PFM,6818,830,0.607,37.9,13.7,96.04,79,102,PASS,,75,12.9,53.7
30kw,300,1000,0.5,cold,SER,PFM,13636,830,0.603,40.5,27.3,97.09,22,37,PASS,,13,13.6,57.2
30kw,300,1000,0.5,room,SER,PFM,13636,830,0.603,40.5,27.3,97.05,58,74,PASS,,48,13.6,57.2
30kw,300,1000,0.5,hot,SER,PFM,13636,830,0.603,40.5,27.3,97.02,88,105,PASS,,77,13.6,57.2
30kw,300,1000,0.75,cold,SER,PFM,20455,830,0.596,44.4,41,97.19,33,41,PASS,,15,14.8,62.8
30kw,300,1000,0.75,room,SER,PFM,20455,830,0.596,44.4,41,97.13,70,79,PASS,,50,14.8,62.8
30kw,300,1000,0.75,hot,SER,PFM,20455,830,0.596,44.4,41,97.08,100,110,PASS,,79,14.8,62.8
30kw,300,1000,1,cold,SER,PFM,27273,830,0.585,49.4,54.7,97.04,47,47,PASS,,17,15.4,66.6
30kw,300,1000,1,room,SER,PFM,27273,830,0.585,49.4,54.7,96.96,85,85,PASS,,52,15.4,66.6
30kw,300,1000,1,hot,SER,PFM,27273,830,0.585,49.4,54.7,96.9,117,117,PASS,,81,15.4,66.6
30kw,330,150,0,cold,PAR,IDLE,0,650,,0,0,,,,PASS,standby
30kw,330,150,0,room,PAR,IDLE,0,650,,0,0,,,,PASS,standby
30kw,330,150,0,hot,PAR,IDLE,0,650,,0,0,,,,PASS,standby
30kw,330,150,0.05,cold,PAR,PSM,750,650,1.45,5.5,1.4,84.01,10,34,PASS,,10,3.9,8.7
30kw,330,150,0.05,room,PAR,PSM,750,650,1.45,5.5,1.4,84.01,45,69,PASS,,45,3.9,8.7
30kw,330,150,0.05,hot,PAR,PSM,750,650,1.45,5.5,1.4,84.01,74,98,PASS,,74,3.9,8.7
30kw,330,150,0.1,cold,PAR,PSM,1500,650,1.45,7.3,2.7,90.09,11,34,PASS,,11,5.3,11.7
30kw,330,150,0.1,room,PAR,PSM,1500,650,1.45,7.3,2.7,90.09,46,69,PASS,,46,5.3,11.7
30kw,330,150,0.1,hot,PAR,PSM,1500,650,1.45,7.3,2.7,90.09,75,98,PASS,,75,5.3,11.7
30kw,330,150,0.25,cold,PAR,PSM,3750,650,1.45,14.9,6.8,93.79,12,36,PASS,,13,10.7,23.9
30kw,330,150,0.25,room,PAR,PSM,3750,650,1.45,14.9,6.8,93.78,47,71,PASS,,48,10.7,23.9
30kw,330,150,0.25,hot,PAR,PSM,3750,650,1.45,14.9,6.8,93.77,76,100,PASS,,77,10.7,23.9
30kw,330,150,0.5,cold,PAR,PSM,7500,650,1.45,28.7,13.7,94.52,14,41,PASS,,16,20.6,46
30kw,330,150,0.5,room,PAR,PSM,7500,650,1.45,28.7,13.7,94.5,49,78,PASS,,51,20.6,46
30kw,330,150,0.5,hot,PAR,PSM,7500,650,1.45,28.7,13.7,94.49,78,107,PASS,,80,20.6,46
30kw,330,150,0.75,cold,PAR,PSM,11250,650,1.45,42.8,20.5,94.32,17,53,PASS,,21,30.7,68.4
30kw,330,150,0.75,room,PAR,PSM,11250,650,1.45,42.8,20.5,94.29,53,91,PASS,,56,30.7,68.4
30kw,330,150,0.75,hot,PAR,PSM,11250,650,1.45,42.8,20.5,94.27,82,122,PASS,,85,30.7,68.4
30kw,330,150,1,cold,PAR,PSM,15000,650,1.45,56.9,27.3,93.88,21,79,PASS,,26,40.8,91
30kw,330,150,1,room,PAR,PSM,15000,650,1.45,56.9,27.3,93.85,57,119,PASS,,61,40.8,91
30kw,330,150,1,hot,PAR,PSM,15000,650,1.45,52.9,27.3,93.89,86,142,PASS,thermal derate to 93% ,89,38,84.7
30kw,330,200,0,cold,PAR,IDLE,0,650,,0,0,,,,PASS,standby
30kw,330,200,0,room,PAR,IDLE,0,650,,0,0,,,,PASS,standby
30kw,330,200,0,hot,PAR,IDLE,0,650,,0,0,,,,PASS,standby
30kw,330,200,0.05,cold,PAR,PSM,1000,650,1.45,6.8,1.8,91.44,10,14,PASS,,10,4.9,10.9
30kw,330,200,0.05,room,PAR,PSM,1000,650,1.45,6.8,1.8,91.44,45,49,PASS,,45,4.9,10.9
30kw,330,200,0.05,hot,PAR,PSM,1000,650,1.45,6.8,1.8,91.44,74,78,PASS,,74,4.9,10.9
30kw,330,200,0.1,cold,PAR,PSM,2000,650,1.45,8.4,3.6,94.51,11,15,PASS,,11,6,13.5
30kw,330,200,0.1,room,PAR,PSM,2000,650,1.45,8.4,3.6,94.5,46,51,PASS,,46,6,13.5
30kw,330,200,0.1,hot,PAR,PSM,2000,650,1.45,8.4,3.6,94.5,75,80,PASS,,75,6,13.5
30kw,330,200,0.25,cold,PAR,PSM,5000,650,1.45,15.5,9.1,96.09,12,21,PASS,,13,11.1,24.8
30kw,330,200,0.25,room,PAR,PSM,5000,650,1.45,15.5,9.1,96.08,48,56,PASS,,48,11.1,24.8
30kw,330,200,0.25,hot,PAR,PSM,5000,650,1.45,15.5,9.1,96.07,77,86,PASS,,77,11.1,24.8
30kw,330,200,0.5,cold,PAR,PSM,10000,650,1.45,29,18.2,96.12,16,35,PASS,,16,20.8,46.4
30kw,330,200,0.5,room,PAR,PSM,10000,650,1.45,29,18.2,96.1,51,71,PASS,,51,20.8,46.4
30kw,330,200,0.5,hot,PAR,PSM,10000,650,1.45,29,18.2,96.08,81,101,PASS,,80,20.8,46.4
30kw,330,200,0.75,cold,PAR,PSM,15000,650,1.45,43,27.3,95.74,21,54,PASS,,21,30.8,68.8
30kw,330,200,0.75,room,PAR,PSM,15000,650,1.45,43,27.3,95.71,57,91,PASS,,56,30.8,68.8
30kw,330,200,0.75,hot,PAR,PSM,15000,650,1.45,43,27.3,95.68,86,122,PASS,,85,30.8,68.8
30kw,330,200,1,cold,PAR,PSM,20000,650,1.45,57,36.4,95.26,27,79,PASS,,26,40.9,91.2
30kw,330,200,1,room,PAR,PSM,20000,650,1.45,57,36.4,95.22,63,119,PASS,,61,40.9,91.2
30kw,330,200,1,hot,PAR,PSM,20000,650,1.45,53.1,36.4,95.23,93,143,PASS,thermal derate to 93% ,89,38.1,84.9
30kw,330,250,0,cold,PAR,IDLE,0,650,,0,0,,,,PASS,standby
30kw,330,250,0,room,PAR,IDLE,0,650,,0,0,,,,PASS,standby
30kw,330,250,0,hot,PAR,IDLE,0,650,,0,0,,,,PASS,standby
30kw,330,250,0.05,cold,PAR,PSM,1250,650,1.45,8.3,2.3,92.84,11,15,PASS,,10,5.9,13.2
30kw,330,250,0.05,room,PAR,PSM,1250,650,1.45,8.3,2.3,92.84,46,50,PASS,,45,5.9,13.2
30kw,330,250,0.05,hot,PAR,PSM,1250,650,1.45,8.3,2.3,92.84,75,80,PASS,,74,5.9,13.2
30kw,330,250,0.1,cold,PAR,PSM,2500,650,1.45,9.6,4.6,95.43,11,16,PASS,,11,6.9,15.4
30kw,330,250,0.1,room,PAR,PSM,2500,650,1.45,9.6,4.6,95.42,46,51,PASS,,46,6.9,15.4
30kw,330,250,0.1,hot,PAR,PSM,2500,650,1.45,9.6,4.6,95.42,75,81,PASS,,75,6.9,15.4
30kw,330,250,0.25,cold,PAR,PSM,6250,650,1.45,16.2,11.4,96.72,13,22,PASS,,13,11.6,25.9
30kw,330,250,0.25,room,PAR,PSM,6250,650,1.45,16.2,11.4,96.71,48,57,PASS,,48,11.6,25.9
30kw,330,250,0.25,hot,PAR,PSM,6250,650,1.45,16.2,11.4,96.69,77,86,PASS,,77,11.6,25.9
30kw,330,250,0.5,cold,PAR,PSM,12500,650,1.45,29.4,22.8,96.69,18,35,PASS,,16,21.1,47
30kw,330,250,0.5,room,PAR,PSM,12500,650,1.45,29.4,22.8,96.66,54,71,PASS,,51,21.1,47
30kw,330,250,0.5,hot,PAR,PSM,12500,650,1.45,29.4,22.8,96.64,83,101,PASS,,80,21.1,47
30kw,330,250,0.75,cold,PAR,PSM,18750,650,1.45,43.2,34.2,96.32,25,54,PASS,,21,31,69.2
30kw,330,250,0.75,room,PAR,PSM,18750,650,1.45,43.2,34.2,96.27,61,92,PASS,,56,31,69.2
30kw,330,250,0.75,hot,PAR,PSM,18750,650,1.45,43.2,34.2,96.24,91,123,PASS,,85,31,69.2
30kw,330,250,1,cold,PAR,PFM,25000,650,1.443,57.2,45.5,95.7,34,73,PASS,,26,33.9,76
30kw,330,250,1,room,PAR,PFM,25000,650,1.443,57.2,45.5,95.64,72,113,PASS,,61,33.9,76
30kw,330,250,1,hot,PAR,PFM,25000,650,1.443,57.2,45.5,95.59,102,146,PASS,,90,33.9,76
30kw,330,300,0,cold,PAR,IDLE,0,650,,0,0,,,,PASS,standby
30kw,330,300,0,room,PAR,IDLE,0,650,,0,0,,,,PASS,standby
30kw,330,300,0,hot,PAR,IDLE,0,650,,0,0,,,,PASS,standby
30kw,330,300,0.05,cold,PAR,PFM,1500,650,1.191,11.7,2.7,93.47,11,16,PASS,,10,6.1,16.6
30kw,330,300,0.05,room,PAR,PFM,1500,650,1.191,11.7,2.7,93.47,46,51,PASS,,45,6.1,16.6
30kw,330,300,0.05,hot,PAR,PFM,1500,650,1.191,11.7,2.7,93.47,75,80,PASS,,74,6.1,16.6
30kw,330,300,0.1,cold,PAR,PFM,3000,650,1.191,12.7,5.5,95.86,11,17,PASS,,11,6.6,18
30kw,330,300,0.1,room,PAR,PFM,3000,650,1.191,12.7,5.5,95.85,46,52,PASS,,46,6.6,18
30kw,330,300,0.1,hot,PAR,PFM,3000,650,1.191,12.7,5.5,95.85,75,81,PASS,,75,6.6,18
30kw,330,300,0.25,cold,PAR,PFM,7500,650,1.189,18.2,13.7,97.02,14,21,PASS,,13,9.5,25.7
30kw,330,300,0.25,room,PAR,PFM,7500,650,1.189,18.2,13.7,97.01,49,56,PASS,,48,9.5,25.7
30kw,330,300,0.25,hot,PAR,PFM,7500,650,1.189,18.2,13.7,96.99,78,85,PASS,,77,9.5,25.7
30kw,330,300,0.5,cold,PAR,PFM,15000,650,1.182,30.6,27.3,97.05,21,28,PASS,,16,11.9,32.5
30kw,330,300,0.5,room,PAR,PFM,15000,650,1.182,30.6,27.3,97.01,57,64,PASS,,51,11.9,32.5
30kw,330,300,0.5,hot,PAR,PFM,15000,650,1.182,30.6,27.3,96.98,86,94,PASS,,80,11.9,32.5
30kw,330,300,0.75,cold,PAR,PFM,22500,650,1.173,44.1,41,96.69,30,41,PASS,,21,14.9,41.1
30kw,330,300,0.75,room,PAR,PFM,22500,650,1.173,44.1,41,96.64,67,79,PASS,,56,14.9,41.1
30kw,330,300,0.75,hot,PAR,PFM,22500,650,1.173,44.1,41,96.6,98,110,PASS,,85,14.9,41.1
30kw,330,300,1,cold,PAR,PFM,30000,650,1.162,57.9,54.7,96.24,44,60,PASS,,26,18.2,50.8
30kw,330,300,1,room,PAR,PFM,30000,650,1.162,57.9,54.7,96.17,82,100,PASS,,61,18.2,50.8
30kw,330,300,1,hot,PAR,PFM,30000,650,1.162,57.9,54.7,96.11,113,133,PASS,,90,18.2,50.8
30kw,330,400,0,cold,PAR,IDLE,0,830,,0,0,,,,PASS,standby
30kw,330,400,0,room,PAR,IDLE,0,830,,0,0,,,,PASS,standby
30kw,330,400,0,hot,PAR,IDLE,0,830,,0,0,,,,PASS,standby
30kw,330,400,0.05,cold,PAR,PFM,1500,830,1.084,16.8,2.7,92.14,11,21,PASS,,10,10.2,23.7
30kw,330,400,0.05,room,PAR,PFM,1500,830,1.084,16.8,2.7,92.13,46,56,PASS,,45,10.2,23.7
30kw,330,400,0.05,hot,PAR,PFM,1500,830,1.084,16.8,2.7,92.13,75,85,PASS,,74,10.2,23.7
30kw,330,400,0.1,cold,PAR,PFM,3000,830,1.084,17.2,5.5,95.33,12,21,PASS,,11,10.4,24.3
30kw,330,400,0.1,room,PAR,PFM,3000,830,1.084,17.2,5.5,95.32,47,56,PASS,,46,10.4,24.3
30kw,330,400,0.1,hot,PAR,PFM,3000,830,1.084,17.2,5.5,95.32,76,86,PASS,,75,10.4,24.3
30kw,330,400,0.25,cold,PAR,PFM,7500,830,1.084,19.8,13.7,97.11,15,23,PASS,,12,12,27.9
30kw,330,400,0.25,room,PAR,PFM,7500,830,1.084,19.8,13.7,97.09,50,59,PASS,,47,12,27.9
30kw,330,400,0.25,hot,PAR,PFM,7500,830,1.084,19.8,13.7,97.08,79,88,PASS,,76,12,27.9
30kw,330,400,0.5,cold,PAR,PFM,15000,830,1.083,27,27.3,97.37,22,29,PASS,,15,15.4,36.1
30kw,330,400,0.5,room,PAR,PFM,15000,830,1.083,27,27.3,97.33,58,65,PASS,,50,15.4,36.1
30kw,330,400,0.5,hot,PAR,PFM,15000,830,1.083,27,27.3,97.3,88,95,PASS,,79,15.4,36.1
30kw,330,400,0.75,cold,PAR,PFM,22500,830,1.082,36,41,97.23,33,36,PASS,,17,16.4,38.4
30kw,330,400,0.75,room,PAR,PFM,22500,830,1.082,36,41,97.17,70,72,PASS,,52,16.4,38.4
30kw,330,400,0.75,hot,PAR,PFM,22500,830,1.082,36,41,97.13,100,103,PASS,,81,16.4,38.4
30kw,330,400,1,cold,PAR,PFM,30000,830,1.081,45.7,54.7,96.94,47,45,PASS,,21,17.7,41.4
30kw,330,400,1,room,PAR,PFM,30000,830,1.081,45.7,54.7,96.86,85,83,PASS,,56,17.7,41.4
30kw,330,400,1,hot,PAR,PFM,30000,830,1.081,45.7,54.7,96.8,117,114,PASS,,85,17.7,41.4
30kw,330,500,0,cold,PAR,IDLE,0,830,,0,0,,,,PASS,standby
30kw,330,500,0,room,PAR,IDLE,0,830,,0,0,,,,PASS,standby
30kw,330,500,0,hot,PAR,IDLE,0,830,,0,0,,,,PASS,standby
30kw,330,500,0.05,cold,PAR,PFM,1500,830,0.609,37.1,2.7,87.38,11,33,PASS,,10,12.6,52.5
30kw,330,500,0.05,room,PAR,PFM,1500,830,0.609,37.1,2.7,87.38,46,70,PASS,,45,12.6,52.5
30kw,330,500,0.05,hot,PAR,PFM,1500,830,0.609,37.1,2.7,87.38,75,101,PASS,,74,12.6,52.5
30kw,330,500,0.1,cold,PAR,PFM,3000,830,0.608,37.2,5.5,92.82,12,33,PASS,,11,12.7,52.7
30kw,330,500,0.1,room,PAR,PFM,3000,830,0.608,37.2,5.5,92.82,47,70,PASS,,46,12.7,52.7
30kw,330,500,0.1,hot,PAR,PFM,3000,830,0.608,37.2,5.5,92.81,76,101,PASS,,75,12.7,52.7
30kw,330,500,0.25,cold,PAR,PFM,7500,830,0.607,38.1,13.7,96.24,15,34,PASS,,12,12.9,53.9
30kw,330,500,0.25,room,PAR,PFM,7500,830,0.607,38.1,13.7,96.22,50,71,PASS,,47,12.9,53.9
30kw,330,500,0.25,hot,PAR,PFM,7500,830,0.607,38.1,13.7,96.21,79,102,PASS,,76,12.9,53.9
30kw,330,500,0.5,cold,PAR,PFM,15000,830,0.602,41.1,27.3,97.14,22,37,PASS,,13,13.8,58.2
30kw,330,500,0.5,room,PAR,PFM,15000,830,0.602,41.1,27.3,97.11,58,75,PASS,,48,13.8,58.2
30kw,330,500,0.5,hot,PAR,PFM,15000,830,0.602,41.1,27.3,97.08,88,106,PASS,,77,13.8,58.2
30kw,330,500,0.75,cold,PAR,PFM,22500,830,0.593,45.8,41,97.2,33,43,PASS,,16,15.2,64.8
30kw,330,500,0.75,room,PAR,PFM,22500,830,0.593,45.8,41,97.15,70,81,PASS,,51,15.2,64.8
30kw,330,500,0.75,hot,PAR,PFM,22500,830,0.593,45.8,41,97.11,100,112,PASS,,80,15.2,64.8
30kw,330,500,1,cold,PAR,PFM,30000,830,0.579,51.7,54.7,97.07,47,49,PASS,,18,14.8,64.7
30kw,330,500,1,room,PAR,PFM,30000,830,0.579,51.7,54.7,96.99,85,88,PASS,,53,14.8,64.7
30kw,330,500,1,hot,PAR,PFM,30000,830,0.579,51.7,54.7,96.93,117,120,PASS,,82,14.8,64.7
30kw,330,500,0,cold,SER,IDLE,0,650,,0,0,,,,PASS,standby
30kw,330,500,0,room,SER,IDLE,0,650,,0,0,,,,PASS,standby
30kw,330,500,0,hot,SER,IDLE,0,650,,0,0,,,,PASS,standby
30kw,330,500,0.05,cold,SER,PSM,1500,650,1.45,8.5,2.7,93.89,11,16,PASS,,11,6.1,13.6
30kw,330,500,0.05,room,SER,PSM,1500,650,1.45,8.5,2.7,93.89,46,51,PASS,,46,6.1,13.6
30kw,330,500,0.05,hot,SER,PSM,1500,650,1.45,8.5,2.7,93.89,75,80,PASS,,75,6.1,13.6
30kw,330,500,0.1,cold,SER,PSM,3000,650,1.45,10.3,5.5,96.03,11,17,PASS,,11,7.4,16.5
30kw,330,500,0.1,room,SER,PSM,3000,650,1.45,10.3,5.5,96.03,46,52,PASS,,46,7.4,16.5
30kw,330,500,0.1,hot,SER,PSM,3000,650,1.45,10.3,5.5,96.02,75,81,PASS,,75,7.4,16.5
30kw,330,500,0.25,cold,SER,PSM,7500,650,1.45,18.7,13.7,96.98,14,24,PASS,,13,13.4,29.9
30kw,330,500,0.25,room,SER,PSM,7500,650,1.45,18.7,13.7,96.96,49,59,PASS,,48,13.4,29.9
30kw,330,500,0.25,hot,SER,PSM,7500,650,1.45,18.7,13.7,96.95,78,89,PASS,,77,13.4,29.9
30kw,330,500,0.5,cold,SER,PSM,15000,650,1.45,34.9,27.3,96.75,21,42,PASS,,18,25,55.8
30kw,330,500,0.5,room,SER,PSM,15000,650,1.45,34.9,27.3,96.72,57,79,PASS,,53,25,55.8
30kw,330,500,0.5,hot,SER,PSM,15000,650,1.45,34.9,27.3,96.69,86,109,PASS,,82,25,55.8
30kw,330,500,0.75,cold,SER,PSM,22500,650,1.45,51.6,41,96.24,30,68,PASS,,24,37,82.6
30kw,330,500,0.75,room,SER,PSM,22500,650,1.45,51.6,41,96.19,67,107,PASS,,59,37,82.6
30kw,330,500,0.75,hot,SER,PSM,22500,650,1.45,51.6,41,96.14,98,139,PASS,,88,37,82.6
30kw,330,500,1,cold,SER,PFM,30000,650,1.398,68.5,54.7,95.5,44,97,PASS,,31,39.2,90.7
30kw,330,500,1,room,SER,PFM,30000,650,1.398,68.5,54.7,95.43,82,139,PASS,,66,39.2,90.7
30kw,330,500,1,hot,SER,PFM,30000,650,1.398,59.4,54.7,95.41,113,150,PASS,thermal derate to 86% ,91,34.1,78.9
30kw,330,750,0,cold,SER,IDLE,0,789,,0,0,,,,PASS,standby
30kw,330,750,0,room,SER,IDLE,0,789,,0,0,,,,PASS,standby
30kw,330,750,0,hot,SER,IDLE,0,789,,0,0,,,,PASS,standby
30kw,330,750,0.05,cold,SER,PFM,1500,789,1.119,15.3,2.7,92.66,11,19,PASS,,10,9.1,21.6
30kw,330,750,0.05,room,SER,PFM,1500,789,1.119,15.3,2.7,92.66,46,55,PASS,,45,9.1,21.6
30kw,330,750,0.05,hot,SER,PFM,1500,789,1.119,15.3,2.7,92.66,75,84,PASS,,74,9.1,21.6
30kw,330,750,0.1,cold,SER,PFM,3000,789,1.119,15.8,5.5,95.64,12,20,PASS,,11,9.4,22.3
30kw,330,750,0.1,room,SER,PFM,3000,789,1.119,15.8,5.5,95.63,47,55,PASS,,46,9.4,22.3
30kw,330,750,0.1,hot,SER,PFM,3000,789,1.119,15.8,5.5,95.63,76,84,PASS,,75,9.4,22.3
30kw,330,750,0.25,cold,SER,PFM,7500,789,1.118,18.9,13.7,97.26,15,22,PASS,,12,11.2,26.7
30kw,330,750,0.25,room,SER,PFM,7500,789,1.118,18.9,13.7,97.24,50,58,PASS,,47,11.2,26.7
30kw,330,750,0.25,hot,SER,PFM,7500,789,1.118,18.9,13.7,97.22,79,87,PASS,,76,11.2,26.7
30kw,330,750,0.5,cold,SER,PFM,15000,789,1.117,27.3,27.3,97.46,22,28,PASS,,15,14.4,34.3
30kw,330,750,0.5,room,SER,PFM,15000,789,1.117,27.3,27.3,97.43,58,64,PASS,,50,14.4,34.3
30kw,330,750,0.5,hot,SER,PFM,15000,789,1.117,27.3,27.3,97.4,87,94,PASS,,79,14.4,34.3
30kw,330,750,0.75,cold,SER,PFM,22500,789,1.115,37.2,41,97.27,32,36,PASS,,18,15.9,38
30kw,330,750,0.75,room,SER,PFM,22500,789,1.115,37.2,41,97.22,69,73,PASS,,53,15.9,38
30kw,330,750,0.75,hot,SER,PFM,22500,789,1.115,37.2,41,97.17,100,104,PASS,,82,15.9,38
30kw,330,750,1,cold,SER,PFM,30000,789,1.113,47.8,54.7,96.95,46,47,PASS,,22,17.8,42.7
30kw,330,750,1,room,SER,PFM,30000,789,1.113,47.8,54.7,96.87,84,85,PASS,,57,17.8,42.7
30kw,330,750,1,hot,SER,PFM,30000,789,1.113,47.8,54.7,96.81,116,117,PASS,,86,17.8,42.7
30kw,330,1000,0,cold,SER,IDLE,0,830,,0,0,,,,PASS,standby
30kw,330,1000,0,room,SER,IDLE,0,830,,0,0,,,,PASS,standby
30kw,330,1000,0,hot,SER,IDLE,0,830,,0,0,,,,PASS,standby
30kw,330,1000,0.05,cold,SER,PFM,1500,830,0.609,37.1,2.7,87.46,11,33,PASS,,10,12.6,52.5
30kw,330,1000,0.05,room,SER,PFM,1500,830,0.609,37.1,2.7,87.46,46,70,PASS,,45,12.6,52.5
30kw,330,1000,0.05,hot,SER,PFM,1500,830,0.609,37.1,2.7,87.46,75,101,PASS,,74,12.6,52.5
30kw,330,1000,0.1,cold,SER,PFM,3000,830,0.608,37.2,5.5,92.91,12,33,PASS,,11,12.7,52.7
30kw,330,1000,0.1,room,SER,PFM,3000,830,0.608,37.2,5.5,92.91,47,70,PASS,,46,12.7,52.7
30kw,330,1000,0.1,hot,SER,PFM,3000,830,0.608,37.2,5.5,92.9,76,101,PASS,,75,12.7,52.7
30kw,330,1000,0.25,cold,SER,PFM,7500,830,0.607,38.1,13.7,96.34,15,34,PASS,,12,12.9,53.9
30kw,330,1000,0.25,room,SER,PFM,7500,830,0.607,38.1,13.7,96.32,50,71,PASS,,47,12.9,53.9
30kw,330,1000,0.25,hot,SER,PFM,7500,830,0.607,38.1,13.7,96.31,79,102,PASS,,76,12.9,53.9
30kw,330,1000,0.5,cold,SER,PFM,15000,830,0.602,41.1,27.3,97.24,22,37,PASS,,13,13.8,58.2
30kw,330,1000,0.5,room,SER,PFM,15000,830,0.602,41.1,27.3,97.21,58,75,PASS,,48,13.8,58.2
30kw,330,1000,0.5,hot,SER,PFM,15000,830,0.602,41.1,27.3,97.18,88,106,PASS,,77,13.8,58.2
30kw,330,1000,0.75,cold,SER,PFM,22500,830,0.593,45.8,41,97.3,33,43,PASS,,16,15.2,64.8
30kw,330,1000,0.75,room,SER,PFM,22500,830,0.593,45.8,41,97.25,70,81,PASS,,51,15.2,64.8
30kw,330,1000,0.75,hot,SER,PFM,22500,830,0.593,45.8,41,97.21,100,112,PASS,,80,15.2,64.8
30kw,330,1000,1,cold,SER,PFM,30000,830,0.579,51.7,54.7,97.16,47,49,PASS,,18,14.8,64.7
30kw,330,1000,1,room,SER,PFM,30000,830,0.579,51.7,54.7,97.09,85,88,PASS,,53,14.8,64.7
30kw,330,1000,1,hot,SER,PFM,30000,830,0.579,51.7,54.7,97.03,117,120,PASS,,82,14.8,64.7
30kw,400,150,0,cold,PAR,IDLE,0,650,,0,0,,,,PASS,standby
30kw,400,150,0,room,PAR,IDLE,0,650,,0,0,,,,PASS,standby
30kw,400,150,0,hot,PAR,IDLE,0,650,,0,0,,,,PASS,standby
30kw,400,150,0.05,cold,PAR,PSM,750,650,1.45,5.5,1.1,84.02,10,34,PASS,,10,3.9,8.7
30kw,400,150,0.05,room,PAR,PSM,750,650,1.45,5.5,1.1,84.02,45,69,PASS,,45,3.9,8.7
30kw,400,150,0.05,hot,PAR,PSM,750,650,1.45,5.5,1.1,84.02,74,98,PASS,,74,3.9,8.7
30kw,400,150,0.1,cold,PAR,PSM,1500,650,1.45,7.3,2.3,90.11,11,34,PASS,,11,5.3,11.7
30kw,400,150,0.1,room,PAR,PSM,1500,650,1.45,7.3,2.3,90.11,46,69,PASS,,46,5.3,11.7
30kw,400,150,0.1,hot,PAR,PSM,1500,650,1.45,7.3,2.3,90.11,75,98,PASS,,75,5.3,11.7
30kw,400,150,0.25,cold,PAR,PSM,3750,650,1.45,14.9,5.6,93.83,11,36,PASS,,13,10.7,23.9
30kw,400,150,0.25,room,PAR,PSM,3750,650,1.45,14.9,5.6,93.83,46,71,PASS,,48,10.7,23.9
30kw,400,150,0.25,hot,PAR,PSM,3750,650,1.45,14.9,5.6,93.82,75,100,PASS,,77,10.7,23.9
30kw,400,150,0.5,cold,PAR,PSM,7500,650,1.45,28.7,11.3,94.6,13,41,PASS,,16,20.6,46
30kw,400,150,0.5,room,PAR,PSM,7500,650,1.45,28.7,11.3,94.58,48,78,PASS,,51,20.6,46
30kw,400,150,0.5,hot,PAR,PSM,7500,650,1.45,28.7,11.3,94.58,77,107,PASS,,80,20.6,46
30kw,400,150,0.75,cold,PAR,PSM,11250,650,1.45,42.8,16.9,94.42,15,53,PASS,,21,30.7,68.4
30kw,400,150,0.75,room,PAR,PSM,11250,650,1.45,42.8,16.9,94.41,51,91,PASS,,56,30.7,68.4
30kw,400,150,0.75,hot,PAR,PSM,11250,650,1.45,42.8,16.9,94.39,80,122,PASS,,85,30.7,68.4
30kw,400,150,1,cold,PAR,PSM,15000,650,1.45,56.9,22.5,94.02,18,79,PASS,,26,40.8,91
30kw,400,150,1,room,PAR,PSM,15000,650,1.45,56.9,22.5,94,54,119,PASS,,61,40.8,91
30kw,400,150,1,hot,PAR,PSM,15000,650,1.45,52.9,22.5,94.06,83,142,PASS,thermal derate to 93% ,89,38,84.7
30kw,400,200,0,cold,PAR,IDLE,0,650,,0,0,,,,PASS,standby
30kw,400,200,0,room,PAR,IDLE,0,650,,0,0,,,,PASS,standby
30kw,400,200,0,hot,PAR,IDLE,0,650,,0,0,,,,PASS,standby
30kw,400,200,0.05,cold,PAR,PSM,1000,650,1.45,6.8,1.5,91.46,10,14,PASS,,10,4.9,10.9
30kw,400,200,0.05,room,PAR,PSM,1000,650,1.45,6.8,1.5,91.46,45,49,PASS,,45,4.9,10.9
30kw,400,200,0.05,hot,PAR,PSM,1000,650,1.45,6.8,1.5,91.46,74,78,PASS,,74,4.9,10.9
30kw,400,200,0.1,cold,PAR,PSM,2000,650,1.45,8.4,3,94.53,11,15,PASS,,11,6,13.5
30kw,400,200,0.1,room,PAR,PSM,2000,650,1.45,8.4,3,94.53,46,51,PASS,,46,6,13.5
30kw,400,200,0.1,hot,PAR,PSM,2000,650,1.45,8.4,3,94.53,75,80,PASS,,75,6,13.5
30kw,400,200,0.25,cold,PAR,PSM,5000,650,1.45,15.5,7.5,96.14,12,21,PASS,,13,11.1,24.8
30kw,400,200,0.25,room,PAR,PSM,5000,650,1.45,15.5,7.5,96.13,47,56,PASS,,48,11.1,24.8
30kw,400,200,0.25,hot,PAR,PSM,5000,650,1.45,15.5,7.5,96.13,76,86,PASS,,77,11.1,24.8
30kw,400,200,0.5,cold,PAR,PSM,10000,650,1.45,29,15,96.22,15,35,PASS,,16,20.8,46.4
30kw,400,200,0.5,room,PAR,PSM,10000,650,1.45,29,15,96.21,50,71,PASS,,51,20.8,46.4
30kw,400,200,0.5,hot,PAR,PSM,10000,650,1.45,29,15,96.19,79,101,PASS,,80,20.8,46.4
30kw,400,200,0.75,cold,PAR,PSM,15000,650,1.45,43,22.5,95.88,18,54,PASS,,21,30.8,68.8
30kw,400,200,0.75,room,PAR,PSM,15000,650,1.45,43,22.5,95.86,54,91,PASS,,56,30.8,68.8
30kw,400,200,0.75,hot,PAR,PSM,15000,650,1.45,43,22.5,95.84,83,122,PASS,,85,30.8,68.8
30kw,400,200,1,cold,PAR,PSM,20000,650,1.45,57,30.1,95.45,23,79,PASS,,26,40.9,91.2
30kw,400,200,1,room,PAR,PSM,20000,650,1.45,57,30.1,95.42,58,119,PASS,,61,40.9,91.2
30kw,400,200,1,hot,PAR,PSM,20000,650,1.45,53.1,30.1,95.46,88,143,PASS,thermal derate to 93% ,89,38.1,84.9
30kw,400,250,0,cold,PAR,IDLE,0,650,,0,0,,,,PASS,standby
30kw,400,250,0,room,PAR,IDLE,0,650,,0,0,,,,PASS,standby
30kw,400,250,0,hot,PAR,IDLE,0,650,,0,0,,,,PASS,standby
30kw,400,250,0.05,cold,PAR,PSM,1250,650,1.45,8.3,1.9,92.86,10,15,PASS,,10,5.9,13.2
30kw,400,250,0.05,room,PAR,PSM,1250,650,1.45,8.3,1.9,92.86,45,50,PASS,,45,5.9,13.2
30kw,400,250,0.05,hot,PAR,PSM,1250,650,1.45,8.3,1.9,92.86,74,80,PASS,,74,5.9,13.2
30kw,400,250,0.1,cold,PAR,PSM,2500,650,1.45,9.6,3.8,95.46,11,16,PASS,,11,6.9,15.4
30kw,400,250,0.1,room,PAR,PSM,2500,650,1.45,9.6,3.8,95.46,46,51,PASS,,46,6.9,15.4
30kw,400,250,0.1,hot,PAR,PSM,2500,650,1.45,9.6,3.8,95.45,75,81,PASS,,75,6.9,15.4
30kw,400,250,0.25,cold,PAR,PSM,6250,650,1.45,16.2,9.4,96.79,13,22,PASS,,13,11.6,25.9
30kw,400,250,0.25,room,PAR,PSM,6250,650,1.45,16.2,9.4,96.78,48,57,PASS,,48,11.6,25.9
30kw,400,250,0.25,hot,PAR,PSM,6250,650,1.45,16.2,9.4,96.77,77,86,PASS,,77,11.6,25.9
30kw,400,250,0.5,cold,PAR,PSM,12500,650,1.45,29.4,18.8,96.81,16,35,PASS,,16,21.1,47
30kw,400,250,0.5,room,PAR,PSM,12500,650,1.45,29.4,18.8,96.79,52,71,PASS,,51,21.1,47
30kw,400,250,0.5,hot,PAR,PSM,12500,650,1.45,29.4,18.8,96.78,81,101,PASS,,80,21.1,47
30kw,400,250,0.75,cold,PAR,PSM,18750,650,1.45,43.2,28.2,96.49,21,54,PASS,,21,31,69.2
30kw,400,250,0.75,room,PAR,PSM,18750,650,1.45,43.2,28.2,96.46,57,92,PASS,,56,31,69.2
30kw,400,250,0.75,hot,PAR,PSM,18750,650,1.45,43.2,28.2,96.44,87,123,PASS,,85,31,69.2
30kw,400,250,1,cold,PAR,PFM,25000,650,1.443,57.2,37.6,95.93,28,73,PASS,,26,33.9,76
30kw,400,250,1,room,PAR,PFM,25000,650,1.443,57.2,37.6,95.89,64,113,PASS,,61,33.9,76
30kw,400,250,1,hot,PAR,PFM,25000,650,1.443,57.2,37.6,95.86,94,146,PASS,,90,33.9,76
30kw,400,300,0,cold,PAR,IDLE,0,650,,0,0,,,,PASS,standby
30kw,400,300,0,room,PAR,IDLE,0,650,,0,0,,,,PASS,standby
30kw,400,300,0,hot,PAR,IDLE,0,650,,0,0,,,,PASS,standby
30kw,400,300,0.05,cold,PAR,PFM,1500,650,1.191,11.7,2.3,93.5,11,16,PASS,,10,6.1,16.6
30kw,400,300,0.05,room,PAR,PFM,1500,650,1.191,11.7,2.3,93.49,46,51,PASS,,45,6.1,16.6
30kw,400,300,0.05,hot,PAR,PFM,1500,650,1.191,11.7,2.3,93.49,75,80,PASS,,74,6.1,16.6
30kw,400,300,0.1,cold,PAR,PFM,3000,650,1.191,12.7,4.5,95.9,11,17,PASS,,11,6.6,18
30kw,400,300,0.1,room,PAR,PFM,3000,650,1.191,12.7,4.5,95.89,46,52,PASS,,46,6.6,18
30kw,400,300,0.1,hot,PAR,PFM,3000,650,1.191,12.7,4.5,95.89,75,81,PASS,,75,6.6,18
30kw,400,300,0.25,cold,PAR,PFM,7500,650,1.189,18.2,11.3,97.1,13,21,PASS,,13,9.5,25.7
30kw,400,300,0.25,room,PAR,PFM,7500,650,1.189,18.2,11.3,97.09,48,56,PASS,,48,9.5,25.7
30kw,400,300,0.25,hot,PAR,PFM,7500,650,1.189,18.2,11.3,97.08,77,85,PASS,,77,9.5,25.7
30kw,400,300,0.5,cold,PAR,PFM,15000,650,1.182,30.6,22.5,97.19,18,28,PASS,,16,11.9,32.5
30kw,400,300,0.5,room,PAR,PFM,15000,650,1.182,30.6,22.5,97.17,54,64,PASS,,51,11.9,32.5
30kw,400,300,0.5,hot,PAR,PFM,15000,650,1.182,30.6,22.5,97.15,83,94,PASS,,80,11.9,32.5
30kw,400,300,0.75,cold,PAR,PFM,22500,650,1.173,44.1,33.8,96.91,25,41,PASS,,21,14.9,41.1
30kw,400,300,0.75,room,PAR,PFM,22500,650,1.173,44.1,33.8,96.87,61,79,PASS,,56,14.9,41.1
30kw,400,300,0.75,hot,PAR,PFM,22500,650,1.173,44.1,33.8,96.84,91,110,PASS,,85,14.9,41.1
30kw,400,300,1,cold,PAR,PFM,30000,650,1.162,57.9,45.1,96.53,34,60,PASS,,26,18.2,50.8
30kw,400,300,1,room,PAR,PFM,30000,650,1.162,57.9,45.1,96.48,71,100,PASS,,61,18.2,50.8
30kw,400,300,1,hot,PAR,PFM,30000,650,1.162,57.9,45.1,96.44,102,133,PASS,,90,18.2,50.8
30kw,400,400,0,cold,PAR,IDLE,0,830,,0,0,,,,PASS,standby
30kw,400,400,0,room,PAR,IDLE,0,830,,0,0,,,,PASS,standby
30kw,400,400,0,hot,PAR,IDLE,0,830,,0,0,,,,PASS,standby
30kw,400,400,0.05,cold,PAR,PFM,1500,830,1.084,16.8,2.3,92.16,11,21,PASS,,10,10.2,23.7
30kw,400,400,0.05,room,PAR,PFM,1500,830,1.084,16.8,2.3,92.16,46,56,PASS,,45,10.2,23.7
30kw,400,400,0.05,hot,PAR,PFM,1500,830,1.084,16.8,2.3,92.16,75,85,PASS,,74,10.2,23.7
30kw,400,400,0.1,cold,PAR,PFM,3000,830,1.084,17.2,4.5,95.37,11,21,PASS,,11,10.4,24.3
30kw,400,400,0.1,room,PAR,PFM,3000,830,1.084,17.2,4.5,95.36,46,56,PASS,,46,10.4,24.3
30kw,400,400,0.1,hot,PAR,PFM,3000,830,1.084,17.2,4.5,95.36,75,86,PASS,,75,10.4,24.3
30kw,400,400,0.25,cold,PAR,PFM,7500,830,1.084,19.8,11.3,97.19,14,23,PASS,,12,12,27.9
30kw,400,400,0.25,room,PAR,PFM,7500,830,1.084,19.8,11.3,97.18,49,59,PASS,,47,12,27.9
30kw,400,400,0.25,hot,PAR,PFM,7500,830,1.084,19.8,11.3,97.17,78,88,PASS,,76,12,27.9
30kw,400,400,0.5,cold,PAR,PFM,15000,830,1.083,27,22.5,97.52,20,29,PASS,,15,15.4,36.1
30kw,400,400,0.5,room,PAR,PFM,15000,830,1.083,27,22.5,97.49,55,65,PASS,,50,15.4,36.1
30kw,400,400,0.5,hot,PAR,PFM,15000,830,1.083,27,22.5,97.47,84,95,PASS,,79,15.4,36.1
30kw,400,400,0.75,cold,PAR,PFM,22500,830,1.082,36,33.8,97.45,27,36,PASS,,17,16.4,38.4
30kw,400,400,0.75,room,PAR,PFM,22500,830,1.082,36,33.8,97.41,63,72,PASS,,52,16.4,38.4
30kw,400,400,0.75,hot,PAR,PFM,22500,830,1.082,36,33.8,97.38,93,103,PASS,,81,16.4,38.4
30kw,400,400,1,cold,PAR,PFM,30000,830,1.081,45.7,45.1,97.24,37,45,PASS,,21,17.7,41.4
30kw,400,400,1,room,PAR,PFM,30000,830,1.081,45.7,45.1,97.19,74,83,PASS,,56,17.7,41.4
30kw,400,400,1,hot,PAR,PFM,30000,830,1.081,45.7,45.1,97.15,105,114,PASS,,85,17.7,41.4
30kw,400,500,0,cold,PAR,IDLE,0,830,,0,0,,,,PASS,standby
30kw,400,500,0,room,PAR,IDLE,0,830,,0,0,,,,PASS,standby
30kw,400,500,0,hot,PAR,IDLE,0,830,,0,0,,,,PASS,standby
30kw,400,500,0.05,cold,PAR,PFM,1500,830,0.609,37.1,2.3,87.4,11,33,PASS,,10,12.6,52.5
30kw,400,500,0.05,room,PAR,PFM,1500,830,0.609,37.1,2.3,87.4,46,70,PASS,,45,12.6,52.5
30kw,400,500,0.05,hot,PAR,PFM,1500,830,0.609,37.1,2.3,87.4,75,101,PASS,,74,12.6,52.5
30kw,400,500,0.1,cold,PAR,PFM,3000,830,0.608,37.2,4.5,92.86,11,33,PASS,,11,12.7,52.7
30kw,400,500,0.1,room,PAR,PFM,3000,830,0.608,37.2,4.5,92.85,46,70,PASS,,46,12.7,52.7
30kw,400,500,0.1,hot,PAR,PFM,3000,830,0.608,37.2,4.5,92.85,75,101,PASS,,75,12.7,52.7
30kw,400,500,0.25,cold,PAR,PFM,7500,830,0.607,38.1,11.3,96.32,14,34,PASS,,12,12.9,53.9
30kw,400,500,0.25,room,PAR,PFM,7500,830,0.607,38.1,11.3,96.31,49,71,PASS,,47,12.9,53.9
30kw,400,500,0.25,hot,PAR,PFM,7500,830,0.607,38.1,11.3,96.3,78,102,PASS,,76,12.9,53.9
30kw,400,500,0.5,cold,PAR,PFM,15000,830,0.602,41.1,22.5,97.29,20,37,PASS,,13,13.8,58.2
30kw,400,500,0.5,room,PAR,PFM,15000,830,0.602,41.1,22.5,97.27,55,75,PASS,,48,13.8,58.2
30kw,400,500,0.5,hot,PAR,PFM,15000,830,0.602,41.1,22.5,97.25,84,106,PASS,,77,13.8,58.2
30kw,400,500,0.75,cold,PAR,PFM,22500,830,0.593,45.8,33.8,97.43,27,43,PASS,,16,15.2,64.8
30kw,400,500,0.75,room,PAR,PFM,22500,830,0.593,45.8,33.8,97.39,63,81,PASS,,51,15.2,64.8
30kw,400,500,0.75,hot,PAR,PFM,22500,830,0.593,45.8,33.8,97.36,93,112,PASS,,80,15.2,64.8
30kw,400,500,1,cold,PAR,PFM,30000,830,0.579,51.7,45.1,97.37,37,49,PASS,,18,14.8,64.7
30kw,400,500,1,room,PAR,PFM,30000,830,0.579,51.7,45.1,97.32,74,88,PASS,,53,14.8,64.7
30kw,400,500,1,hot,PAR,PFM,30000,830,0.579,51.7,45.1,97.28,105,120,PASS,,82,14.8,64.7
30kw,400,500,0,cold,SER,IDLE,0,650,,0,0,,,,PASS,standby
30kw,400,500,0,room,SER,IDLE,0,650,,0,0,,,,PASS,standby
30kw,400,500,0,hot,SER,IDLE,0,650,,0,0,,,,PASS,standby
30kw,400,500,0.05,cold,SER,PSM,1500,650,1.45,8.5,2.3,93.92,11,16,PASS,,11,6.1,13.6
30kw,400,500,0.05,room,SER,PSM,1500,650,1.45,8.5,2.3,93.92,46,51,PASS,,46,6.1,13.6
30kw,400,500,0.05,hot,SER,PSM,1500,650,1.45,8.5,2.3,93.91,75,80,PASS,,75,6.1,13.6
30kw,400,500,0.1,cold,SER,PSM,3000,650,1.45,10.3,4.5,96.07,11,17,PASS,,11,7.4,16.5
30kw,400,500,0.1,room,SER,PSM,3000,650,1.45,10.3,4.5,96.06,46,52,PASS,,46,7.4,16.5
30kw,400,500,0.1,hot,SER,PSM,3000,650,1.45,10.3,4.5,96.06,75,81,PASS,,75,7.4,16.5
30kw,400,500,0.25,cold,SER,PSM,7500,650,1.45,18.7,11.3,97.06,13,24,PASS,,13,13.4,29.9
30kw,400,500,0.25,room,SER,PSM,7500,650,1.45,18.7,11.3,97.05,48,59,PASS,,48,13.4,29.9
30kw,400,500,0.25,hot,SER,PSM,7500,650,1.45,18.7,11.3,97.04,77,89,PASS,,77,13.4,29.9
30kw,400,500,0.5,cold,SER,PSM,15000,650,1.45,34.9,22.5,96.9,18,42,PASS,,18,25,55.8
30kw,400,500,0.5,room,SER,PSM,15000,650,1.45,34.9,22.5,96.88,54,79,PASS,,53,25,55.8
30kw,400,500,0.5,hot,SER,PSM,15000,650,1.45,34.9,22.5,96.86,83,109,PASS,,82,25,55.8
30kw,400,500,0.75,cold,SER,PSM,22500,650,1.45,51.6,33.8,96.45,25,68,PASS,,24,37,82.6
30kw,400,500,0.75,room,SER,PSM,22500,650,1.45,51.6,33.8,96.42,61,107,PASS,,59,37,82.6
30kw,400,500,0.75,hot,SER,PSM,22500,650,1.45,51.6,33.8,96.39,91,139,PASS,,88,37,82.6
30kw,400,500,1,cold,SER,PFM,30000,650,1.398,68.5,45.1,95.79,34,97,PASS,,31,39.2,90.7
30kw,400,500,1,room,SER,PFM,30000,650,1.398,68.5,45.1,95.74,71,139,PASS,,66,39.2,90.7
30kw,400,500,1,hot,SER,PFM,30000,650,1.398,59.4,45.1,95.8,102,150,PASS,thermal derate to 86% ,91,34.1,78.9
30kw,400,750,0,cold,SER,IDLE,0,789,,0,0,,,,PASS,standby
30kw,400,750,0,room,SER,IDLE,0,789,,0,0,,,,PASS,standby
30kw,400,750,0,hot,SER,IDLE,0,789,,0,0,,,,PASS,standby
30kw,400,750,0.05,cold,SER,PFM,1500,789,1.119,15.3,2.3,92.69,11,19,PASS,,10,9.1,21.6
30kw,400,750,0.05,room,SER,PFM,1500,789,1.119,15.3,2.3,92.68,46,55,PASS,,45,9.1,21.6
30kw,400,750,0.05,hot,SER,PFM,1500,789,1.119,15.3,2.3,92.68,75,84,PASS,,74,9.1,21.6
30kw,400,750,0.1,cold,SER,PFM,3000,789,1.119,15.8,4.5,95.68,11,20,PASS,,11,9.4,22.3
30kw,400,750,0.1,room,SER,PFM,3000,789,1.119,15.8,4.5,95.67,46,55,PASS,,46,9.4,22.3
30kw,400,750,0.1,hot,SER,PFM,3000,789,1.119,15.8,4.5,95.67,75,84,PASS,,75,9.4,22.3
30kw,400,750,0.25,cold,SER,PFM,7500,789,1.118,18.9,11.3,97.34,14,22,PASS,,12,11.2,26.7
30kw,400,750,0.25,room,SER,PFM,7500,789,1.118,18.9,11.3,97.32,49,58,PASS,,47,11.2,26.7
30kw,400,750,0.25,hot,SER,PFM,7500,789,1.118,18.9,11.3,97.31,78,87,PASS,,76,11.2,26.7
30kw,400,750,0.5,cold,SER,PFM,15000,789,1.117,27.3,22.5,97.61,19,28,PASS,,15,14.4,34.3
30kw,400,750,0.5,room,SER,PFM,15000,789,1.117,27.3,22.5,97.59,55,64,PASS,,50,14.4,34.3
30kw,400,750,0.5,hot,SER,PFM,15000,789,1.117,27.3,22.5,97.57,84,94,PASS,,79,14.4,34.3
30kw,400,750,0.75,cold,SER,PFM,22500,789,1.115,37.2,33.8,97.49,27,36,PASS,,18,15.9,38
30kw,400,750,0.75,room,SER,PFM,22500,789,1.115,37.2,33.8,97.45,63,73,PASS,,53,15.9,38
30kw,400,750,0.75,hot,SER,PFM,22500,789,1.115,37.2,33.8,97.42,93,104,PASS,,82,15.9,38
30kw,400,750,1,cold,SER,PFM,30000,789,1.113,47.8,45.1,97.25,36,47,PASS,,22,17.8,42.7
30kw,400,750,1,room,SER,PFM,30000,789,1.113,47.8,45.1,97.2,73,85,PASS,,57,17.8,42.7
30kw,400,750,1,hot,SER,PFM,30000,789,1.113,47.8,45.1,97.16,104,117,PASS,,86,17.8,42.7
30kw,400,1000,0,cold,SER,IDLE,0,830,,0,0,,,,PASS,standby
30kw,400,1000,0,room,SER,IDLE,0,830,,0,0,,,,PASS,standby
30kw,400,1000,0,hot,SER,IDLE,0,830,,0,0,,,,PASS,standby
30kw,400,1000,0.05,cold,SER,PFM,1500,830,0.609,37.1,2.3,87.48,11,33,PASS,,10,12.6,52.5
30kw,400,1000,0.05,room,SER,PFM,1500,830,0.609,37.1,2.3,87.48,46,70,PASS,,45,12.6,52.5
30kw,400,1000,0.05,hot,SER,PFM,1500,830,0.609,37.1,2.3,87.48,75,101,PASS,,74,12.6,52.5
30kw,400,1000,0.1,cold,SER,PFM,3000,830,0.608,37.2,4.5,92.95,11,33,PASS,,11,12.7,52.7
30kw,400,1000,0.1,room,SER,PFM,3000,830,0.608,37.2,4.5,92.95,46,70,PASS,,46,12.7,52.7
30kw,400,1000,0.1,hot,SER,PFM,3000,830,0.608,37.2,4.5,92.94,75,101,PASS,,75,12.7,52.7
30kw,400,1000,0.25,cold,SER,PFM,7500,830,0.607,38.1,11.3,96.42,14,34,PASS,,12,12.9,53.9
30kw,400,1000,0.25,room,SER,PFM,7500,830,0.607,38.1,11.3,96.41,49,71,PASS,,47,12.9,53.9
30kw,400,1000,0.25,hot,SER,PFM,7500,830,0.607,38.1,11.3,96.4,78,102,PASS,,76,12.9,53.9
30kw,400,1000,0.5,cold,SER,PFM,15000,830,0.602,41.1,22.5,97.39,20,37,PASS,,13,13.8,58.2
30kw,400,1000,0.5,room,SER,PFM,15000,830,0.602,41.1,22.5,97.37,55,75,PASS,,48,13.8,58.2
30kw,400,1000,0.5,hot,SER,PFM,15000,830,0.602,41.1,22.5,97.35,84,106,PASS,,77,13.8,58.2
30kw,400,1000,0.75,cold,SER,PFM,22500,830,0.593,45.8,33.8,97.52,27,43,PASS,,16,15.2,64.8
30kw,400,1000,0.75,room,SER,PFM,22500,830,0.593,45.8,33.8,97.49,63,81,PASS,,51,15.2,64.8
30kw,400,1000,0.75,hot,SER,PFM,22500,830,0.593,45.8,33.8,97.46,93,112,PASS,,80,15.2,64.8
30kw,400,1000,1,cold,SER,PFM,30000,830,0.579,51.7,45.1,97.47,37,49,PASS,,18,14.8,64.7
30kw,400,1000,1,room,SER,PFM,30000,830,0.579,51.7,45.1,97.42,74,88,PASS,,53,14.8,64.7
30kw,400,1000,1,hot,SER,PFM,30000,830,0.579,51.7,45.1,97.38,105,120,PASS,,82,14.8,64.7
30kw,450,150,0,cold,PAR,IDLE,0,687,,0,0,,,,PASS,standby
30kw,450,150,0,room,PAR,IDLE,0,687,,0,0,,,,PASS,standby
30kw,450,150,0,hot,PAR,IDLE,0,687,,0,0,,,,PASS,standby
30kw,450,150,0.05,cold,PAR,PSM,750,687,1.45,5.5,1,83.43,10,36,PASS,,10,4.1,8.7
30kw,450,150,0.05,room,PAR,PSM,750,687,1.45,5.5,1,83.43,45,71,PASS,,45,4.1,8.7
30kw,450,150,0.05,hot,PAR,PSM,750,687,1.45,5.5,1,83.43,74,100,PASS,,74,4.1,8.7
30kw,450,150,0.1,cold,PAR,PSM,1500,687,1.45,7.3,2,89.77,10,36,PASS,,11,5.6,11.7
30kw,450,150,0.1,room,PAR,PSM,1500,687,1.45,7.3,2,89.77,45,71,PASS,,46,5.6,11.7
30kw,450,150,0.1,hot,PAR,PSM,1500,687,1.45,7.3,2,89.77,74,100,PASS,,75,5.6,11.7
30kw,450,150,0.25,cold,PAR,PSM,3750,687,1.45,14.9,5,93.68,11,38,PASS,,13,11.3,23.9
30kw,450,150,0.25,room,PAR,PSM,3750,687,1.45,14.9,5,93.68,46,73,PASS,,48,11.3,23.9
30kw,450,150,0.25,hot,PAR,PSM,3750,687,1.45,14.9,5,93.67,75,102,PASS,,77,11.3,23.9
30kw,450,150,0.5,cold,PAR,PSM,7500,687,1.45,28.7,10,94.53,13,44,PASS,,16,21.8,46
30kw,450,150,0.5,room,PAR,PSM,7500,687,1.45,28.7,10,94.52,48,80,PASS,,51,21.8,46
30kw,450,150,0.5,hot,PAR,PSM,7500,687,1.45,28.7,10,94.51,77,110,PASS,,80,21.8,46
30kw,450,150,0.75,cold,PAR,PSM,11250,687,1.45,42.8,15,94.39,15,55,PASS,,21,32.4,68.4
30kw,450,150,0.75,room,PAR,PSM,11250,687,1.45,42.8,15,94.38,50,92,PASS,,56,32.4,68.4
30kw,450,150,0.75,hot,PAR,PSM,11250,687,1.45,42.8,15,94.37,79,123,PASS,,85,32.4,68.4
30kw,450,150,1,cold,PAR,PSM,15000,687,1.45,56.9,20,94.02,17,81,PASS,,26,43.2,91
30kw,450,150,1,room,PAR,PSM,15000,687,1.45,56.9,20,94,53,121,PASS,,61,43.2,91
30kw,450,150,1,hot,PAR,PSM,15000,687,1.45,52.9,20,94.07,82,144,PASS,thermal derate to 93% ,89,40.2,84.7
30kw,450,200,0,cold,PAR,IDLE,0,687,,0,0,,,,PASS,standby
30kw,450,200,0,room,PAR,IDLE,0,687,,0,0,,,,PASS,standby
30kw,450,200,0,hot,PAR,IDLE,0,687,,0,0,,,,PASS,standby
30kw,450,200,0.05,cold,PAR,PSM,1000,687,1.45,6.8,1.3,91.36,10,15,PASS,,10,5.2,10.9
30kw,450,200,0.05,room,PAR,PSM,1000,687,1.45,6.8,1.3,91.35,45,50,PASS,,45,5.2,10.9
30kw,450,200,0.05,hot,PAR,PSM,1000,687,1.45,6.8,1.3,91.35,74,79,PASS,,74,5.2,10.9
30kw,450,200,0.1,cold,PAR,PSM,2000,687,1.45,8.4,2.7,94.48,11,16,PASS,,11,6.4,13.5
30kw,450,200,0.1,room,PAR,PSM,2000,687,1.45,8.4,2.7,94.48,46,51,PASS,,46,6.4,13.5
30kw,450,200,0.1,hot,PAR,PSM,2000,687,1.45,8.4,2.7,94.48,75,80,PASS,,75,6.4,13.5
30kw,450,200,0.25,cold,PAR,PSM,5000,687,1.45,15.5,6.7,96.13,12,22,PASS,,13,11.7,24.8
30kw,450,200,0.25,room,PAR,PSM,5000,687,1.45,15.5,6.7,96.12,47,57,PASS,,48,11.7,24.8
30kw,450,200,0.25,hot,PAR,PSM,5000,687,1.45,15.5,6.7,96.12,76,86,PASS,,77,11.7,24.8
30kw,450,200,0.5,cold,PAR,PSM,10000,687,1.45,29,13.4,96.24,14,36,PASS,,16,22,46.4
30kw,450,200,0.5,room,PAR,PSM,10000,687,1.45,29,13.4,96.22,49,72,PASS,,51,22,46.4
30kw,450,200,0.5,hot,PAR,PSM,10000,687,1.45,29,13.4,96.21,78,102,PASS,,80,22,46.4
30kw,450,200,0.75,cold,PAR,PSM,15000,687,1.45,43,20,95.92,17,55,PASS,,21,32.6,68.8
30kw,450,200,0.75,room,PAR,PSM,15000,687,1.45,43,20,95.9,53,93,PASS,,56,32.6,68.8
30kw,450,200,0.75,hot,PAR,PSM,15000,687,1.45,43,20,95.89,82,124,PASS,,85,32.6,68.8
30kw,450,200,1,cold,PAR,PSM,20000,687,1.45,57,26.7,95.5,21,81,PASS,,26,43.3,91.2
30kw,450,200,1,room,PAR,PSM,20000,687,1.45,57,26.7,95.48,57,121,PASS,,61,43.3,91.2
30kw,450,200,1,hot,PAR,PSM,20000,687,1.45,53.1,26.7,95.53,86,145,PASS,thermal derate to 93% ,89,40.3,84.9
30kw,450,250,0,cold,PAR,IDLE,0,687,,0,0,,,,PASS,standby
30kw,450,250,0,room,PAR,IDLE,0,687,,0,0,,,,PASS,standby
30kw,450,250,0,hot,PAR,IDLE,0,687,,0,0,,,,PASS,standby
30kw,450,250,0.05,cold,PAR,PSM,1250,687,1.45,8.3,1.7,92.79,10,16,PASS,,10,6.3,13.2
30kw,450,250,0.05,room,PAR,PSM,1250,687,1.45,8.3,1.7,92.79,45,51,PASS,,45,6.3,13.2
30kw,450,250,0.05,hot,PAR,PSM,1250,687,1.45,8.3,1.7,92.78,74,80,PASS,,74,6.3,13.2
30kw,450,250,0.1,cold,PAR,PSM,2500,687,1.45,9.6,3.3,95.42,11,17,PASS,,11,7.3,15.4
30kw,450,250,0.1,room,PAR,PSM,2500,687,1.45,9.6,3.3,95.42,46,52,PASS,,46,7.3,15.4
30kw,450,250,0.1,hot,PAR,PSM,2500,687,1.45,9.6,3.3,95.42,75,81,PASS,,75,7.3,15.4
30kw,450,250,0.25,cold,PAR,PSM,6250,687,1.45,16.2,8.4,96.79,12,22,PASS,,13,12.3,25.9
30kw,450,250,0.25,room,PAR,PSM,6250,687,1.45,16.2,8.4,96.78,47,58,PASS,,48,12.3,25.9
30kw,450,250,0.25,hot,PAR,PSM,6250,687,1.45,16.2,8.4,96.77,76,87,PASS,,77,12.3,25.9
30kw,450,250,0.5,cold,PAR,PSM,12500,687,1.45,29.4,16.7,96.84,16,36,PASS,,16,22.3,47
30kw,450,250,0.5,room,PAR,PSM,12500,687,1.45,29.4,16.7,96.83,51,72,PASS,,51,22.3,47
30kw,450,250,0.5,hot,PAR,PSM,12500,687,1.45,29.4,16.7,96.82,80,102,PASS,,80,22.3,47
30kw,450,250,0.75,cold,PAR,PSM,18750,687,1.45,43.2,25.1,96.55,20,56,PASS,,21,32.8,69.2
30kw,450,250,0.75,room,PAR,PSM,18750,687,1.45,43.2,25.1,96.53,55,93,PASS,,56,32.8,69.2
30kw,450,250,0.75,hot,PAR,PSM,18750,687,1.45,43.2,25.1,96.51,85,124,PASS,,85,32.8,69.2
30kw,450,250,1,cold,PAR,PSM,25000,687,1.45,57.2,33.4,96.18,25,82,PASS,,26,43.4,91.6
30kw,450,250,1,room,PAR,PSM,25000,687,1.45,57.2,33.4,96.15,61,121,PASS,,61,43.4,91.6
30kw,450,250,1,hot,PAR,PSM,25000,687,1.45,53.3,33.4,96.17,91,145,PASS,thermal derate to 93% ,89,40.4,85.3
30kw,450,300,0,cold,PAR,IDLE,0,687,,0,0,,,,PASS,standby
30kw,450,300,0,room,PAR,IDLE,0,687,,0,0,,,,PASS,standby
30kw,450,300,0,hot,PAR,IDLE,0,687,,0,0,,,,PASS,standby
30kw,450,300,0.05,cold,PAR,PFM,1500,687,1.34,10.5,2,93.53,10,16,PASS,,10,6.5,14.8
30kw,450,300,0.05,room,PAR,PFM,1500,687,1.34,10.5,2,93.53,45,51,PASS,,45,6.5,14.8
30kw,450,300,0.05,hot,PAR,PFM,1500,687,1.34,10.5,2,93.53,74,80,PASS,,74,6.5,14.8
30kw,450,300,0.1,cold,PAR,PFM,3000,687,1.339,11.6,4,95.91,11,17,PASS,,11,7.2,16.4
30kw,450,300,0.1,room,PAR,PFM,3000,687,1.339,11.6,4,95.9,46,52,PASS,,46,7.2,16.4
30kw,450,300,0.1,hot,PAR,PFM,3000,687,1.339,11.6,4,95.9,75,81,PASS,,75,7.2,16.4
30kw,450,300,0.25,cold,PAR,PFM,7500,687,1.333,17.4,10,97.09,13,21,PASS,,13,10.7,24.7
30kw,450,300,0.25,room,PAR,PFM,7500,687,1.333,17.4,10,97.08,48,57,PASS,,48,10.7,24.7
30kw,450,300,0.25,hot,PAR,PFM,7500,687,1.333,17.4,10,97.08,77,86,PASS,,77,10.7,24.7
30kw,450,300,0.5,cold,PAR,PFM,15000,687,1.314,30.2,20,97.18,17,31,PASS,,16,15.2,35.4
30kw,450,300,0.5,room,PAR,PFM,15000,687,1.314,30.2,20,97.17,53,67,PASS,,51,15.2,35.4
30kw,450,300,0.5,hot,PAR,PFM,15000,687,1.314,30.2,20,97.15,82,97,PASS,,80,15.2,35.4
30kw,450,300,0.75,cold,PAR,PFM,22500,687,1.291,43.8,30.1,96.92,23,45,PASS,,21,20.1,47.7
30kw,450,300,0.75,room,PAR,PFM,22500,687,1.291,43.8,30.1,96.89,59,83,PASS,,56,20.1,47.7
30kw,450,300,0.75,hot,PAR,PFM,22500,687,1.291,43.8,30.1,96.87,89,114,PASS,,85,20.1,47.7
30kw,450,300,1,cold,PAR,PFM,30000,687,1.266,57.7,40.1,96.58,30,66,PASS,,26,25.2,60.9
30kw,450,300,1,room,PAR,PFM,30000,687,1.266,57.7,40.1,96.54,67,106,PASS,,61,25.2,60.9
30kw,450,300,1,hot,PAR,PFM,30000,687,1.266,57.7,40.1,96.51,97,139,PASS,,90,25.2,60.9
30kw,450,400,0,cold,PAR,IDLE,0,830,,0,0,,,,PASS,standby
30kw,450,400,0,room,PAR,IDLE,0,830,,0,0,,,,PASS,standby
30kw,450,400,0,hot,PAR,IDLE,0,830,,0,0,,,,PASS,standby
30kw,450,400,0.05,cold,PAR,PFM,1500,830,1.084,16.8,2,92.17,11,21,PASS,,10,10.2,23.7
30kw,450,400,0.05,room,PAR,PFM,1500,830,1.084,16.8,2,92.17,46,56,PASS,,45,10.2,23.7
30kw,450,400,0.05,hot,PAR,PFM,1500,830,1.084,16.8,2,92.17,75,85,PASS,,74,10.2,23.7
30kw,450,400,0.1,cold,PAR,PFM,3000,830,1.084,17.2,4,95.39,11,21,PASS,,11,10.4,24.3
30kw,450,400,0.1,room,PAR,PFM,3000,830,1.084,17.2,4,95.38,46,56,PASS,,46,10.4,24.3
30kw,450,400,0.1,hot,PAR,PFM,3000,830,1.084,17.2,4,95.38,75,86,PASS,,75,10.4,24.3
30kw,450,400,0.25,cold,PAR,PFM,7500,830,1.084,19.8,10,97.23,13,23,PASS,,12,12,27.9
30kw,450,400,0.25,room,PAR,PFM,7500,830,1.084,19.8,10,97.22,48,59,PASS,,47,12,27.9
30kw,450,400,0.25,hot,PAR,PFM,7500,830,1.084,19.8,10,97.21,78,88,PASS,,76,12,27.9
30kw,450,400,0.5,cold,PAR,PFM,15000,830,1.083,27,20,97.58,18,29,PASS,,15,15.4,36.1
30kw,450,400,0.5,room,PAR,PFM,15000,830,1.083,27,20,97.57,53,65,PASS,,50,15.4,36.1
30kw,450,400,0.5,hot,PAR,PFM,15000,830,1.083,27,20,97.55,83,95,PASS,,79,15.4,36.1
30kw,450,400,0.75,cold,PAR,PFM,22500,830,1.082,36,30.1,97.55,24,36,PASS,,17,16.4,38.4
30kw,450,400,0.75,room,PAR,PFM,22500,830,1.082,36,30.1,97.52,60,72,PASS,,52,16.4,38.4
30kw,450,400,0.75,hot,PAR,PFM,22500,830,1.082,36,30.1,97.49,90,103,PASS,,81,16.4,38.4
30kw,450,400,1,cold,PAR,PFM,30000,830,1.081,45.7,40.1,97.37,32,45,PASS,,21,17.7,41.4
30kw,450,400,1,room,PAR,PFM,30000,830,1.081,45.7,40.1,97.33,69,83,PASS,,56,17.7,41.4
30kw,450,400,1,hot,PAR,PFM,30000,830,1.081,45.7,40.1,97.3,99,114,PASS,,85,17.7,41.4
30kw,450,500,0,cold,PAR,IDLE,0,830,,0,0,,,,PASS,standby
30kw,450,500,0,room,PAR,IDLE,0,830,,0,0,,,,PASS,standby
30kw,450,500,0,hot,PAR,IDLE,0,830,,0,0,,,,PASS,standby
30kw,450,500,0.05,cold,PAR,PFM,1500,830,0.609,37.1,2,87.41,11,33,PASS,,10,12.6,52.5
30kw,450,500,0.05,room,PAR,PFM,1500,830,0.609,37.1,2,87.41,46,70,PASS,,45,12.6,52.5
30kw,450,500,0.05,hot,PAR,PFM,1500,830,0.609,37.1,2,87.41,75,101,PASS,,74,12.6,52.5
30kw,450,500,0.1,cold,PAR,PFM,3000,830,0.608,37.2,4,92.88,11,33,PASS,,11,12.7,52.7
30kw,450,500,0.1,room,PAR,PFM,3000,830,0.608,37.2,4,92.87,46,70,PASS,,46,12.7,52.7
30kw,450,500,0.1,hot,PAR,PFM,3000,830,0.608,37.2,4,92.87,75,101,PASS,,75,12.7,52.7
30kw,450,500,0.25,cold,PAR,PFM,7500,830,0.607,38.1,10,96.36,13,34,PASS,,12,12.9,53.9
30kw,450,500,0.25,room,PAR,PFM,7500,830,0.607,38.1,10,96.35,48,71,PASS,,47,12.9,53.9
30kw,450,500,0.25,hot,PAR,PFM,7500,830,0.607,38.1,10,96.34,78,102,PASS,,76,12.9,53.9
30kw,450,500,0.5,cold,PAR,PFM,15000,830,0.602,41.1,20,97.36,18,37,PASS,,13,13.8,58.2
30kw,450,500,0.5,room,PAR,PFM,15000,830,0.602,41.1,20,97.34,53,75,PASS,,48,13.8,58.2
30kw,450,500,0.5,hot,PAR,PFM,15000,830,0.602,41.1,20,97.33,83,106,PASS,,77,13.8,58.2
30kw,450,500,0.75,cold,PAR,PFM,22500,830,0.593,45.8,30.1,97.52,24,43,PASS,,16,15.2,64.8
30kw,450,500,0.75,room,PAR,PFM,22500,830,0.593,45.8,30.1,97.5,60,81,PASS,,51,15.2,64.8
30kw,450,500,0.75,hot,PAR,PFM,22500,830,0.593,45.8,30.1,97.47,90,112,PASS,,80,15.2,64.8
30kw,450,500,1,cold,PAR,PFM,30000,830,0.579,51.7,40.1,97.5,32,49,PASS,,18,14.8,64.7
30kw,450,500,1,room,PAR,PFM,30000,830,0.579,51.7,40.1,97.46,69,88,PASS,,53,14.8,64.7
30kw,450,500,1,hot,PAR,PFM,30000,830,0.579,51.7,40.1,97.43,99,120,PASS,,82,14.8,64.7
30kw,450,500,0,cold,SER,IDLE,0,687,,0,0,,,,PASS,standby
30kw,450,500,0,room,SER,IDLE,0,687,,0,0,,,,PASS,standby
30kw,450,500,0,hot,SER,IDLE,0,687,,0,0,,,,PASS,standby
30kw,450,500,0.05,cold,SER,PSM,1500,687,1.45,8.5,2,93.85,10,16,PASS,,11,6.4,13.6
30kw,450,500,0.05,room,SER,PSM,1500,687,1.45,8.5,2,93.85,45,51,PASS,,46,6.4,13.6
30kw,450,500,0.05,hot,SER,PSM,1500,687,1.45,8.5,2,93.85,74,80,PASS,,75,6.4,13.6
30kw,450,500,0.1,cold,SER,PSM,3000,687,1.45,10.3,4,96.04,11,17,PASS,,11,7.8,16.5
30kw,450,500,0.1,room,SER,PSM,3000,687,1.45,10.3,4,96.04,46,52,PASS,,46,7.8,16.5
30kw,450,500,0.1,hot,SER,PSM,3000,687,1.45,10.3,4,96.03,75,81,PASS,,75,7.8,16.5
30kw,450,500,0.25,cold,SER,PSM,7500,687,1.45,18.7,10,97.07,13,25,PASS,,13,14.2,29.9
30kw,450,500,0.25,room,SER,PSM,7500,687,1.45,18.7,10,97.06,48,60,PASS,,48,14.2,29.9
30kw,450,500,0.25,hot,SER,PSM,7500,687,1.45,18.7,10,97.05,77,89,PASS,,77,14.2,29.9
30kw,450,500,0.5,cold,SER,PSM,15000,687,1.45,34.9,20,96.94,17,43,PASS,,18,26.5,55.8
30kw,450,500,0.5,room,SER,PSM,15000,687,1.45,34.9,20,96.92,53,80,PASS,,53,26.5,55.8
30kw,450,500,0.5,hot,SER,PSM,15000,687,1.45,34.9,20,96.91,82,110,PASS,,82,26.5,55.8
30kw,450,500,0.75,cold,SER,PSM,22500,687,1.45,51.6,30.1,96.53,23,70,PASS,,24,39.2,82.6
30kw,450,500,0.75,room,SER,PSM,22500,687,1.45,51.6,30.1,96.5,59,109,PASS,,59,39.2,82.6
30kw,450,500,0.75,hot,SER,PSM,22500,687,1.45,51.6,30.1,96.48,89,141,PASS,,88,39.2,82.6
30kw,450,500,1,cold,SER,PSM,30000,687,1.45,68.5,40.1,96.05,30,109,PASS,,31,51.9,109.6
30kw,450,500,1,room,SER,PSM,30000,687,1.45,63.7,40.1,96.07,67,138,PASS,thermal derate to 93% ,64,48.4,102
30kw,450,500,1,hot,SER,PSM,30000,687,1.45,55.3,40.1,96.13,97,150,PASS,thermal derate to 80% ,89,41.9,88.4
30kw,450,750,0,cold,SER,IDLE,0,789,,0,0,,,,PASS,standby
30kw,450,750,0,room,SER,IDLE,0,789,,0,0,,,,PASS,standby
30kw,450,750,0,hot,SER,IDLE,0,789,,0,0,,,,PASS,standby
30kw,450,750,0.05,cold,SER,PFM,1500,789,1.119,15.3,2,92.7,11,19,PASS,,10,9.1,21.6
30kw,450,750,0.05,room,SER,PFM,1500,789,1.119,15.3,2,92.69,46,55,PASS,,45,9.1,21.6
30kw,450,750,0.05,hot,SER,PFM,1500,789,1.119,15.3,2,92.69,75,84,PASS,,74,9.1,21.6
30kw,450,750,0.1,cold,SER,PFM,3000,789,1.119,15.8,4,95.7,11,20,PASS,,11,9.4,22.3
30kw,450,750,0.1,room,SER,PFM,3000,789,1.119,15.8,4,95.69,46,55,PASS,,46,9.4,22.3
30kw,450,750,0.1,hot,SER,PFM,3000,789,1.119,15.8,4,95.69,75,84,PASS,,75,9.4,22.3
30kw,450,750,0.25,cold,SER,PFM,7500,789,1.118,18.9,10,97.37,13,22,PASS,,12,11.2,26.7
30kw,450,750,0.25,room,SER,PFM,7500,789,1.118,18.9,10,97.36,48,58,PASS,,47,11.2,26.7
30kw,450,750,0.25,hot,SER,PFM,7500,789,1.118,18.9,10,97.36,77,87,PASS,,76,11.2,26.7
30kw,450,750,0.5,cold,SER,PFM,15000,789,1.117,27.3,20,97.68,18,28,PASS,,15,14.4,34.3
30kw,450,750,0.5,room,SER,PFM,15000,789,1.117,27.3,20,97.66,53,64,PASS,,50,14.4,34.3
30kw,450,750,0.5,hot,SER,PFM,15000,789,1.117,27.3,20,97.64,83,94,PASS,,79,14.4,34.3
30kw,450,750,0.75,cold,SER,PFM,22500,789,1.115,37.2,30.1,97.59,24,36,PASS,,18,15.9,38
30kw,450,750,0.75,room,SER,PFM,22500,789,1.115,37.2,30.1,97.56,60,73,PASS,,53,15.9,38
30kw,450,750,0.75,hot,SER,PFM,22500,789,1.115,37.2,30.1,97.54,90,104,PASS,,82,15.9,38
30kw,450,750,1,cold,SER,PFM,30000,789,1.113,47.8,40.1,97.38,32,47,PASS,,22,17.8,42.7
30kw,450,750,1,room,SER,PFM,30000,789,1.113,47.8,40.1,97.34,68,85,PASS,,57,17.8,42.7
30kw,450,750,1,hot,SER,PFM,30000,789,1.113,47.8,40.1,97.31,99,117,PASS,,86,17.8,42.7
30kw,450,1000,0,cold,SER,IDLE,0,830,,0,0,,,,PASS,standby
30kw,450,1000,0,room,SER,IDLE,0,830,,0,0,,,,PASS,standby
30kw,450,1000,0,hot,SER,IDLE,0,830,,0,0,,,,PASS,standby
30kw,450,1000,0.05,cold,SER,PFM,1500,830,0.609,37.1,2,87.5,11,33,PASS,,10,12.6,52.5
30kw,450,1000,0.05,room,SER,PFM,1500,830,0.609,37.1,2,87.49,46,70,PASS,,45,12.6,52.5
30kw,450,1000,0.05,hot,SER,PFM,1500,830,0.609,37.1,2,87.49,75,101,PASS,,74,12.6,52.5
30kw,450,1000,0.1,cold,SER,PFM,3000,830,0.608,37.2,4,92.97,11,33,PASS,,11,12.7,52.7
30kw,450,1000,0.1,room,SER,PFM,3000,830,0.608,37.2,4,92.96,46,70,PASS,,46,12.7,52.7
30kw,450,1000,0.1,hot,SER,PFM,3000,830,0.608,37.2,4,92.96,75,101,PASS,,75,12.7,52.7
30kw,450,1000,0.25,cold,SER,PFM,7500,830,0.607,38.1,10,96.45,13,34,PASS,,12,12.9,53.9
30kw,450,1000,0.25,room,SER,PFM,7500,830,0.607,38.1,10,96.44,48,71,PASS,,47,12.9,53.9
30kw,450,1000,0.25,hot,SER,PFM,7500,830,0.607,38.1,10,96.44,78,102,PASS,,76,12.9,53.9
30kw,450,1000,0.5,cold,SER,PFM,15000,830,0.602,41.1,20,97.46,18,37,PASS,,13,13.8,58.2
30kw,450,1000,0.5,room,SER,PFM,15000,830,0.602,41.1,20,97.44,53,75,PASS,,48,13.8,58.2
30kw,450,1000,0.5,hot,SER,PFM,15000,830,0.602,41.1,20,97.42,83,106,PASS,,77,13.8,58.2
30kw,450,1000,0.75,cold,SER,PFM,22500,830,0.593,45.8,30.1,97.62,24,43,PASS,,16,15.2,64.8
30kw,450,1000,0.75,room,SER,PFM,22500,830,0.593,45.8,30.1,97.6,60,81,PASS,,51,15.2,64.8
30kw,450,1000,0.75,hot,SER,PFM,22500,830,0.593,45.8,30.1,97.57,90,112,PASS,,80,15.2,64.8
30kw,450,1000,1,cold,SER,PFM,30000,830,0.579,51.7,40.1,97.6,32,49,PASS,,18,14.8,64.7
30kw,450,1000,1,room,SER,PFM,30000,830,0.579,51.7,40.1,97.56,69,88,PASS,,53,14.8,64.7
30kw,450,1000,1,hot,SER,PFM,30000,830,0.579,51.7,40.1,97.53,99,120,PASS,,82,14.8,64.7
30kw,475,150,0,cold,PAR,IDLE,0,725,,0,0,,,,PASS,standby
30kw,475,150,0,room,PAR,IDLE,0,725,,0,0,,,,PASS,standby
30kw,475,150,0,hot,PAR,IDLE,0,725,,0,0,,,,PASS,standby
30kw,475,150,0.05,cold,PAR,PSM,750,725,1.45,5.5,0.9,82.81,10,38,PASS,,10,4.4,8.7
30kw,475,150,0.05,room,PAR,PSM,750,725,1.45,5.5,0.9,82.81,45,73,PASS,,45,4.4,8.7
30kw,475,150,0.05,hot,PAR,PSM,750,725,1.45,5.5,0.9,82.8,74,102,PASS,,74,4.4,8.7
30kw,475,150,0.1,cold,PAR,PSM,1500,725,1.45,7.3,1.9,89.4,10,39,PASS,,11,5.9,11.7
30kw,475,150,0.1,room,PAR,PSM,1500,725,1.45,7.3,1.9,89.4,45,74,PASS,,46,5.9,11.7
30kw,475,150,0.1,hot,PAR,PSM,1500,725,1.45,7.3,1.9,89.4,74,103,PASS,,75,5.9,11.7
30kw,475,150,0.25,cold,PAR,PSM,3750,725,1.45,14.9,4.7,93.51,11,40,PASS,,13,11.9,23.9
30kw,475,150,0.25,room,PAR,PSM,3750,725,1.45,14.9,4.7,93.51,46,75,PASS,,48,11.9,23.9
30kw,475,150,0.25,hot,PAR,PSM,3750,725,1.45,14.9,4.7,93.5,75,105,PASS,,77,11.9,23.9
30kw,475,150,0.5,cold,PAR,PSM,7500,725,1.45,28.7,9.5,94.44,13,46,PASS,,16,23,46
30kw,475,150,0.5,room,PAR,PSM,7500,725,1.45,28.7,9.5,94.43,48,82,PASS,,51,23,46
30kw,475,150,0.5,hot,PAR,PSM,7500,725,1.45,28.7,9.5,94.42,77,112,PASS,,80,23,46
30kw,475,150,0.75,cold,PAR,PSM,11250,725,1.45,42.8,14.2,94.33,15,57,PASS,,21,34.3,68.4
30kw,475,150,0.75,room,PAR,PSM,11250,725,1.45,42.8,14.2,94.32,50,95,PASS,,56,34.3,68.4
30kw,475,150,0.75,hot,PAR,PSM,11250,725,1.45,42.8,14.2,94.31,79,126,PASS,,85,34.3,68.4
30kw,475,150,1,cold,PAR,PSM,15000,725,1.45,56.9,19,93.97,17,83,PASS,,26,45.5,91
30kw,475,150,1,room,PAR,PSM,15000,725,1.45,56.9,19,93.96,52,123,PASS,,61,45.5,91
30kw,475,150,1,hot,PAR,PSM,15000,725,1.45,52.9,19,94.02,82,146,PASS,thermal derate to 93% ,89,42.4,84.7
30kw,475,200,0,cold,PAR,IDLE,0,725,,0,0,,,,PASS,standby
30kw,475,200,0,room,PAR,IDLE,0,725,,0,0,,,,PASS,standby
30kw,475,200,0,hot,PAR,IDLE,0,725,,0,0,,,,PASS,standby
30kw,475,200,0.05,cold,PAR,PSM,1000,725,1.45,6.8,1.3,91.24,10,15,PASS,,10,5.5,10.9
30kw,475,200,0.05,room,PAR,PSM,1000,725,1.45,6.8,1.3,91.24,45,50,PASS,,45,5.5,10.9
30kw,475,200,0.05,hot,PAR,PSM,1000,725,1.45,6.8,1.3,91.24,74,79,PASS,,74,5.5,10.9
30kw,475,200,0.1,cold,PAR,PSM,2000,725,1.45,8.4,2.5,94.42,11,16,PASS,,11,6.7,13.5
30kw,475,200,0.1,room,PAR,PSM,2000,725,1.45,8.4,2.5,94.41,46,51,PASS,,46,6.7,13.5
30kw,475,200,0.1,hot,PAR,PSM,2000,725,1.45,8.4,2.5,94.41,75,80,PASS,,75,6.7,13.5
30kw,475,200,0.25,cold,PAR,PSM,5000,725,1.45,15.5,6.3,96.1,12,22,PASS,,13,12.4,24.8
30kw,475,200,0.25,room,PAR,PSM,5000,725,1.45,15.5,6.3,96.09,47,57,PASS,,48,12.4,24.8
30kw,475,200,0.25,hot,PAR,PSM,5000,725,1.45,15.5,6.3,96.09,76,87,PASS,,77,12.4,24.8
30kw,475,200,0.5,cold,PAR,PSM,10000,725,1.45,29,12.7,96.22,14,37,PASS,,16,23.2,46.4
30kw,475,200,0.5,room,PAR,PSM,10000,725,1.45,29,12.7,96.21,49,73,PASS,,51,23.2,46.4
30kw,475,200,0.5,hot,PAR,PSM,10000,725,1.45,29,12.7,96.2,78,103,PASS,,80,23.2,46.4
30kw,475,200,0.75,cold,PAR,PSM,15000,725,1.45,43,19,95.92,17,57,PASS,,21,34.4,68.8
30kw,475,200,0.75,room,PAR,PSM,15000,725,1.45,43,19,95.9,52,94,PASS,,56,34.4,68.8
30kw,475,200,0.75,hot,PAR,PSM,15000,725,1.45,43,19,95.89,82,125,PASS,,85,34.4,68.8
30kw,475,200,1,cold,PAR,PSM,20000,725,1.45,57,25.3,95.51,20,83,PASS,,26,45.7,91.2
30kw,475,200,1,room,PAR,PSM,20000,725,1.45,57,25.3,95.49,56,123,PASS,,61,45.7,91.2
30kw,475,200,1,hot,PAR,PSM,20000,725,1.45,53.1,25.3,95.54,85,147,PASS,thermal derate to 93% ,89,42.5,84.9
30kw,475,250,0,cold,PAR,IDLE,0,725,,0,0,,,,PASS,standby
30kw,475,250,0,room,PAR,IDLE,0,725,,0,0,,,,PASS,standby
30kw,475,250,0,hot,PAR,IDLE,0,725,,0,0,,,,PASS,standby
30kw,475,250,0.05,cold,PAR,PSM,1250,725,1.45,8.3,1.6,92.59,10,16,PASS,,10,6.6,13.2
30kw,475,250,0.05,room,PAR,PSM,1250,725,1.45,8.3,1.6,92.59,45,51,PASS,,45,6.6,13.2
30kw,475,250,0.05,hot,PAR,PSM,1250,725,1.45,8.3,1.6,92.59,74,80,PASS,,74,6.6,13.2
30kw,475,250,0.1,cold,PAR,PSM,2500,725,1.45,9.6,3.2,95.32,11,17,PASS,,11,7.7,15.4
30kw,475,250,0.1,room,PAR,PSM,2500,725,1.45,9.6,3.2,95.32,46,52,PASS,,46,7.7,15.4
30kw,475,250,0.1,hot,PAR,PSM,2500,725,1.45,9.6,3.2,95.31,75,81,PASS,,75,7.7,15.4
30kw,475,250,0.25,cold,PAR,PSM,6250,725,1.45,16.2,7.9,96.74,12,23,PASS,,13,12.9,25.9
30kw,475,250,0.25,room,PAR,PSM,6250,725,1.45,16.2,7.9,96.74,47,58,PASS,,48,12.9,25.9
30kw,475,250,0.25,hot,PAR,PSM,6250,725,1.45,16.2,7.9,96.73,76,87,PASS,,77,12.9,25.9
30kw,475,250,0.5,cold,PAR,PSM,12500,725,1.45,29.4,15.8,96.83,15,37,PASS,,16,23.5,47
30kw,475,250,0.5,room,PAR,PSM,12500,725,1.45,29.4,15.8,96.81,51,73,PASS,,51,23.5,47
30kw,475,250,0.5,hot,PAR,PSM,12500,725,1.45,29.4,15.8,96.8,80,103,PASS,,80,23.5,47
30kw,475,250,0.75,cold,PAR,PSM,18750,725,1.45,43.2,23.7,96.55,19,57,PASS,,21,34.6,69.2
30kw,475,250,0.75,room,PAR,PSM,18750,725,1.45,43.2,23.7,96.53,55,95,PASS,,56,34.6,69.2
30kw,475,250,0.75,hot,PAR,PSM,18750,725,1.45,43.2,23.7,96.51,84,126,PASS,,85,34.6,69.2
30kw,475,250,1,cold,PAR,PSM,25000,725,1.45,57.2,31.6,96.19,24,84,PASS,,26,45.8,91.6
30kw,475,250,1,room,PAR,PSM,25000,725,1.45,57.2,31.6,96.16,60,124,PASS,,61,45.8,91.6
30kw,475,250,1,hot,PAR,PSM,25000,725,1.45,53.3,31.6,96.19,90,147,PASS,thermal derate to 93% ,89,42.7,85.3
30kw,475,300,0,cold,PAR,IDLE,0,725,,0,0,,,,PASS,standby
30kw,475,300,0,room,PAR,IDLE,0,725,,0,0,,,,PASS,standby
30kw,475,300,0,hot,PAR,IDLE,0,725,,0,0,,,,PASS,standby
30kw,475,300,0.05,cold,PAR,PSM,1500,725,1.45,9.8,1.9,93.33,10,17,PASS,,10,7.8,15.6
30kw,475,300,0.05,room,PAR,PSM,1500,725,1.45,9.8,1.9,93.33,45,52,PASS,,45,7.8,15.6
30kw,475,300,0.05,hot,PAR,PSM,1500,725,1.45,9.8,1.9,93.33,74,81,PASS,,74,7.8,15.6
30kw,475,300,0.1,cold,PAR,PSM,3000,725,1.45,10.9,3.8,95.83,11,18,PASS,,11,8.7,17.5
30kw,475,300,0.1,room,PAR,PSM,3000,725,1.45,10.9,3.8,95.83,46,53,PASS,,46,8.7,17.5
30kw,475,300,0.1,hot,PAR,PSM,3000,725,1.45,10.9,3.8,95.83,75,82,PASS,,75,8.7,17.5
30kw,475,300,0.25,cold,PAR,PSM,7500,725,1.45,17,9.5,97.13,13,24,PASS,,13,13.6,27.2
30kw,475,300,0.25,room,PAR,PSM,7500,725,1.45,17,9.5,97.12,48,59,PASS,,48,13.6,27.2
30kw,475,300,0.25,hot,PAR,PSM,7500,725,1.45,17,9.5,97.12,77,88,PASS,,77,13.6,27.2
30kw,475,300,0.5,cold,PAR,PFM,15000,725,1.443,29.9,19,97.12,17,34,PASS,,16,18.9,37.9
30kw,475,300,0.5,room,PAR,PFM,15000,725,1.443,29.9,19,97.11,52,70,PASS,,51,18.9,37.9
30kw,475,300,0.5,hot,PAR,PFM,15000,725,1.443,29.9,19,97.09,82,100,PASS,,80,18.9,37.9
30kw,475,300,0.75,cold,PAR,PFM,22500,725,1.402,43.6,28.5,96.87,22,50,PASS,,21,25.6,52.9
30kw,475,300,0.75,room,PAR,PFM,22500,725,1.402,43.6,28.5,96.85,58,87,PASS,,56,25.6,52.9
30kw,475,300,0.75,hot,PAR,PFM,22500,725,1.402,43.6,28.5,96.82,88,119,PASS,,85,25.6,52.9
30kw,475,300,1,cold,PAR,PFM,30000,725,1.362,57.6,38,96.54,29,72,PASS,,26,32.2,68.5
30kw,475,300,1,room,PAR,PFM,30000,725,1.362,57.6,38,96.51,65,112,PASS,,61,32.2,68.5
30kw,475,300,1,hot,PAR,PFM,30000,725,1.362,57.6,38,96.48,96,145,PASS,,90,32.2,68.5
30kw,475,400,0,cold,PAR,IDLE,0,830,,0,0,,,,PASS,standby
30kw,475,400,0,room,PAR,IDLE,0,830,,0,0,,,,PASS,standby
30kw,475,400,0,hot,PAR,IDLE,0,830,,0,0,,,,PASS,standby
30kw,475,400,0.05,cold,PAR,PFM,1500,830,1.084,16.8,1.9,92.18,11,21,PASS,,10,10.2,23.7
30kw,475,400,0.05,room,PAR,PFM,1500,830,1.084,16.8,1.9,92.18,46,56,PASS,,45,10.2,23.7
30kw,475,400,0.05,hot,PAR,PFM,1500,830,1.084,16.8,1.9,92.17,75,85,PASS,,74,10.2,23.7
30kw,475,400,0.1,cold,PAR,PFM,3000,830,1.084,17.2,3.8,95.39,11,21,PASS,,11,10.4,24.3
30kw,475,400,0.1,room,PAR,PFM,3000,830,1.084,17.2,3.8,95.39,46,56,PASS,,46,10.4,24.3
30kw,475,400,0.1,hot,PAR,PFM,3000,830,1.084,17.2,3.8,95.39,75,86,PASS,,75,10.4,24.3
30kw,475,400,0.25,cold,PAR,PFM,7500,830,1.084,19.8,9.5,97.24,13,23,PASS,,12,12,27.9
30kw,475,400,0.25,room,PAR,PFM,7500,830,1.084,19.8,9.5,97.23,48,59,PASS,,47,12,27.9
30kw,475,400,0.25,hot,PAR,PFM,7500,830,1.084,19.8,9.5,97.23,77,88,PASS,,76,12,27.9
30kw,475,400,0.5,cold,PAR,PFM,15000,830,1.083,27,19,97.61,18,29,PASS,,15,15.4,36.1
30kw,475,400,0.5,room,PAR,PFM,15000,830,1.083,27,19,97.59,53,65,PASS,,50,15.4,36.1
30kw,475,400,0.5,hot,PAR,PFM,15000,830,1.083,27,19,97.58,82,95,PASS,,79,15.4,36.1
30kw,475,400,0.75,cold,PAR,PFM,22500,830,1.082,36,28.5,97.58,23,36,PASS,,17,16.4,38.4
30kw,475,400,0.75,room,PAR,PFM,22500,830,1.082,36,28.5,97.56,59,72,PASS,,52,16.4,38.4
30kw,475,400,0.75,hot,PAR,PFM,22500,830,1.082,36,28.5,97.54,89,103,PASS,,81,16.4,38.4
30kw,475,400,1,cold,PAR,PFM,30000,830,1.081,45.7,38,97.42,30,45,PASS,,21,17.7,41.4
30kw,475,400,1,room,PAR,PFM,30000,830,1.081,45.7,38,97.39,67,83,PASS,,56,17.7,41.4
30kw,475,400,1,hot,PAR,PFM,30000,830,1.081,45.7,38,97.36,97,114,PASS,,85,17.7,41.4
30kw,475,500,0,cold,PAR,IDLE,0,830,,0,0,,,,PASS,standby
30kw,475,500,0,room,PAR,IDLE,0,830,,0,0,,,,PASS,standby
30kw,475,500,0,hot,PAR,IDLE,0,830,,0,0,,,,PASS,standby
30kw,475,500,0.05,cold,PAR,PFM,1500,830,0.609,37.1,1.9,87.42,11,33,PASS,,10,12.6,52.5
30kw,475,500,0.05,room,PAR,PFM,1500,830,0.609,37.1,1.9,87.42,46,70,PASS,,45,12.6,52.5
30kw,475,500,0.05,hot,PAR,PFM,1500,830,0.609,37.1,1.9,87.42,75,101,PASS,,74,12.6,52.5
30kw,475,500,0.1,cold,PAR,PFM,3000,830,0.608,37.2,3.8,92.88,11,33,PASS,,11,12.7,52.7
30kw,475,500,0.1,room,PAR,PFM,3000,830,0.608,37.2,3.8,92.88,46,70,PASS,,46,12.7,52.7
30kw,475,500,0.1,hot,PAR,PFM,3000,830,0.608,37.2,3.8,92.88,75,101,PASS,,75,12.7,52.7
30kw,475,500,0.25,cold,PAR,PFM,7500,830,0.607,38.1,9.5,96.37,13,34,PASS,,12,12.9,53.9
30kw,475,500,0.25,room,PAR,PFM,7500,830,0.607,38.1,9.5,96.36,48,71,PASS,,47,12.9,53.9
30kw,475,500,0.25,hot,PAR,PFM,7500,830,0.607,38.1,9.5,96.36,77,102,PASS,,76,12.9,53.9
30kw,475,500,0.5,cold,PAR,PFM,15000,830,0.602,41.1,19,97.39,18,37,PASS,,13,13.8,58.2
30kw,475,500,0.5,room,PAR,PFM,15000,830,0.602,41.1,19,97.37,53,75,PASS,,48,13.8,58.2
30kw,475,500,0.5,hot,PAR,PFM,15000,830,0.602,41.1,19,97.36,82,106,PASS,,77,13.8,58.2
30kw,475,500,0.75,cold,PAR,PFM,22500,830,0.593,45.8,28.5,97.56,23,43,PASS,,16,15.2,64.8
30kw,475,500,0.75,room,PAR,PFM,22500,830,0.593,45.8,28.5,97.54,59,81,PASS,,51,15.2,64.8
30kw,475,500,0.75,hot,PAR,PFM,22500,830,0.593,45.8,28.5,97.52,89,112,PASS,,80,15.2,64.8
30kw,475,500,1,cold,PAR,PFM,30000,830,0.579,51.7,38,97.55,30,49,PASS,,18,14.8,64.7
30kw,475,500,1,room,PAR,PFM,30000,830,0.579,51.7,38,97.52,67,88,PASS,,53,14.8,64.7
30kw,475,500,1,hot,PAR,PFM,30000,830,0.579,51.7,38,97.49,97,120,PASS,,82,14.8,64.7
30kw,475,500,0,cold,SER,IDLE,0,725,,0,0,,,,PASS,standby
30kw,475,500,0,room,SER,IDLE,0,725,,0,0,,,,PASS,standby
30kw,475,500,0,hot,SER,IDLE,0,725,,0,0,,,,PASS,standby
30kw,475,500,0.05,cold,SER,PSM,1500,725,1.45,8.5,1.9,93.68,10,16,PASS,,11,6.8,13.6
30kw,475,500,0.05,room,SER,PSM,1500,725,1.45,8.5,1.9,93.68,45,51,PASS,,46,6.8,13.6
30kw,475,500,0.05,hot,SER,PSM,1500,725,1.45,8.5,1.9,93.68,74,80,PASS,,75,6.8,13.6
30kw,475,500,0.1,cold,SER,PSM,3000,725,1.45,10.3,3.8,95.95,11,18,PASS,,11,8.3,16.5
30kw,475,500,0.1,room,SER,PSM,3000,725,1.45,10.3,3.8,95.95,46,53,PASS,,46,8.3,16.5
30kw,475,500,0.1,hot,SER,PSM,3000,725,1.45,10.3,3.8,95.95,75,82,PASS,,75,8.3,16.5
30kw,475,500,0.25,cold,SER,PSM,7500,725,1.45,18.7,9.5,97.03,13,25,PASS,,13,15,29.9
30kw,475,500,0.25,room,SER,PSM,7500,725,1.45,18.7,9.5,97.02,48,61,PASS,,48,15,29.9
30kw,475,500,0.25,hot,SER,PSM,7500,725,1.45,18.7,9.5,97.02,77,90,PASS,,77,15,29.9
30kw,475,500,0.5,cold,SER,PSM,15000,725,1.45,34.9,19,96.93,17,44,PASS,,18,27.9,55.8
30kw,475,500,0.5,room,SER,PSM,15000,725,1.45,34.9,19,96.92,52,81,PASS,,53,27.9,55.8
30kw,475,500,0.5,hot,SER,PSM,15000,725,1.45,34.9,19,96.9,82,111,PASS,,82,27.9,55.8
30kw,475,500,0.75,cold,SER,PSM,22500,725,1.45,51.6,28.5,96.53,22,72,PASS,,24,41.3,82.6
30kw,475,500,0.75,room,SER,PSM,22500,725,1.45,51.6,28.5,96.51,58,111,PASS,,59,41.3,82.6
30kw,475,500,0.75,hot,SER,PSM,22500,725,1.45,51.6,28.5,96.49,88,143,PASS,,88,41.3,82.6
30kw,475,500,1,cold,SER,PSM,30000,725,1.45,68.5,38,96.07,29,112,PASS,,31,54.8,109.6
30kw,475,500,1,room,SER,PSM,30000,725,1.45,63.7,38,96.1,65,140,PASS,thermal derate to 93% ,64,51,102
30kw,475,500,1,hot,SER,PSM,30000,725,1.45,51.5,38,96.2,96,143,PASS,thermal derate to 75% ,88,41.2,82.4
30kw,475,750,0,cold,SER,IDLE,0,789,,0,0,,,,PASS,standby
30kw,475,750,0,room,SER,IDLE,0,789,,0,0,,,,PASS,standby
30kw,475,750,0,hot,SER,IDLE,0,789,,0,0,,,,PASS,standby
30kw,475,750,0.05,cold,SER,PFM,1500,789,1.119,15.3,1.9,92.7,11,19,PASS,,10,9.1,21.6
30kw,475,750,0.05,room,SER,PFM,1500,789,1.119,15.3,1.9,92.7,46,55,PASS,,45,9.1,21.6
30kw,475,750,0.05,hot,SER,PFM,1500,789,1.119,15.3,1.9,92.7,75,84,PASS,,74,9.1,21.6
30kw,475,750,0.1,cold,SER,PFM,3000,789,1.119,15.8,3.8,95.7,11,20,PASS,,11,9.4,22.3
30kw,475,750,0.1,room,SER,PFM,3000,789,1.119,15.8,3.8,95.7,46,55,PASS,,46,9.4,22.3
30kw,475,750,0.1,hot,SER,PFM,3000,789,1.119,15.8,3.8,95.7,75,84,PASS,,75,9.4,22.3
30kw,475,750,0.25,cold,SER,PFM,7500,789,1.118,18.9,9.5,97.39,13,22,PASS,,12,11.2,26.7
30kw,475,750,0.25,room,SER,PFM,7500,789,1.118,18.9,9.5,97.38,48,58,PASS,,47,11.2,26.7
30kw,475,750,0.25,hot,SER,PFM,7500,789,1.118,18.9,9.5,97.37,77,87,PASS,,76,11.2,26.7
30kw,475,750,0.5,cold,SER,PFM,15000,789,1.117,27.3,19,97.7,17,28,PASS,,15,14.4,34.3
30kw,475,750,0.5,room,SER,PFM,15000,789,1.117,27.3,19,97.69,53,64,PASS,,50,14.4,34.3
30kw,475,750,0.5,hot,SER,PFM,15000,789,1.117,27.3,19,97.67,82,94,PASS,,79,14.4,34.3
30kw,475,750,0.75,cold,SER,PFM,22500,789,1.115,37.2,28.5,97.63,23,36,PASS,,18,15.9,38
30kw,475,750,0.75,room,SER,PFM,22500,789,1.115,37.2,28.5,97.6,59,73,PASS,,53,15.9,38
30kw,475,750,0.75,hot,SER,PFM,22500,789,1.115,37.2,28.5,97.58,88,104,PASS,,82,15.9,38
30kw,475,750,1,cold,SER,PFM,30000,789,1.113,47.8,38,97.43,30,47,PASS,,22,17.8,42.7
30kw,475,750,1,room,SER,PFM,30000,789,1.113,47.8,38,97.39,66,85,PASS,,57,17.8,42.7
30kw,475,750,1,hot,SER,PFM,30000,789,1.113,47.8,38,97.37,96,117,PASS,,86,17.8,42.7
30kw,475,1000,0,cold,SER,IDLE,0,830,,0,0,,,,PASS,standby
30kw,475,1000,0,room,SER,IDLE,0,830,,0,0,,,,PASS,standby
30kw,475,1000,0,hot,SER,IDLE,0,830,,0,0,,,,PASS,standby
30kw,475,1000,0.05,cold,SER,PFM,1500,830,0.609,37.1,1.9,87.5,11,33,PASS,,10,12.6,52.5
30kw,475,1000,0.05,room,SER,PFM,1500,830,0.609,37.1,1.9,87.5,46,70,PASS,,45,12.6,52.5
30kw,475,1000,0.05,hot,SER,PFM,1500,830,0.609,37.1,1.9,87.5,75,101,PASS,,74,12.6,52.5
30kw,475,1000,0.1,cold,SER,PFM,3000,830,0.608,37.2,3.8,92.97,11,33,PASS,,11,12.7,52.7
30kw,475,1000,0.1,room,SER,PFM,3000,830,0.608,37.2,3.8,92.97,46,70,PASS,,46,12.7,52.7
30kw,475,1000,0.1,hot,SER,PFM,3000,830,0.608,37.2,3.8,92.97,75,101,PASS,,75,12.7,52.7
30kw,475,1000,0.25,cold,SER,PFM,7500,830,0.607,38.1,9.5,96.47,13,34,PASS,,12,12.9,53.9
30kw,475,1000,0.25,room,SER,PFM,7500,830,0.607,38.1,9.5,96.46,48,71,PASS,,47,12.9,53.9
30kw,475,1000,0.25,hot,SER,PFM,7500,830,0.607,38.1,9.5,96.45,77,102,PASS,,76,12.9,53.9
30kw,475,1000,0.5,cold,SER,PFM,15000,830,0.602,41.1,19,97.49,18,37,PASS,,13,13.8,58.2
30kw,475,1000,0.5,room,SER,PFM,15000,830,0.602,41.1,19,97.47,53,75,PASS,,48,13.8,58.2
30kw,475,1000,0.5,hot,SER,PFM,15000,830,0.602,41.1,19,97.45,82,106,PASS,,77,13.8,58.2
30kw,475,1000,0.75,cold,SER,PFM,22500,830,0.593,45.8,28.5,97.66,23,43,PASS,,16,15.2,64.8
30kw,475,1000,0.75,room,SER,PFM,22500,830,0.593,45.8,28.5,97.64,59,81,PASS,,51,15.2,64.8
30kw,475,1000,0.75,hot,SER,PFM,22500,830,0.593,45.8,28.5,97.62,89,112,PASS,,80,15.2,64.8
30kw,475,1000,1,cold,SER,PFM,30000,830,0.579,51.7,38,97.65,30,49,PASS,,18,14.8,64.7
30kw,475,1000,1,room,SER,PFM,30000,830,0.579,51.7,38,97.62,67,88,PASS,,53,14.8,64.7
30kw,475,1000,1,hot,SER,PFM,30000,830,0.579,51.7,38,97.59,97,120,PASS,,82,14.8,64.7
40kw,285,150,0,cold,PAR,IDLE,0,650,,0,0,,,,PASS,standby
40kw,285,150,0,room,PAR,IDLE,0,650,,0,0,,,,PASS,standby
40kw,285,150,0,hot,PAR,IDLE,0,650,,0,0,,,,PASS,standby
40kw,285,150,0.05,cold,PAR,PSM,998,650,1.45,6.3,2.1,34.83,10,173,FAIL,LIMIT: TjLLC eta<88,10,7,10
40kw,285,150,0.05,room,PAR,PSM,998,650,1.45,6.3,2.1,34.83,46,208,FAIL,LIMIT: TjLLC eta<88,45,7,10
40kw,285,150,0.05,hot,PAR,PSM,998,650,1.45,6.3,2.1,34.82,76,238,FAIL,LIMIT: TjLLC eta<88,75,7,10
40kw,285,150,0.1,cold,PAR,PSM,1995,650,1.45,7,4.2,51.27,11,173,FAIL,LIMIT: TjLLC eta<88,11,7.9,11.2
40kw,285,150,0.1,room,PAR,PSM,1995,650,1.45,7,4.2,51.27,46,208,FAIL,LIMIT: TjLLC eta<88,46,7.9,11.2
40kw,285,150,0.1,hot,PAR,PSM,1995,650,1.45,7,4.2,51.26,76,238,FAIL,LIMIT: TjLLC eta<88,76,7.9,11.2
40kw,285,150,0.25,cold,PAR,PSM,4988,650,1.45,10.9,10.5,71.29,13,173,FAIL,LIMIT: TjLLC eta<88,12,12.2,17.5
40kw,285,150,0.25,room,PAR,PSM,4988,650,1.45,10.9,10.5,71.28,48,208,FAIL,LIMIT: TjLLC eta<88,47,12.2,17.5
40kw,285,150,0.25,hot,PAR,PSM,4988,650,1.45,10.9,10.5,71.27,78,238,FAIL,LIMIT: TjLLC eta<88,77,12.2,17.5
40kw,285,150,0.5,cold,PAR,PSM,9975,650,1.45,19.2,21,81.56,17,174,FAIL,LIMIT: TjLLC eta<88,14,21.5,30.7
40kw,285,150,0.5,room,PAR,PSM,9975,650,1.45,19.2,21,81.52,52,209,FAIL,LIMIT: TjLLC eta<88,49,21.5,30.7
40kw,285,150,0.5,hot,PAR,PSM,9975,650,1.45,19.2,21,81.5,83,239,FAIL,LIMIT: TjLLC eta<88,79,21.5,30.7
40kw,285,150,0.75,cold,PAR,PSM,14963,650,1.45,28,31.6,85.35,22,175,FAIL,LIMIT: TjLLC eta<88,16,31.4,44.8
40kw,285,150,0.75,room,PAR,PSM,14963,650,1.45,28,31.6,85.29,58,211,FAIL,LIMIT: TjLLC eta<88,51,31.4,44.8
40kw,285,150,0.75,hot,PAR,PSM,14963,650,1.45,28,31.6,85.24,89,241,FAIL,LIMIT: TjLLC eta<88,81,31.4,44.8
40kw,285,150,1,cold,PAR,PSM,19950,650,1.45,37,42.1,87.12,29,178,FAIL,LIMIT: TjLLC eta<88,19,41.4,59.2
40kw,285,150,1,room,PAR,PSM,19950,650,1.45,37,42.1,87.05,65,213,FAIL,LIMIT: TjLLC eta<88,54,41.4,59.2
40kw,285,150,1,hot,PAR,PSM,19950,650,1.45,37,42.1,86.98,96,243,FAIL,LIMIT: TjLLC eta<88,84,41.4,59.2
40kw,285,200,0,cold,PAR,IDLE,0,650,,0,0,,,,PASS,standby
40kw,285,200,0,room,PAR,IDLE,0,650,,0,0,,,,PASS,standby
40kw,285,200,0,hot,PAR,IDLE,0,650,,0,0,,,,PASS,standby
40kw,285,200,0.05,cold,PAR,PSM,1330,650,1.45,8.8,2.8,85,11,34,PASS,,11,9.9,14.2
40kw,285,200,0.05,room,PAR,PSM,1330,650,1.45,8.8,2.8,85,46,69,PASS,,46,9.9,14.2
40kw,285,200,0.05,hot,PAR,PSM,1330,650,1.45,8.8,2.8,84.99,76,99,PASS,,76,9.9,14.2
40kw,285,200,0.1,cold,PAR,PSM,2660,650,1.45,11,5.6,90.87,11,35,PASS,,11,12.3,17.6
40kw,285,200,0.1,room,PAR,PSM,2660,650,1.45,11,5.6,90.87,46,70,PASS,,46,12.3,17.6
40kw,285,200,0.1,hot,PAR,PSM,2660,650,1.45,11,5.6,90.86,76,100,PASS,,76,12.3,17.6
40kw,285,200,0.25,cold,PAR,PSM,6650,650,1.45,20.5,14,94.41,14,35,PASS,,14,22.9,32.8
40kw,285,200,0.25,room,PAR,PSM,6650,650,1.45,20.5,14,94.39,49,70,PASS,,49,22.9,32.8
40kw,285,200,0.25,hot,PAR,PSM,6650,650,1.45,20.5,14,94.38,79,100,PASS,,79,22.9,32.8
40kw,285,200,0.5,cold,PAR,PSM,13300,650,1.45,38.5,28.1,95.11,20,38,PASS,,19,43.1,61.7
40kw,285,200,0.5,room,PAR,PSM,13300,650,1.45,38.5,28.1,95.08,56,73,PASS,,54,43.1,61.7
40kw,285,200,0.5,hot,PAR,PSM,13300,650,1.45,38.5,28.1,95.06,86,104,PASS,,84,43.1,61.7
40kw,285,200,0.75,cold,PAR,PSM,19950,650,1.45,57.1,42.1,94.93,29,44,PASS,,26,63.9,91.4
40kw,285,200,0.75,room,PAR,PSM,19950,650,1.45,57.1,42.1,94.89,65,80,PASS,,61,63.9,91.4
40kw,285,200,0.75,hot,PAR,PSM,19950,650,1.45,57.1,42.1,94.85,96,111,PASS,,91,63.9,91.4
40kw,285,200,1,cold,PAR,PSM,26600,650,1.45,75.8,56.1,94.53,40,59,PASS,,35,84.9,121.3
40kw,285,200,1,room,PAR,PSM,26600,650,1.45,75.8,56.1,94.47,77,96,PASS,,70,84.9,121.3
40kw,285,200,1,hot,PAR,PSM,26600,650,1.45,75.8,56.1,94.42,109,128,PASS,,100,84.9,121.3
40kw,285,250,0,cold,PAR,IDLE,0,650,,0,0,,,,PASS,standby
40kw,285,250,0,room,PAR,IDLE,0,650,,0,0,,,,PASS,standby
40kw,285,250,0,hot,PAR,IDLE,0,650,,0,0,,,,PASS,standby
40kw,285,250,0.05,cold,PAR,PSM,1663,650,1.45,10.7,3.5,93.05,11,15,PASS,,11,12,17.1
40kw,285,250,0.05,room,PAR,PSM,1663,650,1.45,10.7,3.5,93.05,46,50,PASS,,46,12,17.1
40kw,285,250,0.05,hot,PAR,PSM,1663,650,1.45,10.7,3.5,93.05,76,80,PASS,,76,12,17.1
40kw,285,250,0.1,cold,PAR,PSM,3325,650,1.45,12.5,7,95.47,12,16,PASS,,11,14,20
40kw,285,250,0.1,room,PAR,PSM,3325,650,1.45,12.5,7,95.46,47,51,PASS,,46,14,20
40kw,285,250,0.1,hot,PAR,PSM,3325,650,1.45,12.5,7,95.46,77,81,PASS,,76,14,20
40kw,285,250,0.25,cold,PAR,PSM,8313,650,1.45,21.3,17.5,96.6,16,21,PASS,,14,23.9,34.1
40kw,285,250,0.25,room,PAR,PSM,8313,650,1.45,21.3,17.5,96.58,51,56,PASS,,49,23.9,34.1
40kw,285,250,0.25,hot,PAR,PSM,8313,650,1.45,21.3,17.5,96.56,81,86,PASS,,79,23.9,34.1
40kw,285,250,0.5,cold,PAR,PSM,16625,650,1.45,39,35.1,96.45,24,31,PASS,,19,43.7,62.4
40kw,285,250,0.5,room,PAR,PSM,16625,650,1.45,39,35.1,96.41,60,67,PASS,,54,43.7,62.4
40kw,285,250,0.5,hot,PAR,PSM,16625,650,1.45,39,35.1,96.38,91,97,PASS,,84,43.7,62.4
40kw,285,250,0.75,cold,PAR,PSM,24938,650,1.45,57.4,52.6,95.98,37,44,PASS,,26,64.3,91.9
40kw,285,250,0.75,room,PAR,PSM,24938,650,1.45,57.4,52.6,95.93,74,80,PASS,,61,64.3,91.9
40kw,285,250,0.75,hot,PAR,PSM,24938,650,1.45,57.4,52.6,95.88,106,111,PASS,,91,64.3,91.9
40kw,285,250,1,cold,PAR,PFM,33250,650,1.435,76.1,70.1,95.19,54,53,PASS,,35,69.9,101
40kw,285,250,1,room,PAR,PFM,33250,650,1.435,76.1,70.1,95.11,93,90,PASS,,70,69.9,101
40kw,285,250,1,hot,PAR,PFM,33250,650,1.435,76.1,70.1,95.04,126,121,PASS,,100,69.9,101
40kw,285,300,0,cold,PAR,IDLE,0,650,,0,0,,,,PASS,standby
40kw,285,300,0,room,PAR,IDLE,0,650,,0,0,,,,PASS,standby
40kw,285,300,0,hot,PAR,IDLE,0,650,,0,0,,,,PASS,standby
40kw,285,300,0.05,cold,PAR,PFM,1727,650,1.191,15,3.6,92.96,11,15,PASS,,11,12.2,21.2
40kw,285,300,0.05,room,PAR,PFM,1727,650,1.191,15,3.6,92.96,46,50,PASS,,46,12.2,21.2
40kw,285,300,0.05,hot,PAR,PFM,1727,650,1.191,15,3.6,92.96,76,80,PASS,,76,12.2,21.2
40kw,285,300,0.1,cold,PAR,PFM,3455,650,1.191,16,7.3,95.56,12,16,PASS,,11,13,22.6
40kw,285,300,0.1,room,PAR,PFM,3455,650,1.191,16,7.3,95.55,47,51,PASS,,46,13,22.6
40kw,285,300,0.1,hot,PAR,PFM,3455,650,1.191,16,7.3,95.55,77,81,PASS,,76,13,22.6
40kw,285,300,0.25,cold,PAR,PFM,8636,650,1.189,21.9,18.2,96.83,16,18,PASS,,13,17.8,31
40kw,285,300,0.25,room,PAR,PFM,8636,650,1.189,21.9,18.2,96.81,51,53,PASS,,48,17.8,31
40kw,285,300,0.25,hot,PAR,PFM,8636,650,1.189,21.9,18.2,96.79,81,83,PASS,,78,17.8,31
40kw,285,300,0.5,cold,PAR,PFM,17273,650,1.184,35.8,36.4,96.89,25,22,PASS,,18,22.7,39.7
40kw,285,300,0.5,room,PAR,PFM,17273,650,1.184,35.8,36.4,96.85,61,57,PASS,,53,22.7,39.7
40kw,285,300,0.5,hot,PAR,PFM,17273,650,1.184,35.8,36.4,96.82,92,88,PASS,,83,22.7,39.7
40kw,285,300,0.75,cold,PAR,PFM,25909,650,1.176,51.2,54.7,96.55,39,27,PASS,,23,27.9,49.2
40kw,285,300,0.75,room,PAR,PFM,25909,650,1.176,51.2,54.7,96.49,76,63,PASS,,58,27.9,49.2
40kw,285,300,0.75,hot,PAR,PFM,25909,650,1.176,51.2,54.7,96.43,108,94,PASS,,88,27.9,49.2
40kw,285,300,1,cold,PAR,PFM,34545,650,1.167,67,72.9,96.08,57,34,PASS,,30,33.8,60
40kw,285,300,1,room,PAR,PFM,34545,650,1.167,67,72.9,96,97,71,PASS,,65,33.8,60
40kw,285,300,1,hot,PAR,PFM,34545,650,1.167,67,72.9,95.92,130,102,PASS,,95,33.8,60
40kw,285,400,0,cold,PAR,IDLE,0,830,,0,0,,,,PASS,standby
40kw,285,400,0,room,PAR,IDLE,0,830,,0,0,,,,PASS,standby
40kw,285,400,0,hot,PAR,IDLE,0,830,,0,0,,,,PASS,standby
40kw,285,400,0.05,cold,PAR,PFM,1727,830,1.084,21.6,3.6,91.1,11,19,PASS,,10,20.4,30.5
40kw,285,400,0.05,room,PAR,PFM,1727,830,1.084,21.6,3.6,91.1,46,54,PASS,,45,20.4,30.5
40kw,285,400,0.05,hot,PAR,PFM,1727,830,1.084,21.6,3.6,91.1,76,84,PASS,,75,20.4,30.5
40kw,285,400,0.1,cold,PAR,PFM,3455,830,1.084,22,7.3,94.75,12,19,PASS,,11,20.7,31.1
40kw,285,400,0.1,room,PAR,PFM,3455,830,1.084,22,7.3,94.74,47,55,PASS,,46,20.7,31.1
40kw,285,400,0.1,hot,PAR,PFM,3455,830,1.084,22,7.3,94.73,77,85,PASS,,76,20.7,31.1
40kw,285,400,0.25,cold,PAR,PFM,8636,830,1.084,24.7,18.2,96.8,17,21,PASS,,12,23.3,34.9
40kw,285,400,0.25,room,PAR,PFM,8636,830,1.084,24.7,18.2,96.78,52,56,PASS,,47,23.3,34.9
40kw,285,400,0.25,hot,PAR,PFM,8636,830,1.084,24.7,18.2,96.77,82,86,PASS,,77,23.3,34.9
40kw,285,400,0.5,cold,PAR,PFM,17273,830,1.083,32.5,36.4,97.09,27,25,PASS,,15,30.7,46
40kw,285,400,0.5,room,PAR,PFM,17273,830,1.083,32.5,36.4,97.05,63,60,PASS,,50,30.7,46
40kw,285,400,0.5,hot,PAR,PFM,17273,830,1.083,32.5,36.4,97.02,94,90,PASS,,80,30.7,46
40kw,285,400,0.75,cold,PAR,PFM,25909,830,1.083,42.5,54.7,96.97,42,27,PASS,,19,32.3,48.4
40kw,285,400,0.75,room,PAR,PFM,25909,830,1.083,42.5,54.7,96.91,80,63,PASS,,54,32.3,48.4
40kw,285,400,0.75,hot,PAR,PFM,25909,830,1.083,42.5,54.7,96.86,112,93,PASS,,84,32.3,48.4
40kw,285,400,1,cold,PAR,PFM,34545,830,1.082,53.5,72.9,96.67,63,30,PASS,,23,34.4,51.6
40kw,285,400,1,room,PAR,PFM,34545,830,1.082,53.5,72.9,96.58,102,66,PASS,,58,34.4,51.6
40kw,285,400,1,hot,PAR,PFM,34545,830,1.082,53.5,72.9,96.5,135,97,PASS,,88,34.4,51.6
40kw,285,500,0,cold,PAR,IDLE,0,830,,0,0,,,,PASS,standby
40kw,285,500,0,room,PAR,IDLE,0,830,,0,0,,,,PASS,standby
40kw,285,500,0,hot,PAR,IDLE,0,830,,0,0,,,,PASS,standby
40kw,285,500,0.05,cold,PAR,PFM,1727,830,0.609,47.7,3.6,87.07,11,25,PASS,,10,25.3,67.5
40kw,285,500,0.05,room,PAR,PFM,1727,830,0.609,47.7,3.6,87.06,46,61,PASS,,45,25.3,67.5
40kw,285,500,0.05,hot,PAR,PFM,1727,830,0.609,47.7,3.6,87.06,76,92,PASS,,75,25.3,67.5
40kw,285,500,0.1,cold,PAR,PFM,3455,830,0.608,47.9,7.3,92.63,12,25,PASS,,11,25.4,67.7
40kw,285,500,0.1,room,PAR,PFM,3455,830,0.608,47.9,7.3,92.62,47,61,PASS,,46,25.4,67.7
40kw,285,500,0.1,hot,PAR,PFM,3455,830,0.608,47.9,7.3,92.61,77,92,PASS,,76,25.4,67.7
40kw,285,500,0.25,cold,PAR,PFM,8636,830,0.607,48.8,18.2,96.11,17,26,PASS,,12,25.8,69
40kw,285,500,0.25,room,PAR,PFM,8636,830,0.607,48.8,18.2,96.1,52,62,PASS,,47,25.8,69
40kw,285,500,0.25,hot,PAR,PFM,8636,830,0.607,48.8,18.2,96.08,82,92,PASS,,77,25.8,69
40kw,285,500,0.5,cold,PAR,PFM,17273,830,0.603,51.9,36.4,97.01,27,27,PASS,,14,27.3,73.4
40kw,285,500,0.5,room,PAR,PFM,17273,830,0.603,51.9,36.4,96.97,63,63,PASS,,49,27.3,73.4
40kw,285,500,0.5,hot,PAR,PFM,17273,830,0.603,51.9,36.4,96.93,94,94,PASS,,79,27.3,73.4
40kw,285,500,0.75,cold,PAR,PFM,25909,830,0.597,56.8,54.7,97.03,42,29,PASS,,17,29.5,80.4
40kw,285,500,0.75,room,PAR,PFM,25909,830,0.597,56.8,54.7,96.96,80,65,PASS,,52,29.5,80.4
40kw,285,500,0.75,hot,PAR,PFM,25909,830,0.597,56.8,54.7,96.91,112,96,PASS,,82,29.5,80.4
40kw,285,500,1,cold,PAR,PFM,34545,830,0.586,63.1,72.9,96.82,63,32,PASS,,20,31.1,86.1
40kw,285,500,1,room,PAR,PFM,34545,830,0.586,63.1,72.9,96.73,102,68,PASS,,55,31.1,86.1
40kw,285,500,1,hot,PAR,PFM,34545,830,0.586,63.1,72.9,96.66,135,99,PASS,,85,31.1,86.1
40kw,285,500,0,cold,SER,IDLE,0,650,,0,0,,,,PASS,standby
40kw,285,500,0,room,SER,IDLE,0,650,,0,0,,,,PASS,standby
40kw,285,500,0,hot,SER,IDLE,0,650,,0,0,,,,PASS,standby
40kw,285,500,0.05,cold,SER,PSM,1727,650,1.45,10.7,3.6,93.42,11,15,PASS,,11,12,17.2
40kw,285,500,0.05,room,SER,PSM,1727,650,1.45,10.7,3.6,93.42,46,50,PASS,,46,12,17.2
40kw,285,500,0.05,hot,SER,PSM,1727,650,1.45,10.7,3.6,93.41,76,80,PASS,,76,12,17.2
40kw,285,500,0.1,cold,SER,PSM,3455,650,1.45,12.7,7.3,95.75,12,16,PASS,,11,14.2,20.3
40kw,285,500,0.1,room,SER,PSM,3455,650,1.45,12.7,7.3,95.74,47,51,PASS,,46,14.2,20.3
40kw,285,500,0.1,hot,SER,PSM,3455,650,1.45,12.7,7.3,95.74,77,81,PASS,,76,14.2,20.3
40kw,285,500,0.25,cold,SER,PSM,8636,650,1.45,22,18.2,96.81,16,21,PASS,,14,24.6,35.2
40kw,285,500,0.25,room,SER,PSM,8636,650,1.45,22,18.2,96.79,51,56,PASS,,49,24.6,35.2
40kw,285,500,0.25,hot,SER,PSM,8636,650,1.45,22,18.2,96.77,81,86,PASS,,79,24.6,35.2
40kw,285,500,0.5,cold,SER,PSM,17273,650,1.45,40.4,36.4,96.61,25,32,PASS,,20,45.2,64.7
40kw,285,500,0.5,room,SER,PSM,17273,650,1.45,40.4,36.4,96.57,61,67,PASS,,55,45.2,64.7
40kw,285,500,0.5,hot,SER,PSM,17273,650,1.45,40.4,36.4,96.54,92,98,PASS,,85,45.2,64.7
40kw,285,500,0.75,cold,SER,PSM,25909,650,1.45,59.6,54.7,96.12,39,46,PASS,,27,66.7,95.4
40kw,285,500,0.75,room,SER,PSM,25909,650,1.45,59.6,54.7,96.06,76,82,PASS,,62,66.7,95.4
40kw,285,500,0.75,hot,SER,PSM,25909,650,1.45,59.6,54.7,96,108,113,PASS,,92,66.7,95.4
40kw,285,500,1,cold,SER,PFM,34545,650,1.426,79,72.9,95.29,57,55,PASS,,36,72.1,104.8
40kw,285,500,1,room,SER,PFM,34545,650,1.426,79,72.9,95.21,97,92,PASS,,71,72.1,104.8
40kw,285,500,1,hot,SER,PFM,34545,650,1.426,79,72.9,95.14,130,124,PASS,,101,72.1,104.8
40kw,285,750,0,cold,SER,IDLE,0,789,,0,0,,,,PASS,standby
40kw,285,750,0,room,SER,IDLE,0,789,,0,0,,,,PASS,standby
40kw,285,750,0,hot,SER,IDLE,0,789,,0,0,,,,PASS,standby
40kw,285,750,0.05,cold,SER,PFM,1727,789,1.119,19.6,3.6,91.75,11,18,PASS,,10,18.2,27.8
40kw,285,750,0.05,room,SER,PFM,1727,789,1.119,19.6,3.6,91.74,46,53,PASS,,45,18.2,27.8
40kw,285,750,0.05,hot,SER,PFM,1727,789,1.119,19.6,3.6,91.74,76,83,PASS,,75,18.2,27.8
40kw,285,750,0.1,cold,SER,PFM,3455,789,1.119,20.1,7.3,95.12,12,18,PASS,,11,18.7,28.5
40kw,285,750,0.1,room,SER,PFM,3455,789,1.119,20.1,7.3,95.12,47,54,PASS,,46,18.7,28.5
40kw,285,750,0.1,hot,SER,PFM,3455,789,1.119,20.1,7.3,95.11,77,84,PASS,,76,18.7,28.5
40kw,285,750,0.25,cold,SER,PFM,8636,789,1.118,23.4,18.2,96.98,17,20,PASS,,13,21.7,33.1
40kw,285,750,0.25,room,SER,PFM,8636,789,1.118,23.4,18.2,96.96,52,55,PASS,,48,21.7,33.1
40kw,285,750,0.25,hot,SER,PFM,8636,789,1.118,23.4,18.2,96.94,82,85,PASS,,78,21.7,33.1
40kw,285,750,0.5,cold,SER,PFM,17273,789,1.118,32.6,36.4,97.21,27,24,PASS,,16,28.4,43.3
40kw,285,750,0.5,room,SER,PFM,17273,789,1.118,32.6,36.4,97.17,63,59,PASS,,51,28.4,43.3
40kw,285,750,0.5,hot,SER,PFM,17273,789,1.118,32.6,36.4,97.14,94,89,PASS,,81,28.4,43.3
40kw,285,750,0.75,cold,SER,PFM,25909,789,1.116,43.8,54.7,97.04,41,27,PASS,,20,30.9,47.3
40kw,285,750,0.75,room,SER,PFM,25909,789,1.116,43.8,54.7,96.98,79,62,PASS,,55,30.9,47.3
40kw,285,750,0.75,hot,SER,PFM,25909,789,1.116,43.8,54.7,96.92,111,93,PASS,,85,30.9,47.3
40kw,285,750,1,cold,SER,PFM,34545,789,1.114,55.8,72.9,96.69,61,31,PASS,,25,34.1,52.3
40kw,285,750,1,room,SER,PFM,34545,789,1.114,55.8,72.9,96.61,101,67,PASS,,60,34.1,52.3
40kw,285,750,1,hot,SER,PFM,34545,789,1.114,55.8,72.9,96.53,134,98,PASS,,90,34.1,52.3
40kw,285,1000,0,cold,SER,IDLE,0,830,,0,0,,,,PASS,standby
40kw,285,1000,0,room,SER,IDLE,0,830,,0,0,,,,PASS,standby
40kw,285,1000,0,hot,SER,IDLE,0,830,,0,0,,,,PASS,standby
40kw,285,1000,0.05,cold,SER,PFM,1727,830,0.609,47.7,3.6,87.15,11,25,PASS,,10,25.3,67.5
40kw,285,1000,0.05,room,SER,PFM,1727,830,0.609,47.7,3.6,87.14,46,61,PASS,,45,25.3,67.5
40kw,285,1000,0.05,hot,SER,PFM,1727,830,0.609,47.7,3.6,87.14,76,92,PASS,,75,25.3,67.5
40kw,285,1000,0.1,cold,SER,PFM,3455,830,0.608,47.9,7.3,92.72,12,25,PASS,,11,25.4,67.7
40kw,285,1000,0.1,room,SER,PFM,3455,830,0.608,47.9,7.3,92.71,47,61,PASS,,46,25.4,67.7
40kw,285,1000,0.1,hot,SER,PFM,3455,830,0.608,47.9,7.3,92.7,77,92,PASS,,76,25.4,67.7
40kw,285,1000,0.25,cold,SER,PFM,8636,830,0.607,48.8,18.2,96.21,17,26,PASS,,12,25.8,69
40kw,285,1000,0.25,room,SER,PFM,8636,830,0.607,48.8,18.2,96.19,52,62,PASS,,47,25.8,69
40kw,285,1000,0.25,hot,SER,PFM,8636,830,0.607,48.8,18.2,96.18,82,92,PASS,,77,25.8,69
40kw,285,1000,0.5,cold,SER,PFM,17273,830,0.603,51.9,36.4,97.1,27,27,PASS,,14,27.3,73.4
40kw,285,1000,0.5,room,SER,PFM,17273,830,0.603,51.9,36.4,97.06,63,63,PASS,,49,27.3,73.4
40kw,285,1000,0.5,hot,SER,PFM,17273,830,0.603,51.9,36.4,97.03,94,94,PASS,,79,27.3,73.4
40kw,285,1000,0.75,cold,SER,PFM,25909,830,0.597,56.8,54.7,97.12,42,29,PASS,,17,29.5,80.4
40kw,285,1000,0.75,room,SER,PFM,25909,830,0.597,56.8,54.7,97.06,80,65,PASS,,52,29.5,80.4
40kw,285,1000,0.75,hot,SER,PFM,25909,830,0.597,56.8,54.7,97.01,112,96,PASS,,82,29.5,80.4
40kw,285,1000,1,cold,SER,PFM,34545,830,0.586,63.1,72.9,96.92,63,32,PASS,,20,31.1,86.1
40kw,285,1000,1,room,SER,PFM,34545,830,0.586,63.1,72.9,96.83,102,68,PASS,,55,31.1,86.1
40kw,285,1000,1,hot,SER,PFM,34545,830,0.586,63.1,72.9,96.76,135,99,PASS,,85,31.1,86.1
40kw,300,150,0,cold,PAR,IDLE,0,650,,0,0,,,,PASS,standby
40kw,300,150,0,room,PAR,IDLE,0,650,,0,0,,,,PASS,standby
40kw,300,150,0,hot,PAR,IDLE,0,650,,0,0,,,,PASS,standby
40kw,300,150,0.05,cold,PAR,PSM,998,650,1.45,6.3,2,34.83,10,173,FAIL,LIMIT: TjLLC eta<88,10,7,10
40kw,300,150,0.05,room,PAR,PSM,998,650,1.45,6.3,2,34.83,45,208,FAIL,LIMIT: TjLLC eta<88,45,7,10
40kw,300,150,0.05,hot,PAR,PSM,998,650,1.45,6.3,2,34.83,75,238,FAIL,LIMIT: TjLLC eta<88,75,7,10
40kw,300,150,0.1,cold,PAR,PSM,1995,650,1.45,7,4,51.27,11,173,FAIL,LIMIT: TjLLC eta<88,11,7.9,11.2
40kw,300,150,0.1,room,PAR,PSM,1995,650,1.45,7,4,51.27,46,208,FAIL,LIMIT: TjLLC eta<88,46,7.9,11.2
40kw,300,150,0.1,hot,PAR,PSM,1995,650,1.45,7,4,51.27,76,238,FAIL,LIMIT: TjLLC eta<88,76,7.9,11.2
40kw,300,150,0.25,cold,PAR,PSM,4988,650,1.45,10.9,10,71.31,13,173,FAIL,LIMIT: TjLLC eta<88,12,12.2,17.5
40kw,300,150,0.25,room,PAR,PSM,4988,650,1.45,10.9,10,71.3,48,208,FAIL,LIMIT: TjLLC eta<88,47,12.2,17.5
40kw,300,150,0.25,hot,PAR,PSM,4988,650,1.45,10.9,10,71.29,78,238,FAIL,LIMIT: TjLLC eta<88,77,12.2,17.5
40kw,300,150,0.5,cold,PAR,PSM,9975,650,1.45,19.2,20,81.61,17,174,FAIL,LIMIT: TjLLC eta<88,14,21.5,30.7
40kw,300,150,0.5,room,PAR,PSM,9975,650,1.45,19.2,20,81.58,52,209,FAIL,LIMIT: TjLLC eta<88,49,21.5,30.7
40kw,300,150,0.5,hot,PAR,PSM,9975,650,1.45,19.2,20,81.55,82,239,FAIL,LIMIT: TjLLC eta<88,79,21.5,30.7
40kw,300,150,0.75,cold,PAR,PSM,14963,650,1.45,28,30,85.43,21,175,FAIL,LIMIT: TjLLC eta<88,16,31.4,44.8
40kw,300,150,0.75,room,PAR,PSM,14963,650,1.45,28,30,85.38,57,211,FAIL,LIMIT: TjLLC eta<88,51,31.4,44.8
40kw,300,150,0.75,hot,PAR,PSM,14963,650,1.45,28,30,85.33,88,241,FAIL,LIMIT: TjLLC eta<88,81,31.4,44.8
40kw,300,150,1,cold,PAR,PSM,19950,650,1.45,37,40,87.24,27,178,FAIL,LIMIT: TjLLC eta<88,19,41.4,59.2
40kw,300,150,1,room,PAR,PSM,19950,650,1.45,37,40,87.16,64,213,FAIL,LIMIT: TjLLC eta<88,54,41.4,59.2
40kw,300,150,1,hot,PAR,PSM,19950,650,1.45,37,40,87.1,95,243,FAIL,LIMIT: TjLLC eta<88,84,41.4,59.2
40kw,300,200,0,cold,PAR,IDLE,0,650,,0,0,,,,PASS,standby
40kw,300,200,0,room,PAR,IDLE,0,650,,0,0,,,,PASS,standby
40kw,300,200,0,hot,PAR,IDLE,0,650,,0,0,,,,PASS,standby
40kw,300,200,0.05,cold,PAR,PSM,1330,650,1.45,8.8,2.7,85,11,34,PASS,,11,9.9,14.2
40kw,300,200,0.05,room,PAR,PSM,1330,650,1.45,8.8,2.7,85,46,69,PASS,,46,9.9,14.2
40kw,300,200,0.05,hot,PAR,PSM,1330,650,1.45,8.8,2.7,85,76,99,PASS,,76,9.9,14.2
40kw,300,200,0.1,cold,PAR,PSM,2660,650,1.45,11,5.3,90.88,11,35,PASS,,11,12.3,17.6
40kw,300,200,0.1,room,PAR,PSM,2660,650,1.45,11,5.3,90.88,46,70,PASS,,46,12.3,17.6
40kw,300,200,0.1,hot,PAR,PSM,2660,650,1.45,11,5.3,90.87,76,100,PASS,,76,12.3,17.6
40kw,300,200,0.25,cold,PAR,PSM,6650,650,1.45,20.5,13.3,94.43,14,35,PASS,,14,22.9,32.8
40kw,300,200,0.25,room,PAR,PSM,6650,650,1.45,20.5,13.3,94.42,49,70,PASS,,49,22.9,32.8
40kw,300,200,0.25,hot,PAR,PSM,6650,650,1.45,20.5,13.3,94.41,79,100,PASS,,79,22.9,32.8
40kw,300,200,0.5,cold,PAR,PSM,13300,650,1.45,38.5,26.7,95.16,20,38,PASS,,19,43.1,61.7
40kw,300,200,0.5,room,PAR,PSM,13300,650,1.45,38.5,26.7,95.13,55,73,PASS,,54,43.1,61.7
40kw,300,200,0.5,hot,PAR,PSM,13300,650,1.45,38.5,26.7,95.11,86,104,PASS,,84,43.1,61.7
40kw,300,200,0.75,cold,PAR,PSM,19950,650,1.45,57.1,40,95,27,44,PASS,,26,63.9,91.4
40kw,300,200,0.75,room,PAR,PSM,19950,650,1.45,57.1,40,94.96,64,80,PASS,,61,63.9,91.4
40kw,300,200,0.75,hot,PAR,PSM,19950,650,1.45,57.1,40,94.92,95,111,PASS,,91,63.9,91.4
40kw,300,200,1,cold,PAR,PSM,26600,650,1.45,75.8,53.3,94.62,37,59,PASS,,35,84.9,121.3
40kw,300,200,1,room,PAR,PSM,26600,650,1.45,75.8,53.3,94.56,75,96,PASS,,70,84.9,121.3
40kw,300,200,1,hot,PAR,PSM,26600,650,1.45,75.8,53.3,94.52,106,128,PASS,,100,84.9,121.3
40kw,300,250,0,cold,PAR,IDLE,0,650,,0,0,,,,PASS,standby
40kw,300,250,0,room,PAR,IDLE,0,650,,0,0,,,,PASS,standby
40kw,300,250,0,hot,PAR,IDLE,0,650,,0,0,,,,PASS,standby
40kw,300,250,0.05,cold,PAR,PSM,1663,650,1.45,10.7,3.3,93.06,11,15,PASS,,11,12,17.1
40kw,300,250,0.05,room,PAR,PSM,1663,650,1.45,10.7,3.3,93.06,46,50,PASS,,46,12,17.1
40kw,300,250,0.05,hot,PAR,PSM,1663,650,1.45,10.7,3.3,93.05,76,80,PASS,,76,12,17.1
40kw,300,250,0.1,cold,PAR,PSM,3325,650,1.45,12.5,6.7,95.49,12,16,PASS,,11,14,20
40kw,300,250,0.1,room,PAR,PSM,3325,650,1.45,12.5,6.7,95.48,47,51,PASS,,46,14,20
40kw,300,250,0.1,hot,PAR,PSM,3325,650,1.45,12.5,6.7,95.47,77,81,PASS,,76,14,20
40kw,300,250,0.25,cold,PAR,PSM,8313,650,1.45,21.3,16.7,96.63,15,21,PASS,,14,23.9,34.1
40kw,300,250,0.25,room,PAR,PSM,8313,650,1.45,21.3,16.7,96.61,50,56,PASS,,49,23.9,34.1
40kw,300,250,0.25,hot,PAR,PSM,8313,650,1.45,21.3,16.7,96.6,81,86,PASS,,79,23.9,34.1
40kw,300,250,0.5,cold,PAR,PSM,16625,650,1.45,39,33.3,96.5,23,31,PASS,,19,43.7,62.4
40kw,300,250,0.5,room,PAR,PSM,16625,650,1.45,39,33.3,96.47,59,67,PASS,,54,43.7,62.4
40kw,300,250,0.5,hot,PAR,PSM,16625,650,1.45,39,33.3,96.44,90,97,PASS,,84,43.7,62.4
40kw,300,250,0.75,cold,PAR,PSM,24938,650,1.45,57.4,50,96.07,35,44,PASS,,26,64.3,91.9
40kw,300,250,0.75,room,PAR,PSM,24938,650,1.45,57.4,50,96.01,72,80,PASS,,61,64.3,91.9
40kw,300,250,0.75,hot,PAR,PSM,24938,650,1.45,57.4,50,95.97,103,111,PASS,,91,64.3,91.9
40kw,300,250,1,cold,PAR,PFM,33250,650,1.435,76.1,66.6,95.3,50,53,PASS,,35,69.9,101
40kw,300,250,1,room,PAR,PFM,33250,650,1.435,76.1,66.6,95.23,89,90,PASS,,70,69.9,101
40kw,300,250,1,hot,PAR,PFM,33250,650,1.435,76.1,66.6,95.17,122,121,PASS,,100,69.9,101
40kw,300,300,0,cold,PAR,IDLE,0,650,,0,0,,,,PASS,standby
40kw,300,300,0,room,PAR,IDLE,0,650,,0,0,,,,PASS,standby
40kw,300,300,0,hot,PAR,IDLE,0,650,,0,0,,,,PASS,standby
40kw,300,300,0.05,cold,PAR,PFM,1818,650,1.191,15,3.6,93.23,11,15,PASS,,11,12.2,21.2
40kw,300,300,0.05,room,PAR,PFM,1818,650,1.191,15,3.6,93.23,46,50,PASS,,46,12.2,21.2
40kw,300,300,0.05,hot,PAR,PFM,1818,650,1.191,15,3.6,93.23,76,81,PASS,,76,12.2,21.2
40kw,300,300,0.1,cold,PAR,PFM,3636,650,1.191,16.2,7.3,95.7,12,16,PASS,,11,13.1,22.9
40kw,300,300,0.1,room,PAR,PFM,3636,650,1.191,16.2,7.3,95.69,47,51,PASS,,46,13.1,22.9
40kw,300,300,0.1,hot,PAR,PFM,3636,650,1.191,16.2,7.3,95.69,77,81,PASS,,76,13.1,22.9
40kw,300,300,0.25,cold,PAR,PFM,9091,650,1.189,22.6,18.2,96.88,16,18,PASS,,14,18.3,31.9
40kw,300,300,0.25,room,PAR,PFM,9091,650,1.189,22.6,18.2,96.86,51,54,PASS,,49,18.3,31.9
40kw,300,300,0.25,hot,PAR,PFM,9091,650,1.189,22.6,18.2,96.85,81,84,PASS,,79,18.3,31.9
40kw,300,300,0.5,cold,PAR,PFM,18182,650,1.183,37.4,36.4,96.93,25,22,PASS,,18,23.2,40.6
40kw,300,300,0.5,room,PAR,PFM,18182,650,1.183,37.4,36.4,96.89,61,58,PASS,,53,23.2,40.6
40kw,300,300,0.5,hot,PAR,PFM,18182,650,1.183,37.4,36.4,96.86,92,88,PASS,,83,23.2,40.6
40kw,300,300,0.75,cold,PAR,PFM,27273,650,1.174,53.6,54.7,96.57,39,28,PASS,,24,28.8,50.8
40kw,300,300,0.75,room,PAR,PFM,27273,650,1.174,53.6,54.7,96.51,76,64,PASS,,59,28.8,50.8
40kw,300,300,0.75,hot,PAR,PFM,27273,650,1.174,53.6,54.7,96.46,108,95,PASS,,89,28.8,50.8
40kw,300,300,1,cold,PAR,PFM,36364,650,1.165,70.3,72.9,96.1,57,36,PASS,,31,35,62.4
40kw,300,300,1,room,PAR,PFM,36364,650,1.165,70.3,72.9,96.02,97,73,PASS,,66,35,62.4
40kw,300,300,1,hot,PAR,PFM,36364,650,1.165,70.3,72.9,95.95,130,104,PASS,,96,35,62.4
40kw,300,400,0,cold,PAR,IDLE,0,830,,0,0,,,,PASS,standby
40kw,300,400,0,room,PAR,IDLE,0,830,,0,0,,,,PASS,standby
40kw,300,400,0,hot,PAR,IDLE,0,830,,0,0,,,,PASS,standby
40kw,300,400,0.05,cold,PAR,PFM,1818,830,1.084,21.6,3.6,91.47,11,19,PASS,,10,20.4,30.5
40kw,300,400,0.05,room,PAR,PFM,1818,830,1.084,21.6,3.6,91.47,46,54,PASS,,45,20.4,30.5
40kw,300,400,0.05,hot,PAR,PFM,1818,830,1.084,21.6,3.6,91.46,76,84,PASS,,75,20.4,30.5
40kw,300,400,0.1,cold,PAR,PFM,3636,830,1.084,22,7.3,94.95,12,19,PASS,,11,20.8,31.2
40kw,300,400,0.1,room,PAR,PFM,3636,830,1.084,22,7.3,94.94,47,55,PASS,,46,20.8,31.2
40kw,300,400,0.1,hot,PAR,PFM,3636,830,1.084,22,7.3,94.93,77,85,PASS,,76,20.8,31.2
40kw,300,400,0.25,cold,PAR,PFM,9091,830,1.084,25,18.2,96.89,17,21,PASS,,13,23.6,35.4
40kw,300,400,0.25,room,PAR,PFM,9091,830,1.084,25,18.2,96.87,52,56,PASS,,48,23.6,35.4
40kw,300,400,0.25,hot,PAR,PFM,9091,830,1.084,25,18.2,96.85,82,86,PASS,,78,23.6,35.4
40kw,300,400,0.5,cold,PAR,PFM,18182,830,1.083,33.5,36.4,97.16,27,25,PASS,,16,30.8,46.2
40kw,300,400,0.5,room,PAR,PFM,18182,830,1.083,33.5,36.4,97.12,63,60,PASS,,51,30.8,46.2
40kw,300,400,0.5,hot,PAR,PFM,18182,830,1.083,33.5,36.4,97.08,94,91,PASS,,81,30.8,46.2
40kw,300,400,0.75,cold,PAR,PFM,27273,830,1.083,44.2,54.7,97.03,42,28,PASS,,20,32.6,48.8
40kw,300,400,0.75,room,PAR,PFM,27273,830,1.083,44.2,54.7,96.97,80,63,PASS,,55,32.6,48.8
40kw,300,400,0.75,hot,PAR,PFM,27273,830,1.083,44.2,54.7,96.92,112,94,PASS,,85,32.6,48.8
40kw,300,400,1,cold,PAR,PFM,36364,830,1.082,55.8,72.9,96.72,63,31,PASS,,24,34.9,52.3
40kw,300,400,1,room,PAR,PFM,36364,830,1.082,55.8,72.9,96.64,102,67,PASS,,59,34.9,52.3
40kw,300,400,1,hot,PAR,PFM,36364,830,1.082,55.8,72.9,96.57,135,98,PASS,,89,34.9,52.3
40kw,300,500,0,cold,PAR,IDLE,0,830,,0,0,,,,PASS,standby
40kw,300,500,0,room,PAR,IDLE,0,830,,0,0,,,,PASS,standby
40kw,300,500,0,hot,PAR,IDLE,0,830,,0,0,,,,PASS,standby
40kw,300,500,0.05,cold,PAR,PFM,1818,830,0.609,47.7,3.6,87.61,11,25,PASS,,10,25.3,67.5
40kw,300,500,0.05,room,PAR,PFM,1818,830,0.609,47.7,3.6,87.6,46,61,PASS,,45,25.3,67.5
40kw,300,500,0.05,hot,PAR,PFM,1818,830,0.609,47.7,3.6,87.6,76,92,PASS,,75,25.3,67.5
40kw,300,500,0.1,cold,PAR,PFM,3636,830,0.608,47.9,7.3,92.93,12,25,PASS,,11,25.4,67.7
40kw,300,500,0.1,room,PAR,PFM,3636,830,0.608,47.9,7.3,92.93,47,61,PASS,,46,25.4,67.7
40kw,300,500,0.1,hot,PAR,PFM,3636,830,0.608,47.9,7.3,92.92,77,92,PASS,,76,25.4,67.7
40kw,300,500,0.25,cold,PAR,PFM,9091,830,0.607,48.9,18.2,96.25,17,26,PASS,,12,25.9,69.2
40kw,300,500,0.25,room,PAR,PFM,9091,830,0.607,48.9,18.2,96.24,52,62,PASS,,47,25.9,69.2
40kw,300,500,0.25,hot,PAR,PFM,9091,830,0.607,48.9,18.2,96.22,82,92,PASS,,77,25.9,69.2
40kw,300,500,0.5,cold,PAR,PFM,18182,830,0.603,52.4,36.4,97.09,27,27,PASS,,14,27.5,74.1
40kw,300,500,0.5,room,PAR,PFM,18182,830,0.603,52.4,36.4,97.05,63,63,PASS,,49,27.5,74.1
40kw,300,500,0.5,hot,PAR,PFM,18182,830,0.603,52.4,36.4,97.02,94,94,PASS,,79,27.5,74.1
40kw,300,500,0.75,cold,PAR,PFM,27273,830,0.595,57.7,54.7,97.1,42,30,PASS,,17,29.9,81.7
40kw,300,500,0.75,room,PAR,PFM,27273,830,0.595,57.7,54.7,97.04,80,66,PASS,,52,29.9,81.7
40kw,300,500,0.75,hot,PAR,PFM,27273,830,0.595,57.7,54.7,96.99,112,97,PASS,,82,29.9,81.7
40kw,300,500,1,cold,PAR,PFM,36364,830,0.583,64.6,72.9,96.9,63,32,PASS,,20,30.5,84.8
40kw,300,500,1,room,PAR,PFM,36364,830,0.583,64.6,72.9,96.82,102,68,PASS,,55,30.5,84.8
40kw,300,500,1,hot,PAR,PFM,36364,830,0.583,64.6,72.9,96.75,135,100,PASS,,85,30.5,84.8
40kw,300,500,0,cold,SER,IDLE,0,650,,0,0,,,,PASS,standby
40kw,300,500,0,room,SER,IDLE,0,650,,0,0,,,,PASS,standby
40kw,300,500,0,hot,SER,IDLE,0,650,,0,0,,,,PASS,standby
40kw,300,500,0.05,cold,SER,PSM,1818,650,1.45,10.8,3.6,93.66,11,15,PASS,,11,12.1,17.3
40kw,300,500,0.05,room,SER,PSM,1818,650,1.45,10.8,3.6,93.66,46,50,PASS,,46,12.1,17.3
40kw,300,500,0.05,hot,SER,PSM,1818,650,1.45,10.8,3.6,93.66,76,80,PASS,,76,12.1,17.3
40kw,300,500,0.1,cold,SER,PSM,3636,650,1.45,13,7.3,95.87,12,16,PASS,,12,14.5,20.7
40kw,300,500,0.1,room,SER,PSM,3636,650,1.45,13,7.3,95.87,47,51,PASS,,47,14.5,20.7
40kw,300,500,0.1,hot,SER,PSM,3636,650,1.45,13,7.3,95.86,77,81,PASS,,77,14.5,20.7
40kw,300,500,0.25,cold,SER,PSM,9091,650,1.45,22.9,18.2,96.85,16,21,PASS,,14,25.6,36.7
40kw,300,500,0.25,room,SER,PSM,9091,650,1.45,22.9,18.2,96.83,51,57,PASS,,49,25.6,36.7
40kw,300,500,0.25,hot,SER,PSM,9091,650,1.45,22.9,18.2,96.81,81,87,PASS,,79,25.6,36.7
40kw,300,500,0.5,cold,SER,PSM,18182,650,1.45,42.4,36.4,96.63,25,33,PASS,,20,47.5,67.9
40kw,300,500,0.5,room,SER,PSM,18182,650,1.45,42.4,36.4,96.59,61,69,PASS,,55,47.5,67.9
40kw,300,500,0.5,hot,SER,PSM,18182,650,1.45,42.4,36.4,96.56,92,99,PASS,,85,47.5,67.9
40kw,300,500,0.75,cold,SER,PSM,27273,650,1.45,62.6,54.7,96.12,39,48,PASS,,28,70.1,100.2
40kw,300,500,0.75,room,SER,PSM,27273,650,1.45,62.6,54.7,96.06,76,84,PASS,,63,70.1,100.2
40kw,300,500,0.75,hot,SER,PSM,27273,650,1.45,62.6,54.7,96.01,108,115,PASS,,93,70.1,100.2
40kw,300,500,1,cold,SER,PFM,36364,650,1.413,83.1,72.9,95.29,57,58,PASS,,38,75.1,110.1
40kw,300,500,1,room,SER,PFM,36364,650,1.413,83.1,72.9,95.21,97,95,PASS,,73,75.1,110.1
40kw,300,500,1,hot,SER,PFM,36364,650,1.413,83.1,72.9,95.14,130,127,PASS,,103,75.1,110.1
40kw,300,750,0,cold,SER,IDLE,0,789,,0,0,,,,PASS,standby
40kw,300,750,0,room,SER,IDLE,0,789,,0,0,,,,PASS,standby
40kw,300,750,0,hot,SER,IDLE,0,789,,0,0,,,,PASS,standby
40kw,300,750,0.05,cold,SER,PFM,1818,789,1.119,19.6,3.6,92.09,11,18,PASS,,10,18.2,27.8
40kw,300,750,0.05,room,SER,PFM,1818,789,1.119,19.6,3.6,92.09,46,53,PASS,,45,18.2,27.8
40kw,300,750,0.05,hot,SER,PFM,1818,789,1.119,19.6,3.6,92.08,76,83,PASS,,75,18.2,27.8
40kw,300,750,0.1,cold,SER,PFM,3636,789,1.119,20.2,7.3,95.31,12,18,PASS,,11,18.7,28.6
40kw,300,750,0.1,room,SER,PFM,3636,789,1.119,20.2,7.3,95.3,47,54,PASS,,46,18.7,28.6
40kw,300,750,0.1,hot,SER,PFM,3636,789,1.119,20.2,7.3,95.3,77,84,PASS,,76,18.7,28.6
40kw,300,750,0.25,cold,SER,PFM,9091,789,1.118,23.8,18.2,97.05,17,20,PASS,,13,22.1,33.7
40kw,300,750,0.25,room,SER,PFM,9091,789,1.118,23.8,18.2,97.03,52,55,PASS,,48,22.1,33.7
40kw,300,750,0.25,hot,SER,PFM,9091,789,1.118,23.8,18.2,97.02,82,85,PASS,,78,22.1,33.7
40kw,300,750,0.5,cold,SER,PFM,18182,789,1.117,33.7,36.4,97.27,27,24,PASS,,16,28.6,43.7
40kw,300,750,0.5,room,SER,PFM,18182,789,1.117,33.7,36.4,97.23,63,59,PASS,,51,28.6,43.7
40kw,300,750,0.5,hot,SER,PFM,18182,789,1.117,33.7,36.4,97.2,94,90,PASS,,81,28.6,43.7
40kw,300,750,0.75,cold,SER,PFM,27273,789,1.116,45.6,54.7,97.09,41,27,PASS,,20,31.4,48
40kw,300,750,0.75,room,SER,PFM,27273,789,1.116,45.6,54.7,97.03,79,63,PASS,,55,31.4,48
40kw,300,750,0.75,hot,SER,PFM,27273,789,1.116,45.6,54.7,96.98,111,94,PASS,,85,31.4,48
40kw,300,750,1,cold,SER,PFM,36364,789,1.114,58.3,72.9,96.74,61,32,PASS,,26,34.9,53.4
40kw,300,750,1,room,SER,PFM,36364,789,1.114,58.3,72.9,96.66,101,68,PASS,,61,34.9,53.4
40kw,300,750,1,hot,SER,PFM,36364,789,1.114,58.3,72.9,96.59,134,99,PASS,,91,34.9,53.4
40kw,300,1000,0,cold,SER,IDLE,0,830,,0,0,,,,PASS,standby
40kw,300,1000,0,room,SER,IDLE,0,830,,0,0,,,,PASS,standby
40kw,300,1000,0,hot,SER,IDLE,0,830,,0,0,,,,PASS,standby
40kw,300,1000,0.05,cold,SER,PFM,1818,830,0.609,47.7,3.6,87.69,11,25,PASS,,10,25.3,67.5
40kw,300,1000,0.05,room,SER,PFM,1818,830,0.609,47.7,3.6,87.68,46,61,PASS,,45,25.3,67.5
40kw,300,1000,0.05,hot,SER,PFM,1818,830,0.609,47.7,3.6,87.68,76,92,PASS,,75,25.3,67.5
40kw,300,1000,0.1,cold,SER,PFM,3636,830,0.608,47.9,7.3,93.03,12,25,PASS,,11,25.4,67.7
40kw,300,1000,0.1,room,SER,PFM,3636,830,0.608,47.9,7.3,93.02,47,61,PASS,,46,25.4,67.7
40kw,300,1000,0.1,hot,SER,PFM,3636,830,0.608,47.9,7.3,93.01,77,92,PASS,,76,25.4,67.7
40kw,300,1000,0.25,cold,SER,PFM,9091,830,0.607,48.9,18.2,96.35,17,26,PASS,,12,25.9,69.2
40kw,300,1000,0.25,room,SER,PFM,9091,830,0.607,48.9,18.2,96.33,52,62,PASS,,47,25.9,69.2
40kw,300,1000,0.25,hot,SER,PFM,9091,830,0.607,48.9,18.2,96.32,82,92,PASS,,77,25.9,69.2
40kw,300,1000,0.5,cold,SER,PFM,18182,830,0.603,52.4,36.4,97.19,27,27,PASS,,14,27.5,74.1
40kw,300,1000,0.5,room,SER,PFM,18182,830,0.603,52.4,36.4,97.15,63,63,PASS,,49,27.5,74.1
40kw,300,1000,0.5,hot,SER,PFM,18182,830,0.603,52.4,36.4,97.12,94,94,PASS,,79,27.5,74.1
40kw,300,1000,0.75,cold,SER,PFM,27273,830,0.595,57.7,54.7,97.2,42,30,PASS,,17,29.9,81.7
40kw,300,1000,0.75,room,SER,PFM,27273,830,0.595,57.7,54.7,97.14,80,66,PASS,,52,29.9,81.7
40kw,300,1000,0.75,hot,SER,PFM,27273,830,0.595,57.7,54.7,97.09,112,97,PASS,,82,29.9,81.7
40kw,300,1000,1,cold,SER,PFM,36364,830,0.583,64.6,72.9,97,63,32,PASS,,20,30.5,84.8
40kw,300,1000,1,room,SER,PFM,36364,830,0.583,64.6,72.9,96.92,102,68,PASS,,55,30.5,84.8
40kw,300,1000,1,hot,SER,PFM,36364,830,0.583,64.6,72.9,96.85,135,100,PASS,,85,30.5,84.8
40kw,330,150,0,cold,PAR,IDLE,0,650,,0,0,,,,PASS,standby
40kw,330,150,0,room,PAR,IDLE,0,650,,0,0,,,,PASS,standby
40kw,330,150,0,hot,PAR,IDLE,0,650,,0,0,,,,PASS,standby
40kw,330,150,0.05,cold,PAR,PSM,998,650,1.45,6.3,1.8,34.83,10,173,FAIL,LIMIT: TjLLC eta<88,10,7,10
40kw,330,150,0.05,room,PAR,PSM,998,650,1.45,6.3,1.8,34.83,45,208,FAIL,LIMIT: TjLLC eta<88,45,7,10
40kw,330,150,0.05,hot,PAR,PSM,998,650,1.45,6.3,1.8,34.83,75,238,FAIL,LIMIT: TjLLC eta<88,75,7,10
40kw,330,150,0.1,cold,PAR,PSM,1995,650,1.45,7,3.6,51.28,11,173,FAIL,LIMIT: TjLLC eta<88,11,7.9,11.2
40kw,330,150,0.1,room,PAR,PSM,1995,650,1.45,7,3.6,51.28,46,208,FAIL,LIMIT: TjLLC eta<88,46,7.9,11.2
40kw,330,150,0.1,hot,PAR,PSM,1995,650,1.45,7,3.6,51.28,76,238,FAIL,LIMIT: TjLLC eta<88,76,7.9,11.2
40kw,330,150,0.25,cold,PAR,PSM,4988,650,1.45,10.9,9.1,71.35,12,173,FAIL,LIMIT: TjLLC eta<88,12,12.2,17.5
40kw,330,150,0.25,room,PAR,PSM,4988,650,1.45,10.9,9.1,71.34,48,208,FAIL,LIMIT: TjLLC eta<88,47,12.2,17.5
40kw,330,150,0.25,hot,PAR,PSM,4988,650,1.45,10.9,9.1,71.33,78,238,FAIL,LIMIT: TjLLC eta<88,77,12.2,17.5
40kw,330,150,0.5,cold,PAR,PSM,9975,650,1.45,19.2,18.2,81.69,16,174,FAIL,LIMIT: TjLLC eta<88,14,21.5,30.7
40kw,330,150,0.5,room,PAR,PSM,9975,650,1.45,19.2,18.2,81.67,51,209,FAIL,LIMIT: TjLLC eta<88,49,21.5,30.7
40kw,330,150,0.5,hot,PAR,PSM,9975,650,1.45,19.2,18.2,81.65,81,239,FAIL,LIMIT: TjLLC eta<88,79,21.5,30.7
40kw,330,150,0.75,cold,PAR,PSM,14963,650,1.45,28,27.3,85.56,20,175,FAIL,LIMIT: TjLLC eta<88,16,31.4,44.8
40kw,330,150,0.75,room,PAR,PSM,14963,650,1.45,28,27.3,85.52,55,211,FAIL,LIMIT: TjLLC eta<88,51,31.4,44.8
40kw,330,150,0.75,hot,PAR,PSM,14963,650,1.45,28,27.3,85.48,86,241,FAIL,LIMIT: TjLLC eta<88,81,31.4,44.8
40kw,330,150,1,cold,PAR,PSM,19950,650,1.45,37,36.3,87.41,25,178,FAIL,LIMIT: TjLLC eta<88,19,41.4,59.2
40kw,330,150,1,room,PAR,PSM,19950,650,1.45,37,36.3,87.36,61,213,FAIL,LIMIT: TjLLC eta<88,54,41.4,59.2
40kw,330,150,1,hot,PAR,PSM,19950,650,1.45,37,36.3,87.31,92,243,FAIL,LIMIT: TjLLC eta<88,84,41.4,59.2
40kw,330,200,0,cold,PAR,IDLE,0,650,,0,0,,,,PASS,standby
40kw,330,200,0,room,PAR,IDLE,0,650,,0,0,,,,PASS,standby
40kw,330,200,0,hot,PAR,IDLE,0,650,,0,0,,,,PASS,standby
40kw,330,200,0.05,cold,PAR,PSM,1330,650,1.45,8.8,2.4,85.01,11,34,PASS,,11,9.9,14.2
40kw,330,200,0.05,room,PAR,PSM,1330,650,1.45,8.8,2.4,85.01,46,69,PASS,,46,9.9,14.2
40kw,330,200,0.05,hot,PAR,PSM,1330,650,1.45,8.8,2.4,85.01,76,99,PASS,,76,9.9,14.2
40kw,330,200,0.1,cold,PAR,PSM,2660,650,1.45,11,4.8,90.9,11,35,PASS,,11,12.3,17.6
40kw,330,200,0.1,room,PAR,PSM,2660,650,1.45,11,4.8,90.9,46,70,PASS,,46,12.3,17.6
40kw,330,200,0.1,hot,PAR,PSM,2660,650,1.45,11,4.8,90.89,76,100,PASS,,76,12.3,17.6
40kw,330,200,0.25,cold,PAR,PSM,6650,650,1.45,20.5,12.1,94.47,13,35,PASS,,14,22.9,32.8
40kw,330,200,0.25,room,PAR,PSM,6650,650,1.45,20.5,12.1,94.46,49,70,PASS,,49,22.9,32.8
40kw,330,200,0.25,hot,PAR,PSM,6650,650,1.45,20.5,12.1,94.45,79,100,PASS,,79,22.9,32.8
40kw,330,200,0.5,cold,PAR,PSM,13300,650,1.45,38.5,24.2,95.23,18,38,PASS,,19,43.1,61.7
40kw,330,200,0.5,room,PAR,PSM,13300,650,1.45,38.5,24.2,95.21,54,73,PASS,,54,43.1,61.7
40kw,330,200,0.5,hot,PAR,PSM,13300,650,1.45,38.5,24.2,95.19,84,104,PASS,,84,43.1,61.7
40kw,330,200,0.75,cold,PAR,PSM,19950,650,1.45,57.1,36.3,95.1,25,44,PASS,,26,63.9,91.4
40kw,330,200,0.75,room,PAR,PSM,19950,650,1.45,57.1,36.3,95.07,61,80,PASS,,61,63.9,91.4
40kw,330,200,0.75,hot,PAR,PSM,19950,650,1.45,57.1,36.3,95.04,92,111,PASS,,91,63.9,91.4
40kw,330,200,1,cold,PAR,PSM,26600,650,1.45,75.8,48.5,94.75,33,59,PASS,,35,84.9,121.3
40kw,330,200,1,room,PAR,PSM,26600,650,1.45,75.8,48.5,94.71,70,96,PASS,,70,84.9,121.3
40kw,330,200,1,hot,PAR,PSM,26600,650,1.45,75.8,48.5,94.67,102,128,PASS,,100,84.9,121.3
40kw,330,250,0,cold,PAR,IDLE,0,650,,0,0,,,,PASS,standby
40kw,330,250,0,room,PAR,IDLE,0,650,,0,0,,,,PASS,standby
40kw,330,250,0,hot,PAR,IDLE,0,650,,0,0,,,,PASS,standby
40kw,330,250,0.05,cold,PAR,PSM,1663,650,1.45,10.7,3,93.07,11,15,PASS,,11,12,17.1
40kw,330,250,0.05,room,PAR,PSM,1663,650,1.45,10.7,3,93.07,46,50,PASS,,46,12,17.1
40kw,330,250,0.05,hot,PAR,PSM,1663,650,1.45,10.7,3,93.07,76,80,PASS,,76,12,17.1
40kw,330,250,0.1,cold,PAR,PSM,3325,650,1.45,12.5,6.1,95.51,12,16,PASS,,11,14,20
40kw,330,250,0.1,room,PAR,PSM,3325,650,1.45,12.5,6.1,95.5,47,51,PASS,,46,14,20
40kw,330,250,0.1,hot,PAR,PSM,3325,650,1.45,12.5,6.1,95.5,77,81,PASS,,76,14,20
40kw,330,250,0.25,cold,PAR,PSM,8313,650,1.45,21.3,15.1,96.67,15,21,PASS,,14,23.9,34.1
40kw,330,250,0.25,room,PAR,PSM,8313,650,1.45,21.3,15.1,96.66,50,56,PASS,,49,23.9,34.1
40kw,330,250,0.25,hot,PAR,PSM,8313,650,1.45,21.3,15.1,96.65,80,86,PASS,,79,23.9,34.1
40kw,330,250,0.5,cold,PAR,PSM,16625,650,1.45,39,30.3,96.59,22,31,PASS,,19,43.7,62.4
40kw,330,250,0.5,room,PAR,PSM,16625,650,1.45,39,30.3,96.57,57,67,PASS,,54,43.7,62.4
40kw,330,250,0.5,hot,PAR,PSM,16625,650,1.45,39,30.3,96.54,88,97,PASS,,84,43.7,62.4
40kw,330,250,0.75,cold,PAR,PSM,24938,650,1.45,57.4,45.4,96.2,31,44,PASS,,26,64.3,91.9
40kw,330,250,0.75,room,PAR,PSM,24938,650,1.45,57.4,45.4,96.16,68,80,PASS,,61,64.3,91.9
40kw,330,250,0.75,hot,PAR,PSM,24938,650,1.45,57.4,45.4,96.12,99,111,PASS,,91,64.3,91.9
40kw,330,250,1,cold,PAR,PFM,33250,650,1.435,76.1,60.6,95.48,44,53,PASS,,35,69.9,101
40kw,330,250,1,room,PAR,PFM,33250,650,1.435,76.1,60.6,95.42,82,90,PASS,,70,69.9,101
40kw,330,250,1,hot,PAR,PFM,33250,650,1.435,76.1,60.6,95.37,114,121,PASS,,100,69.9,101
40kw,330,300,0,cold,PAR,IDLE,0,650,,0,0,,,,PASS,standby
40kw,330,300,0,room,PAR,IDLE,0,650,,0,0,,,,PASS,standby
40kw,330,300,0,hot,PAR,IDLE,0,650,,0,0,,,,PASS,standby
40kw,330,300,0.05,cold,PAR,PFM,1995,650,1.191,15.1,3.6,93.69,11,15,PASS,,11,12.3,21.4
40kw,330,300,0.05,room,PAR,PFM,1995,650,1.191,15.1,3.6,93.69,46,50,PASS,,46,12.3,21.4
40kw,330,300,0.05,hot,PAR,PFM,1995,650,1.191,15.1,3.6,93.68,76,81,PASS,,76,12.3,21.4
40kw,330,300,0.1,cold,PAR,PFM,3990,650,1.191,16.5,7.3,95.94,12,16,PASS,,11,13.4,23.3
40kw,330,300,0.1,room,PAR,PFM,3990,650,1.191,16.5,7.3,95.93,47,51,PASS,,46,13.4,23.3
40kw,330,300,0.1,hot,PAR,PFM,3990,650,1.191,16.5,7.3,95.92,77,81,PASS,,76,13.4,23.3
40kw,330,300,0.25,cold,PAR,PFM,9975,650,1.188,23.9,18.2,96.97,16,19,PASS,,14,19.2,33.5
40kw,330,300,0.25,room,PAR,PFM,9975,650,1.188,23.9,18.2,96.95,51,54,PASS,,49,19.2,33.5
40kw,330,300,0.25,hot,PAR,PFM,9975,650,1.188,23.9,18.2,96.94,81,84,PASS,,79,19.2,33.5
40kw,330,300,0.5,cold,PAR,PFM,19950,650,1.181,40.5,36.3,96.98,25,23,PASS,,19,24.2,42.4
40kw,330,300,0.5,room,PAR,PFM,19950,650,1.181,40.5,36.3,96.95,61,59,PASS,,54,24.2,42.4
40kw,330,300,0.5,hot,PAR,PFM,19950,650,1.181,40.5,36.3,96.92,92,89,PASS,,84,24.2,42.4
40kw,330,300,0.75,cold,PAR,PFM,29925,650,1.172,58.5,54.5,96.61,38,30,PASS,,26,30.6,54.1
40kw,330,300,0.75,room,PAR,PFM,29925,650,1.172,58.5,54.5,96.55,76,66,PASS,,61,30.6,54.1
40kw,330,300,0.75,hot,PAR,PFM,29925,650,1.172,58.5,54.5,96.51,108,97,PASS,,91,30.6,54.1
40kw,330,300,1,cold,PAR,PFM,39900,650,1.161,76.9,72.7,96.13,57,39,PASS,,35,37.5,67.1
40kw,330,300,1,room,PAR,PFM,39900,650,1.161,76.9,72.7,96.06,96,76,PASS,,70,37.5,67.1
40kw,330,300,1,hot,PAR,PFM,39900,650,1.161,76.9,72.7,95.99,130,108,PASS,,100,37.5,67.1
40kw,330,400,0,cold,PAR,IDLE,0,830,,0,0,,,,PASS,standby
40kw,330,400,0,room,PAR,IDLE,0,830,,0,0,,,,PASS,standby
40kw,330,400,0,hot,PAR,IDLE,0,830,,0,0,,,,PASS,standby
40kw,330,400,0.05,cold,PAR,PFM,2000,830,1.084,21.6,3.6,92.11,11,19,PASS,,10,20.4,30.6
40kw,330,400,0.05,room,PAR,PFM,2000,830,1.084,21.6,3.6,92.1,46,54,PASS,,45,20.4,30.6
40kw,330,400,0.05,hot,PAR,PFM,2000,830,1.084,21.6,3.6,92.1,76,84,PASS,,75,20.4,30.6
40kw,330,400,0.1,cold,PAR,PFM,4000,830,1.084,22.2,7.3,95.29,12,19,PASS,,11,20.9,31.3
40kw,330,400,0.1,room,PAR,PFM,4000,830,1.084,22.2,7.3,95.29,47,55,PASS,,46,20.9,31.3
40kw,330,400,0.1,hot,PAR,PFM,4000,830,1.084,22.2,7.3,95.28,77,85,PASS,,76,20.9,31.3
40kw,330,400,0.25,cold,PAR,PFM,10000,830,1.084,25.7,18.2,97.03,17,21,PASS,,13,24.2,36.3
40kw,330,400,0.25,room,PAR,PFM,10000,830,1.084,25.7,18.2,97.02,52,56,PASS,,48,24.2,36.3
40kw,330,400,0.25,hot,PAR,PFM,10000,830,1.084,25.7,18.2,97,82,87,PASS,,78,24.2,36.3
40kw,330,400,0.5,cold,PAR,PFM,20000,830,1.083,35.5,36.4,97.26,27,25,PASS,,16,31.1,46.6
40kw,330,400,0.5,room,PAR,PFM,20000,830,1.083,35.5,36.4,97.23,63,61,PASS,,51,31.1,46.6
40kw,330,400,0.5,hot,PAR,PFM,20000,830,1.083,35.5,36.4,97.2,94,91,PASS,,81,31.1,46.6
40kw,330,400,0.75,cold,PAR,PFM,30000,830,1.082,47.6,54.7,97.12,42,29,PASS,,21,33.2,49.8
40kw,330,400,0.75,room,PAR,PFM,30000,830,1.082,47.6,54.7,97.06,80,64,PASS,,56,33.2,49.8
40kw,330,400,0.75,hot,PAR,PFM,30000,830,1.082,47.6,54.7,97.02,112,95,PASS,,86,33.2,49.8
40kw,330,400,1,cold,PAR,PFM,40000,830,1.081,60.6,72.9,96.81,63,33,PASS,,26,35.9,53.9
40kw,330,400,1,room,PAR,PFM,40000,830,1.081,60.6,72.9,96.73,102,69,PASS,,61,35.9,53.9
40kw,330,400,1,hot,PAR,PFM,40000,830,1.081,60.6,72.9,96.67,135,100,PASS,,91,35.9,53.9
40kw,330,500,0,cold,PAR,IDLE,0,830,,0,0,,,,PASS,standby
40kw,330,500,0,room,PAR,IDLE,0,830,,0,0,,,,PASS,standby
40kw,330,500,0,hot,PAR,IDLE,0,830,,0,0,,,,PASS,standby
40kw,330,500,0.05,cold,PAR,PFM,2000,830,0.609,47.7,3.6,88.55,11,25,PASS,,10,25.3,67.5
40kw,330,500,0.05,room,PAR,PFM,2000,830,0.609,47.7,3.6,88.55,46,61,PASS,,45,25.3,67.5
40kw,330,500,0.05,hot,PAR,PFM,2000,830,0.609,47.7,3.6,88.54,76,92,PASS,,75,25.3,67.5
40kw,330,500,0.1,cold,PAR,PFM,4000,830,0.608,47.9,7.3,93.47,12,25,PASS,,11,25.4,67.8
40kw,330,500,0.1,room,PAR,PFM,4000,830,0.608,47.9,7.3,93.46,47,61,PASS,,46,25.4,67.8
40kw,330,500,0.1,hot,PAR,PFM,4000,830,0.608,47.9,7.3,93.46,77,92,PASS,,76,25.4,67.8
40kw,330,500,0.25,cold,PAR,PFM,10000,830,0.607,49.1,18.2,96.5,17,26,PASS,,12,26,69.5
40kw,330,500,0.25,room,PAR,PFM,10000,830,0.607,49.1,18.2,96.48,52,62,PASS,,47,26,69.5
40kw,330,500,0.25,hot,PAR,PFM,10000,830,0.607,49.1,18.2,96.46,82,92,PASS,,77,26,69.5
40kw,330,500,0.5,cold,PAR,PFM,20000,830,0.602,53.3,36.4,97.23,27,28,PASS,,15,27.9,75.4
40kw,330,500,0.5,room,PAR,PFM,20000,830,0.602,53.3,36.4,97.2,63,64,PASS,,50,27.9,75.4
40kw,330,500,0.5,hot,PAR,PFM,20000,830,0.602,53.3,36.4,97.17,94,95,PASS,,80,27.9,75.4
40kw,330,500,0.75,cold,PAR,PFM,30000,830,0.592,59.7,54.7,97.22,42,31,PASS,,18,30.8,84.4
40kw,330,500,0.75,room,PAR,PFM,30000,830,0.592,59.7,54.7,97.16,80,67,PASS,,53,30.8,84.4
40kw,330,500,0.75,hot,PAR,PFM,30000,830,0.592,59.7,54.7,97.12,112,98,PASS,,83,30.8,84.4
40kw,330,500,1,cold,PAR,PFM,40000,830,0.577,67.7,72.9,97.04,63,33,PASS,,22,29.2,82.1
40kw,330,500,1,room,PAR,PFM,40000,830,0.577,67.7,72.9,96.97,102,69,PASS,,57,29.2,82.1
40kw,330,500,1,hot,PAR,PFM,40000,830,0.577,67.7,72.9,96.9,135,100,PASS,,87,29.2,82.1
40kw,330,500,0,cold,SER,IDLE,0,650,,0,0,,,,PASS,standby
40kw,330,500,0,room,SER,IDLE,0,650,,0,0,,,,PASS,standby
40kw,330,500,0,hot,SER,IDLE,0,650,,0,0,,,,PASS,standby
40kw,330,500,0.05,cold,SER,PSM,2000,650,1.45,11,3.6,94.09,11,15,PASS,,11,12.3,17.6
40kw,330,500,0.05,room,SER,PSM,2000,650,1.45,11,3.6,94.09,46,50,PASS,,46,12.3,17.6
40kw,330,500,0.05,hot,SER,PSM,2000,650,1.45,11,3.6,94.08,76,80,PASS,,76,12.3,17.6
40kw,330,500,0.1,cold,SER,PSM,4000,650,1.45,13.5,7.3,96.09,12,16,PASS,,12,15.1,21.6
40kw,330,500,0.1,room,SER,PSM,4000,650,1.45,13.5,7.3,96.08,47,52,PASS,,47,15.1,21.6
40kw,330,500,0.1,hot,SER,PSM,4000,650,1.45,13.5,7.3,96.07,77,82,PASS,,77,15.1,21.6
40kw,330,500,0.25,cold,SER,PSM,10000,650,1.45,24.8,18.2,96.92,16,22,PASS,,15,27.7,39.7
40kw,330,500,0.25,room,SER,PSM,10000,650,1.45,24.8,18.2,96.9,51,58,PASS,,50,27.7,39.7
40kw,330,500,0.25,hot,SER,PSM,10000,650,1.45,24.8,18.2,96.89,81,88,PASS,,80,27.7,39.7
40kw,330,500,0.5,cold,SER,PSM,20000,650,1.45,46.4,36.4,96.64,25,36,PASS,,22,52,74.3
40kw,330,500,0.5,room,SER,PSM,20000,650,1.45,46.4,36.4,96.61,61,72,PASS,,57,52,74.3
40kw,330,500,0.5,hot,SER,PSM,20000,650,1.45,46.4,36.4,96.58,92,102,PASS,,87,52,74.3
40kw,330,500,0.75,cold,SER,PSM,30000,650,1.45,68.8,54.7,96.11,39,53,PASS,,31,76.9,110
40kw,330,500,0.75,room,SER,PSM,30000,650,1.45,68.8,54.7,96.06,76,89,PASS,,66,76.9,110
40kw,330,500,0.75,hot,SER,PSM,30000,650,1.45,68.8,54.7,96.01,108,121,PASS,,96,76.9,110
40kw,330,500,1,cold,SER,PFM,40000,650,1.389,91.3,72.9,95.28,57,65,PASS,,43,81,120.8
40kw,330,500,1,room,SER,PFM,40000,650,1.389,91.3,72.9,95.21,97,103,PASS,,78,81,120.8
40kw,330,500,1,hot,SER,PFM,40000,650,1.389,91.3,72.9,95.14,130,135,PASS,,108,81,120.8
40kw,330,750,0,cold,SER,IDLE,0,789,,0,0,,,,PASS,standby
40kw,330,750,0,room,SER,IDLE,0,789,,0,0,,,,PASS,standby
40kw,330,750,0,hot,SER,IDLE,0,789,,0,0,,,,PASS,standby
40kw,330,750,0.05,cold,SER,PFM,2000,789,1.119,19.7,3.6,92.68,11,18,PASS,,11,18.3,27.8
40kw,330,750,0.05,room,SER,PFM,2000,789,1.119,19.7,3.6,92.68,46,53,PASS,,46,18.3,27.8
40kw,330,750,0.05,hot,SER,PFM,2000,789,1.119,19.7,3.6,92.68,76,83,PASS,,76,18.3,27.8
40kw,330,750,0.1,cold,SER,PFM,4000,789,1.119,20.4,7.3,95.63,12,18,PASS,,11,18.9,28.8
40kw,330,750,0.1,room,SER,PFM,4000,789,1.119,20.4,7.3,95.62,47,54,PASS,,46,18.9,28.8
40kw,330,750,0.1,hot,SER,PFM,4000,789,1.119,20.4,7.3,95.61,77,84,PASS,,76,18.9,28.8
40kw,330,750,0.25,cold,SER,PFM,10000,789,1.118,24.6,18.2,97.18,17,21,PASS,,13,22.8,34.9
40kw,330,750,0.25,room,SER,PFM,10000,789,1.118,24.6,18.2,97.17,52,56,PASS,,48,22.8,34.9
40kw,330,750,0.25,hot,SER,PFM,10000,789,1.118,24.6,18.2,97.15,82,86,PASS,,78,22.8,34.9
40kw,330,750,0.5,cold,SER,PFM,20000,789,1.117,36,36.4,97.36,27,25,PASS,,17,29.1,44.4
40kw,330,750,0.5,room,SER,PFM,20000,789,1.117,36,36.4,97.33,63,60,PASS,,52,29.1,44.4
40kw,330,750,0.5,hot,SER,PFM,20000,789,1.117,36,36.4,97.3,94,90,PASS,,82,29.1,44.4
40kw,330,750,0.75,cold,SER,PFM,30000,789,1.115,49.4,54.7,97.16,41,29,PASS,,22,32.3,49.5
40kw,330,750,0.75,room,SER,PFM,30000,789,1.115,49.4,54.7,97.11,79,64,PASS,,57,32.3,49.5
40kw,330,750,0.75,hot,SER,PFM,30000,789,1.115,49.4,54.7,97.06,111,95,PASS,,87,32.3,49.5
40kw,330,750,1,cold,SER,PFM,40000,789,1.113,63.6,72.9,96.81,61,34,PASS,,28,36.4,55.8
40kw,330,750,1,room,SER,PFM,40000,789,1.113,63.6,72.9,96.74,101,71,PASS,,63,36.4,55.8
40kw,330,750,1,hot,SER,PFM,40000,789,1.113,63.6,72.9,96.67,134,102,PASS,,93,36.4,55.8
40kw,330,1000,0,cold,SER,IDLE,0,830,,0,0,,,,PASS,standby
40kw,330,1000,0,room,SER,IDLE,0,830,,0,0,,,,PASS,standby
40kw,330,1000,0,hot,SER,IDLE,0,830,,0,0,,,,PASS,standby
40kw,330,1000,0.05,cold,SER,PFM,2000,830,0.609,47.7,3.6,88.63,11,25,PASS,,10,25.3,67.5
40kw,330,1000,0.05,room,SER,PFM,2000,830,0.609,47.7,3.6,88.63,46,61,PASS,,45,25.3,67.5
40kw,330,1000,0.05,hot,SER,PFM,2000,830,0.609,47.7,3.6,88.63,76,92,PASS,,75,25.3,67.5
40kw,330,1000,0.1,cold,SER,PFM,4000,830,0.608,47.9,7.3,93.56,12,25,PASS,,11,25.4,67.8
40kw,330,1000,0.1,room,SER,PFM,4000,830,0.608,47.9,7.3,93.55,47,61,PASS,,46,25.4,67.8
40kw,330,1000,0.1,hot,SER,PFM,4000,830,0.608,47.9,7.3,93.55,77,92,PASS,,76,25.4,67.8
40kw,330,1000,0.25,cold,SER,PFM,10000,830,0.607,49.1,18.2,96.59,17,26,PASS,,12,26,69.5
40kw,330,1000,0.25,room,SER,PFM,10000,830,0.607,49.1,18.2,96.58,52,62,PASS,,47,26,69.5
40kw,330,1000,0.25,hot,SER,PFM,10000,830,0.607,49.1,18.2,96.56,82,92,PASS,,77,26,69.5
40kw,330,1000,0.5,cold,SER,PFM,20000,830,0.602,53.3,36.4,97.33,27,28,PASS,,15,27.9,75.4
40kw,330,1000,0.5,room,SER,PFM,20000,830,0.602,53.3,36.4,97.3,63,64,PASS,,50,27.9,75.4
40kw,330,1000,0.5,hot,SER,PFM,20000,830,0.602,53.3,36.4,97.27,94,95,PASS,,80,27.9,75.4
40kw,330,1000,0.75,cold,SER,PFM,30000,830,0.592,59.7,54.7,97.32,42,31,PASS,,18,30.8,84.4
40kw,330,1000,0.75,room,SER,PFM,30000,830,0.592,59.7,54.7,97.26,80,67,PASS,,53,30.8,84.4
40kw,330,1000,0.75,hot,SER,PFM,30000,830,0.592,59.7,54.7,97.21,112,98,PASS,,83,30.8,84.4
40kw,330,1000,1,cold,SER,PFM,40000,830,0.577,67.7,72.9,97.14,63,33,PASS,,22,29.2,82.1
40kw,330,1000,1,room,SER,PFM,40000,830,0.577,67.7,72.9,97.06,102,69,PASS,,57,29.2,82.1
40kw,330,1000,1,hot,SER,PFM,40000,830,0.577,67.7,72.9,97,135,100,PASS,,87,29.2,82.1
40kw,400,150,0,cold,PAR,IDLE,0,650,,0,0,,,,PASS,standby
40kw,400,150,0,room,PAR,IDLE,0,650,,0,0,,,,PASS,standby
40kw,400,150,0,hot,PAR,IDLE,0,650,,0,0,,,,PASS,standby
40kw,400,150,0.05,cold,PAR,PSM,998,650,1.45,6.3,1.5,34.84,10,173,FAIL,LIMIT: TjLLC eta<88,10,7,10
40kw,400,150,0.05,room,PAR,PSM,998,650,1.45,6.3,1.5,34.84,45,208,FAIL,LIMIT: TjLLC eta<88,45,7,10
40kw,400,150,0.05,hot,PAR,PSM,998,650,1.45,6.3,1.5,34.83,75,238,FAIL,LIMIT: TjLLC eta<88,75,7,10
40kw,400,150,0.1,cold,PAR,PSM,1995,650,1.45,7,3,51.3,11,173,FAIL,LIMIT: TjLLC eta<88,11,7.9,11.2
40kw,400,150,0.1,room,PAR,PSM,1995,650,1.45,7,3,51.3,46,208,FAIL,LIMIT: TjLLC eta<88,46,7.9,11.2
40kw,400,150,0.1,hot,PAR,PSM,1995,650,1.45,7,3,51.3,76,238,FAIL,LIMIT: TjLLC eta<88,76,7.9,11.2
40kw,400,150,0.25,cold,PAR,PSM,4988,650,1.45,10.9,7.5,71.4,12,173,FAIL,LIMIT: TjLLC eta<88,12,12.2,17.5
40kw,400,150,0.25,room,PAR,PSM,4988,650,1.45,10.9,7.5,71.4,47,208,FAIL,LIMIT: TjLLC eta<88,47,12.2,17.5
40kw,400,150,0.25,hot,PAR,PSM,4988,650,1.45,10.9,7.5,71.39,77,238,FAIL,LIMIT: TjLLC eta<88,77,12.2,17.5
40kw,400,150,0.5,cold,PAR,PSM,9975,650,1.45,19.2,15,81.82,15,174,FAIL,LIMIT: TjLLC eta<88,14,21.5,30.7
40kw,400,150,0.5,room,PAR,PSM,9975,650,1.45,19.2,15,81.8,50,209,FAIL,LIMIT: TjLLC eta<88,49,21.5,30.7
40kw,400,150,0.5,hot,PAR,PSM,9975,650,1.45,19.2,15,81.79,80,239,FAIL,LIMIT: TjLLC eta<88,79,21.5,30.7
40kw,400,150,0.75,cold,PAR,PSM,14963,650,1.45,28,22.5,85.76,18,175,FAIL,LIMIT: TjLLC eta<88,16,31.4,44.8
40kw,400,150,0.75,room,PAR,PSM,14963,650,1.45,28,22.5,85.73,53,211,FAIL,LIMIT: TjLLC eta<88,51,31.4,44.8
40kw,400,150,0.75,hot,PAR,PSM,14963,650,1.45,28,22.5,85.71,83,241,FAIL,LIMIT: TjLLC eta<88,81,31.4,44.8
40kw,400,150,1,cold,PAR,PSM,19950,650,1.45,37,30,87.69,21,178,FAIL,LIMIT: TjLLC eta<88,19,41.4,59.2
40kw,400,150,1,room,PAR,PSM,19950,650,1.45,37,30,87.65,57,213,FAIL,LIMIT: TjLLC eta<88,54,41.4,59.2
40kw,400,150,1,hot,PAR,PSM,19950,650,1.45,37,30,87.62,88,243,FAIL,LIMIT: TjLLC eta<88,84,41.4,59.2
40kw,400,200,0,cold,PAR,IDLE,0,650,,0,0,,,,PASS,standby
40kw,400,200,0,room,PAR,IDLE,0,650,,0,0,,,,PASS,standby
40kw,400,200,0,hot,PAR,IDLE,0,650,,0,0,,,,PASS,standby
40kw,400,200,0.05,cold,PAR,PSM,1330,650,1.45,8.8,2,85.03,10,34,PASS,,11,9.9,14.2
40kw,400,200,0.05,room,PAR,PSM,1330,650,1.45,8.8,2,85.03,45,69,PASS,,46,9.9,14.2
40kw,400,200,0.05,hot,PAR,PSM,1330,650,1.45,8.8,2,85.03,75,99,PASS,,76,9.9,14.2
40kw,400,200,0.1,cold,PAR,PSM,2660,650,1.45,11,4,90.93,11,35,PASS,,11,12.3,17.6
40kw,400,200,0.1,room,PAR,PSM,2660,650,1.45,11,4,90.93,46,70,PASS,,46,12.3,17.6
40kw,400,200,0.1,hot,PAR,PSM,2660,650,1.45,11,4,90.92,76,100,PASS,,76,12.3,17.6
40kw,400,200,0.25,cold,PAR,PSM,6650,650,1.45,20.5,10,94.53,13,35,PASS,,14,22.9,32.8
40kw,400,200,0.25,room,PAR,PSM,6650,650,1.45,20.5,10,94.52,48,70,PASS,,49,22.9,32.8
40kw,400,200,0.25,hot,PAR,PSM,6650,650,1.45,20.5,10,94.51,78,100,PASS,,79,22.9,32.8
40kw,400,200,0.5,cold,PAR,PSM,13300,650,1.45,38.5,20,95.34,17,38,PASS,,19,43.1,61.7
40kw,400,200,0.5,room,PAR,PSM,13300,650,1.45,38.5,20,95.32,52,73,PASS,,54,43.1,61.7
40kw,400,200,0.5,hot,PAR,PSM,13300,650,1.45,38.5,20,95.31,82,104,PASS,,84,43.1,61.7
40kw,400,200,0.75,cold,PAR,PSM,19950,650,1.45,57.1,30,95.26,21,44,PASS,,26,63.9,91.4
40kw,400,200,0.75,room,PAR,PSM,19950,650,1.45,57.1,30,95.24,57,80,PASS,,61,63.9,91.4
40kw,400,200,0.75,hot,PAR,PSM,19950,650,1.45,57.1,30,95.22,88,111,PASS,,91,63.9,91.4
40kw,400,200,1,cold,PAR,PSM,26600,650,1.45,75.8,40,94.96,27,59,PASS,,35,84.9,121.3
40kw,400,200,1,room,PAR,PSM,26600,650,1.45,75.8,40,94.93,64,96,PASS,,70,84.9,121.3
40kw,400,200,1,hot,PAR,PSM,26600,650,1.45,75.8,40,94.91,95,128,PASS,,100,84.9,121.3
40kw,400,250,0,cold,PAR,IDLE,0,650,,0,0,,,,PASS,standby
40kw,400,250,0,room,PAR,IDLE,0,650,,0,0,,,,PASS,standby
40kw,400,250,0,hot,PAR,IDLE,0,650,,0,0,,,,PASS,standby
40kw,400,250,0.05,cold,PAR,PSM,1663,650,1.45,10.7,2.5,93.1,11,15,PASS,,11,12,17.1
40kw,400,250,0.05,room,PAR,PSM,1663,650,1.45,10.7,2.5,93.09,46,50,PASS,,46,12,17.1
40kw,400,250,0.05,hot,PAR,PSM,1663,650,1.45,10.7,2.5,93.09,76,80,PASS,,76,12,17.1
40kw,400,250,0.1,cold,PAR,PSM,3325,650,1.45,12.5,5,95.54,11,16,PASS,,11,14,20
40kw,400,250,0.1,room,PAR,PSM,3325,650,1.45,12.5,5,95.54,46,51,PASS,,46,14,20
40kw,400,250,0.1,hot,PAR,PSM,3325,650,1.45,12.5,5,95.54,76,81,PASS,,76,14,20
40kw,400,250,0.25,cold,PAR,PSM,8313,650,1.45,21.3,12.5,96.75,14,21,PASS,,14,23.9,34.1
40kw,400,250,0.25,room,PAR,PSM,8313,650,1.45,21.3,12.5,96.74,49,56,PASS,,49,23.9,34.1
40kw,400,250,0.25,hot,PAR,PSM,8313,650,1.45,21.3,12.5,96.73,79,86,PASS,,79,23.9,34.1
40kw,400,250,0.5,cold,PAR,PSM,16625,650,1.45,39,25,96.73,19,31,PASS,,19,43.7,62.4
40kw,400,250,0.5,room,PAR,PSM,16625,650,1.45,39,25,96.71,54,67,PASS,,54,43.7,62.4
40kw,400,250,0.5,hot,PAR,PSM,16625,650,1.45,39,25,96.7,85,97,PASS,,84,43.7,62.4
40kw,400,250,0.75,cold,PAR,PSM,24938,650,1.45,57.4,37.5,96.4,26,44,PASS,,26,64.3,91.9
40kw,400,250,0.75,room,PAR,PSM,24938,650,1.45,57.4,37.5,96.37,62,80,PASS,,61,64.3,91.9
40kw,400,250,0.75,hot,PAR,PSM,24938,650,1.45,57.4,37.5,96.35,93,111,PASS,,91,64.3,91.9
40kw,400,250,1,cold,PAR,PFM,33250,650,1.435,76.1,50,95.75,35,53,PASS,,35,69.9,101
40kw,400,250,1,room,PAR,PFM,33250,650,1.435,76.1,50,95.71,72,90,PASS,,70,69.9,101
40kw,400,250,1,hot,PAR,PFM,33250,650,1.435,76.1,50,95.68,103,121,PASS,,100,69.9,101
40kw,400,300,0,cold,PAR,IDLE,0,650,,0,0,,,,PASS,standby
40kw,400,300,0,room,PAR,IDLE,0,650,,0,0,,,,PASS,standby
40kw,400,300,0,hot,PAR,IDLE,0,650,,0,0,,,,PASS,standby
40kw,400,300,0.05,cold,PAR,PFM,1995,650,1.191,15.1,3,93.71,11,15,PASS,,11,12.3,21.4
40kw,400,300,0.05,room,PAR,PFM,1995,650,1.191,15.1,3,93.71,46,50,PASS,,46,12.3,21.4
40kw,400,300,0.05,hot,PAR,PFM,1995,650,1.191,15.1,3,93.71,76,81,PASS,,76,12.3,21.4
40kw,400,300,0.1,cold,PAR,PFM,3990,650,1.191,16.5,6,95.98,12,16,PASS,,11,13.4,23.3
40kw,400,300,0.1,room,PAR,PFM,3990,650,1.191,16.5,6,95.97,47,51,PASS,,46,13.4,23.3
40kw,400,300,0.1,hot,PAR,PFM,3990,650,1.191,16.5,6,95.97,77,81,PASS,,76,13.4,23.3
40kw,400,300,0.25,cold,PAR,PFM,9975,650,1.188,23.9,15,97.06,15,19,PASS,,14,19.2,33.5
40kw,400,300,0.25,room,PAR,PFM,9975,650,1.188,23.9,15,97.05,50,54,PASS,,49,19.2,33.5
40kw,400,300,0.25,hot,PAR,PFM,9975,650,1.188,23.9,15,97.04,80,84,PASS,,79,19.2,33.5
40kw,400,300,0.5,cold,PAR,PFM,19950,650,1.181,40.5,30,97.15,21,23,PASS,,19,24.2,42.4
40kw,400,300,0.5,room,PAR,PFM,19950,650,1.181,40.5,30,97.12,57,59,PASS,,54,24.2,42.4
40kw,400,300,0.5,hot,PAR,PFM,19950,650,1.181,40.5,30,97.1,88,89,PASS,,84,24.2,42.4
40kw,400,300,0.75,cold,PAR,PFM,29925,650,1.172,58.5,45,96.85,31,30,PASS,,26,30.6,54.1
40kw,400,300,0.75,room,PAR,PFM,29925,650,1.172,58.5,45,96.82,67,66,PASS,,61,30.6,54.1
40kw,400,300,0.75,hot,PAR,PFM,29925,650,1.172,58.5,45,96.78,99,97,PASS,,91,30.6,54.1
40kw,400,300,1,cold,PAR,PFM,39900,650,1.161,76.9,60,96.47,43,39,PASS,,35,37.5,67.1
40kw,400,300,1,room,PAR,PFM,39900,650,1.161,76.9,60,96.42,81,76,PASS,,70,37.5,67.1
40kw,400,300,1,hot,PAR,PFM,39900,650,1.161,76.9,60,96.38,114,108,PASS,,100,37.5,67.1
40kw,400,400,0,cold,PAR,IDLE,0,830,,0,0,,,,PASS,standby
40kw,400,400,0,room,PAR,IDLE,0,830,,0,0,,,,PASS,standby
40kw,400,400,0,hot,PAR,IDLE,0,830,,0,0,,,,PASS,standby
40kw,400,400,0.05,cold,PAR,PFM,2000,830,1.084,21.6,3,92.13,11,19,PASS,,10,20.4,30.6
40kw,400,400,0.05,room,PAR,PFM,2000,830,1.084,21.6,3,92.13,46,54,PASS,,45,20.4,30.6
40kw,400,400,0.05,hot,PAR,PFM,2000,830,1.084,21.6,3,92.13,76,84,PASS,,75,20.4,30.6
40kw,400,400,0.1,cold,PAR,PFM,4000,830,1.084,22.2,6,95.34,12,19,PASS,,11,20.9,31.3
40kw,400,400,0.1,room,PAR,PFM,4000,830,1.084,22.2,6,95.33,47,55,PASS,,46,20.9,31.3
40kw,400,400,0.1,hot,PAR,PFM,4000,830,1.084,22.2,6,95.33,77,85,PASS,,76,20.9,31.3
40kw,400,400,0.25,cold,PAR,PFM,10000,830,1.084,25.7,15,97.12,15,21,PASS,,13,24.2,36.3
40kw,400,400,0.25,room,PAR,PFM,10000,830,1.084,25.7,15,97.11,51,56,PASS,,48,24.2,36.3
40kw,400,400,0.25,hot,PAR,PFM,10000,830,1.084,25.7,15,97.1,81,87,PASS,,78,24.2,36.3
40kw,400,400,0.5,cold,PAR,PFM,20000,830,1.083,35.5,30.1,97.43,23,25,PASS,,16,31.1,46.6
40kw,400,400,0.5,room,PAR,PFM,20000,830,1.083,35.5,30.1,97.41,59,61,PASS,,51,31.1,46.6
40kw,400,400,0.5,hot,PAR,PFM,20000,830,1.083,35.5,30.1,97.39,90,91,PASS,,81,31.1,46.6
40kw,400,400,0.75,cold,PAR,PFM,30000,830,1.082,47.6,45.1,97.37,34,29,PASS,,21,33.2,49.8
40kw,400,400,0.75,room,PAR,PFM,30000,830,1.082,47.6,45.1,97.33,70,64,PASS,,56,33.2,49.8
40kw,400,400,0.75,hot,PAR,PFM,30000,830,1.082,47.6,45.1,97.3,102,95,PASS,,86,33.2,49.8
40kw,400,400,1,cold,PAR,PFM,40000,830,1.081,60.6,60.1,97.15,48,33,PASS,,26,35.9,53.9
40kw,400,400,1,room,PAR,PFM,40000,830,1.081,60.6,60.1,97.1,86,69,PASS,,61,35.9,53.9
40kw,400,400,1,hot,PAR,PFM,40000,830,1.081,60.6,60.1,97.06,118,100,PASS,,91,35.9,53.9
40kw,400,500,0,cold,PAR,IDLE,0,830,,0,0,,,,PASS,standby
40kw,400,500,0,room,PAR,IDLE,0,830,,0,0,,,,PASS,standby
40kw,400,500,0,hot,PAR,IDLE,0,830,,0,0,,,,PASS,standby
40kw,400,500,0.05,cold,PAR,PFM,2000,830,0.609,47.7,3,88.57,11,25,PASS,,10,25.3,67.5
40kw,400,500,0.05,room,PAR,PFM,2000,830,0.609,47.7,3,88.57,46,61,PASS,,45,25.3,67.5
40kw,400,500,0.05,hot,PAR,PFM,2000,830,0.609,47.7,3,88.57,76,92,PASS,,75,25.3,67.5
40kw,400,500,0.1,cold,PAR,PFM,4000,830,0.608,47.9,6,93.51,12,25,PASS,,11,25.4,67.8
40kw,400,500,0.1,room,PAR,PFM,4000,830,0.608,47.9,6,93.51,47,61,PASS,,46,25.4,67.8
40kw,400,500,0.1,hot,PAR,PFM,4000,830,0.608,47.9,6,93.5,77,92,PASS,,76,25.4,67.8
40kw,400,500,0.25,cold,PAR,PFM,10000,830,0.607,49.1,15,96.59,15,26,PASS,,12,26,69.5
40kw,400,500,0.25,room,PAR,PFM,10000,830,0.607,49.1,15,96.57,51,62,PASS,,47,26,69.5
40kw,400,500,0.25,hot,PAR,PFM,10000,830,0.607,49.1,15,96.56,81,92,PASS,,77,26,69.5
40kw,400,500,0.5,cold,PAR,PFM,20000,830,0.602,53.3,30.1,97.4,23,28,PASS,,15,27.9,75.4
40kw,400,500,0.5,room,PAR,PFM,20000,830,0.602,53.3,30.1,97.38,59,64,PASS,,50,27.9,75.4
40kw,400,500,0.5,hot,PAR,PFM,20000,830,0.602,53.3,30.1,97.36,90,95,PASS,,80,27.9,75.4
40kw,400,500,0.75,cold,PAR,PFM,30000,830,0.592,59.7,45.1,97.47,34,31,PASS,,18,30.8,84.4
40kw,400,500,0.75,room,PAR,PFM,30000,830,0.592,59.7,45.1,97.43,70,67,PASS,,53,30.8,84.4
40kw,400,500,0.75,hot,PAR,PFM,30000,830,0.592,59.7,45.1,97.4,102,98,PASS,,83,30.8,84.4
40kw,400,500,1,cold,PAR,PFM,40000,830,0.577,67.7,60.1,97.39,48,33,PASS,,22,29.2,82.1
40kw,400,500,1,room,PAR,PFM,40000,830,0.577,67.7,60.1,97.34,86,69,PASS,,57,29.2,82.1
40kw,400,500,1,hot,PAR,PFM,40000,830,0.577,67.7,60.1,97.3,118,100,PASS,,87,29.2,82.1
40kw,400,500,0,cold,SER,IDLE,0,650,,0,0,,,,PASS,standby
40kw,400,500,0,room,SER,IDLE,0,650,,0,0,,,,PASS,standby
40kw,400,500,0,hot,SER,IDLE,0,650,,0,0,,,,PASS,standby
40kw,400,500,0.05,cold,SER,PSM,2000,650,1.45,11,3,94.12,11,15,PASS,,11,12.3,17.6
40kw,400,500,0.05,room,SER,PSM,2000,650,1.45,11,3,94.11,46,50,PASS,,46,12.3,17.6
40kw,400,500,0.05,hot,SER,PSM,2000,650,1.45,11,3,94.11,76,80,PASS,,76,12.3,17.6
40kw,400,500,0.1,cold,SER,PSM,4000,650,1.45,13.5,6,96.13,12,16,PASS,,12,15.1,21.6
40kw,400,500,0.1,room,SER,PSM,4000,650,1.45,13.5,6,96.12,47,52,PASS,,47,15.1,21.6
40kw,400,500,0.1,hot,SER,PSM,4000,650,1.45,13.5,6,96.12,77,82,PASS,,77,15.1,21.6
40kw,400,500,0.25,cold,SER,PSM,10000,650,1.45,24.8,15,97.01,15,22,PASS,,15,27.7,39.7
40kw,400,500,0.25,room,SER,PSM,10000,650,1.45,24.8,15,97,50,58,PASS,,50,27.7,39.7
40kw,400,500,0.25,hot,SER,PSM,10000,650,1.45,24.8,15,96.99,80,88,PASS,,80,27.7,39.7
40kw,400,500,0.5,cold,SER,PSM,20000,650,1.45,46.4,30.1,96.81,21,36,PASS,,22,52,74.3
40kw,400,500,0.5,room,SER,PSM,20000,650,1.45,46.4,30.1,96.78,57,72,PASS,,57,52,74.3
40kw,400,500,0.5,hot,SER,PSM,20000,650,1.45,46.4,30.1,96.76,88,102,PASS,,87,52,74.3
40kw,400,500,0.75,cold,SER,PSM,30000,650,1.45,68.8,45.1,96.35,31,53,PASS,,31,76.9,110
40kw,400,500,0.75,room,SER,PSM,30000,650,1.45,68.8,45.1,96.32,67,89,PASS,,66,76.9,110
40kw,400,500,0.75,hot,SER,PSM,30000,650,1.45,68.8,45.1,96.29,99,121,PASS,,96,76.9,110
40kw,400,500,1,cold,SER,PFM,40000,650,1.389,91.3,60.1,95.61,44,65,PASS,,43,81,120.8
40kw,400,500,1,room,SER,PFM,40000,650,1.389,91.3,60.1,95.56,81,103,PASS,,78,81,120.8
40kw,400,500,1,hot,SER,PFM,40000,650,1.389,91.3,60.1,95.52,114,135,PASS,,108,81,120.8
40kw,400,750,0,cold,SER,IDLE,0,789,,0,0,,,,PASS,standby
40kw,400,750,0,room,SER,IDLE,0,789,,0,0,,,,PASS,standby
40kw,400,750,0,hot,SER,IDLE,0,789,,0,0,,,,PASS,standby
40kw,400,750,0.05,cold,SER,PFM,2000,789,1.119,19.7,3,92.71,11,18,PASS,,11,18.3,27.8
40kw,400,750,0.05,room,SER,PFM,2000,789,1.119,19.7,3,92.71,46,53,PASS,,46,18.3,27.8
40kw,400,750,0.05,hot,SER,PFM,2000,789,1.119,19.7,3,92.71,76,83,PASS,,76,18.3,27.8
40kw,400,750,0.1,cold,SER,PFM,4000,789,1.119,20.4,6,95.67,12,18,PASS,,11,18.9,28.8
40kw,400,750,0.1,room,SER,PFM,4000,789,1.119,20.4,6,95.66,47,54,PASS,,46,18.9,28.8
40kw,400,750,0.1,hot,SER,PFM,4000,789,1.119,20.4,6,95.66,77,84,PASS,,76,18.9,28.8
40kw,400,750,0.25,cold,SER,PFM,10000,789,1.118,24.6,15,97.27,15,21,PASS,,13,22.8,34.9
40kw,400,750,0.25,room,SER,PFM,10000,789,1.118,24.6,15,97.26,50,56,PASS,,48,22.8,34.9
40kw,400,750,0.25,hot,SER,PFM,10000,789,1.118,24.6,15,97.25,81,86,PASS,,78,22.8,34.9
40kw,400,750,0.5,cold,SER,PFM,20000,789,1.117,36,30.1,97.53,23,25,PASS,,17,29.1,44.4
40kw,400,750,0.5,room,SER,PFM,20000,789,1.117,36,30.1,97.51,59,60,PASS,,52,29.1,44.4
40kw,400,750,0.5,hot,SER,PFM,20000,789,1.117,36,30.1,97.49,89,90,PASS,,82,29.1,44.4
40kw,400,750,0.75,cold,SER,PFM,30000,789,1.115,49.4,45.1,97.41,33,29,PASS,,22,32.3,49.5
40kw,400,750,0.75,room,SER,PFM,30000,789,1.115,49.4,45.1,97.38,70,64,PASS,,57,32.3,49.5
40kw,400,750,0.75,hot,SER,PFM,30000,789,1.115,49.4,45.1,97.35,101,95,PASS,,87,32.3,49.5
40kw,400,750,1,cold,SER,PFM,40000,789,1.113,63.6,60.1,97.16,47,34,PASS,,28,36.4,55.8
40kw,400,750,1,room,SER,PFM,40000,789,1.113,63.6,60.1,97.11,85,71,PASS,,63,36.4,55.8
40kw,400,750,1,hot,SER,PFM,40000,789,1.113,63.6,60.1,97.07,117,102,PASS,,93,36.4,55.8
40kw,400,1000,0,cold,SER,IDLE,0,830,,0,0,,,,PASS,standby
40kw,400,1000,0,room,SER,IDLE,0,830,,0,0,,,,PASS,standby
40kw,400,1000,0,hot,SER,IDLE,0,830,,0,0,,,,PASS,standby
40kw,400,1000,0.05,cold,SER,PFM,2000,830,0.609,47.7,3,88.66,11,25,PASS,,10,25.3,67.5
40kw,400,1000,0.05,room,SER,PFM,2000,830,0.609,47.7,3,88.65,46,61,PASS,,45,25.3,67.5
40kw,400,1000,0.05,hot,SER,PFM,2000,830,0.609,47.7,3,88.65,76,92,PASS,,75,25.3,67.5
40kw,400,1000,0.1,cold,SER,PFM,4000,830,0.608,47.9,6,93.6,12,25,PASS,,11,25.4,67.8
40kw,400,1000,0.1,room,SER,PFM,4000,830,0.608,47.9,6,93.6,47,61,PASS,,46,25.4,67.8
40kw,400,1000,0.1,hot,SER,PFM,4000,830,0.608,47.9,6,93.59,77,92,PASS,,76,25.4,67.8
40kw,400,1000,0.25,cold,SER,PFM,10000,830,0.607,49.1,15,96.68,15,26,PASS,,12,26,69.5
40kw,400,1000,0.25,room,SER,PFM,10000,830,0.607,49.1,15,96.67,51,62,PASS,,47,26,69.5
40kw,400,1000,0.25,hot,SER,PFM,10000,830,0.607,49.1,15,96.66,81,92,PASS,,77,26,69.5
40kw,400,1000,0.5,cold,SER,PFM,20000,830,0.602,53.3,30.1,97.5,23,28,PASS,,15,27.9,75.4
40kw,400,1000,0.5,room,SER,PFM,20000,830,0.602,53.3,30.1,97.48,59,64,PASS,,50,27.9,75.4
40kw,400,1000,0.5,hot,SER,PFM,20000,830,0.602,53.3,30.1,97.46,90,95,PASS,,80,27.9,75.4
40kw,400,1000,0.75,cold,SER,PFM,30000,830,0.592,59.7,45.1,97.57,34,31,PASS,,18,30.8,84.4
40kw,400,1000,0.75,room,SER,PFM,30000,830,0.592,59.7,45.1,97.53,70,67,PASS,,53,30.8,84.4
40kw,400,1000,0.75,hot,SER,PFM,30000,830,0.592,59.7,45.1,97.5,102,98,PASS,,83,30.8,84.4
40kw,400,1000,1,cold,SER,PFM,40000,830,0.577,67.7,60.1,97.49,48,33,PASS,,22,29.2,82.1
40kw,400,1000,1,room,SER,PFM,40000,830,0.577,67.7,60.1,97.44,86,69,PASS,,57,29.2,82.1
40kw,400,1000,1,hot,SER,PFM,40000,830,0.577,67.7,60.1,97.4,118,100,PASS,,87,29.2,82.1
40kw,450,150,0,cold,PAR,IDLE,0,687,,0,0,,,,PASS,standby
40kw,450,150,0,room,PAR,IDLE,0,687,,0,0,,,,PASS,standby
40kw,450,150,0,hot,PAR,IDLE,0,687,,0,0,,,,PASS,standby
40kw,450,150,0.05,cold,PAR,PSM,998,687,1.45,6.3,1.3,32.79,10,190,FAIL,LIMIT: TjLLC eta<88,10,7.4,10
40kw,450,150,0.05,room,PAR,PSM,998,687,1.45,6.3,1.3,32.79,45,225,FAIL,LIMIT: TjLLC eta<88,45,7.4,10
40kw,450,150,0.05,hot,PAR,PSM,998,687,1.45,6.3,1.3,32.79,75,255,FAIL,LIMIT: TjLLC eta<88,75,7.4,10
40kw,450,150,0.1,cold,PAR,PSM,1995,687,1.45,7,2.7,49.04,11,190,FAIL,LIMIT: TjLLC eta<88,11,8.3,11.2
40kw,450,150,0.1,room,PAR,PSM,1995,687,1.45,7,2.7,49.04,46,225,FAIL,LIMIT: TjLLC eta<88,46,8.3,11.2
40kw,450,150,0.1,hot,PAR,PSM,1995,687,1.45,7,2.7,49.04,76,255,FAIL,LIMIT: TjLLC eta<88,76,8.3,11.2
40kw,450,150,0.25,cold,PAR,PSM,4988,687,1.45,10.9,6.7,69.63,12,190,FAIL,LIMIT: TjLLC eta<88,12,12.9,17.5
40kw,450,150,0.25,room,PAR,PSM,4988,687,1.45,10.9,6.7,69.62,47,225,FAIL,LIMIT: TjLLC eta<88,47,12.9,17.5
40kw,450,150,0.25,hot,PAR,PSM,4988,687,1.45,10.9,6.7,69.62,77,255,FAIL,LIMIT: TjLLC eta<88,77,12.9,17.5
40kw,450,150,0.5,cold,PAR,PSM,9975,687,1.45,19.2,13.3,80.67,14,191,FAIL,LIMIT: TjLLC eta<88,14,22.7,30.7
40kw,450,150,0.5,room,PAR,PSM,9975,687,1.45,19.2,13.3,80.65,49,226,FAIL,LIMIT: TjLLC eta<88,49,22.7,30.7
40kw,450,150,0.5,hot,PAR,PSM,9975,687,1.45,19.2,13.3,80.64,79,256,FAIL,LIMIT: TjLLC eta<88,79,22.7,30.7
40kw,450,150,0.75,cold,PAR,PSM,14963,687,1.45,28,20,84.95,17,193,FAIL,LIMIT: TjLLC eta<88,16,33.2,44.8
40kw,450,150,0.75,room,PAR,PSM,14963,687,1.45,28,20,84.92,52,228,FAIL,LIMIT: TjLLC eta<88,51,33.2,44.8
40kw,450,150,0.75,hot,PAR,PSM,14963,687,1.45,28,20,84.91,82,258,FAIL,LIMIT: TjLLC eta<88,81,33.2,44.8
40kw,450,150,1,cold,PAR,PSM,19950,687,1.45,37,26.7,87.09,20,195,FAIL,LIMIT: TjLLC eta<88,19,43.8,59.2
40kw,450,150,1,room,PAR,PSM,19950,687,1.45,37,26.7,87.06,55,230,FAIL,LIMIT: TjLLC eta<88,54,43.8,59.2
40kw,450,150,1,hot,PAR,PSM,19950,687,1.45,37,26.7,87.04,86,261,FAIL,LIMIT: TjLLC eta<88,84,43.8,59.2
40kw,450,200,0,cold,PAR,IDLE,0,687,,0,0,,,,PASS,standby
40kw,450,200,0,room,PAR,IDLE,0,687,,0,0,,,,PASS,standby
40kw,450,200,0,hot,PAR,IDLE,0,687,,0,0,,,,PASS,standby
40kw,450,200,0.05,cold,PAR,PSM,1330,687,1.45,8.8,1.8,84.27,10,37,PASS,,11,10.5,14.2
40kw,450,200,0.05,room,PAR,PSM,1330,687,1.45,8.8,1.8,84.27,45,72,PASS,,46,10.5,14.2
40kw,450,200,0.05,hot,PAR,PSM,1330,687,1.45,8.8,1.8,84.27,75,102,PASS,,76,10.5,14.2
40kw,450,200,0.1,cold,PAR,PSM,2660,687,1.45,11,3.6,90.49,11,37,PASS,,11,13,17.6
40kw,450,200,0.1,room,PAR,PSM,2660,687,1.45,11,3.6,90.49,46,72,PASS,,46,13,17.6
40kw,450,200,0.1,hot,PAR,PSM,2660,687,1.45,11,3.6,90.49,76,102,PASS,,76,13,17.6
40kw,450,200,0.25,cold,PAR,PSM,6650,687,1.45,20.5,8.9,94.34,13,38,PASS,,14,24.2,32.8
40kw,450,200,0.25,room,PAR,PSM,6650,687,1.45,20.5,8.9,94.34,48,73,PASS,,49,24.2,32.8
40kw,450,200,0.25,hot,PAR,PSM,6650,687,1.45,20.5,8.9,94.33,78,103,PASS,,79,24.2,32.8
40kw,450,200,0.5,cold,PAR,PSM,13300,687,1.45,38.5,17.8,95.26,16,40,PASS,,19,45.6,61.7
40kw,450,200,0.5,room,PAR,PSM,13300,687,1.45,38.5,17.8,95.25,51,76,PASS,,54,45.6,61.7
40kw,450,200,0.5,hot,PAR,PSM,13300,687,1.45,38.5,17.8,95.24,81,106,PASS,,84,45.6,61.7
40kw,450,200,0.75,cold,PAR,PSM,19950,687,1.45,57.1,26.7,95.24,20,45,PASS,,26,67.6,91.4
40kw,450,200,0.75,room,PAR,PSM,19950,687,1.45,57.1,26.7,95.22,55,81,PASS,,61,67.6,91.4
40kw,450,200,0.75,hot,PAR,PSM,19950,687,1.45,57.1,26.7,95.2,86,112,PASS,,91,67.6,91.4
40kw,450,200,1,cold,PAR,PSM,26600,687,1.45,75.8,35.5,94.98,25,61,PASS,,35,89.7,121.3
40kw,450,200,1,room,PAR,PSM,26600,687,1.45,75.8,35.5,94.95,61,98,PASS,,70,89.7,121.3
40kw,450,200,1,hot,PAR,PSM,26600,687,1.45,75.8,35.5,94.93,92,130,PASS,,100,89.7,121.3
40kw,450,250,0,cold,PAR,IDLE,0,687,,0,0,,,,PASS,standby
40kw,450,250,0,room,PAR,IDLE,0,687,,0,0,,,,PASS,standby
40kw,450,250,0,hot,PAR,IDLE,0,687,,0,0,,,,PASS,standby
40kw,450,250,0.05,cold,PAR,PSM,1663,687,1.45,10.7,2.2,92.97,11,15,PASS,,11,12.7,17.1
40kw,450,250,0.05,room,PAR,PSM,1663,687,1.45,10.7,2.2,92.97,46,50,PASS,,46,12.7,17.1
40kw,450,250,0.05,hot,PAR,PSM,1663,687,1.45,10.7,2.2,92.97,76,80,PASS,,76,12.7,17.1
40kw,450,250,0.1,cold,PAR,PSM,3325,687,1.45,12.5,4.4,95.48,11,16,PASS,,11,14.8,20
40kw,450,250,0.1,room,PAR,PSM,3325,687,1.45,12.5,4.4,95.48,46,51,PASS,,46,14.8,20
40kw,450,250,0.1,hot,PAR,PSM,3325,687,1.45,12.5,4.4,95.48,76,81,PASS,,76,14.8,20
40kw,450,250,0.25,cold,PAR,PSM,8313,687,1.45,21.3,11.1,96.74,13,21,PASS,,14,25.3,34.1
40kw,450,250,0.25,room,PAR,PSM,8313,687,1.45,21.3,11.1,96.73,48,56,PASS,,49,25.3,34.1
40kw,450,250,0.25,hot,PAR,PSM,8313,687,1.45,21.3,11.1,96.72,78,86,PASS,,79,25.3,34.1
40kw,450,250,0.5,cold,PAR,PSM,16625,687,1.45,39,22.2,96.76,18,32,PASS,,19,46.2,62.4
40kw,450,250,0.5,room,PAR,PSM,16625,687,1.45,39,22.2,96.74,53,68,PASS,,54,46.2,62.4
40kw,450,250,0.5,hot,PAR,PSM,16625,687,1.45,39,22.2,96.73,83,98,PASS,,84,46.2,62.4
40kw,450,250,0.75,cold,PAR,PSM,24938,687,1.45,57.4,33.3,96.46,24,45,PASS,,26,68,91.9
40kw,450,250,0.75,room,PAR,PSM,24938,687,1.45,57.4,33.3,96.43,59,81,PASS,,61,68,91.9
40kw,450,250,0.75,hot,PAR,PSM,24938,687,1.45,57.4,33.3,96.41,90,112,PASS,,91,68,91.9
40kw,450,250,1,cold,PAR,PSM,33250,687,1.45,76.1,44.4,96.08,31,61,PASS,,35,90,121.7
40kw,450,250,1,room,PAR,PSM,33250,687,1.45,76.1,44.4,96.05,68,98,PASS,,70,90,121.7
40kw,450,250,1,hot,PAR,PSM,33250,687,1.45,76.1,44.4,96.03,99,130,PASS,,100,90,121.7
40kw,450,300,0,cold,PAR,IDLE,0,687,,0,0,,,,PASS,standby
40kw,450,300,0,room,PAR,IDLE,0,687,,0,0,,,,PASS,standby
40kw,450,300,0,hot,PAR,IDLE,0,687,,0,0,,,,PASS,standby
40kw,450,300,0.05,cold,PAR,PFM,1995,687,1.34,13.5,2.7,93.66,11,16,PASS,,11,13.1,19.1
40kw,450,300,0.05,room,PAR,PFM,1995,687,1.34,13.5,2.7,93.66,46,51,PASS,,46,13.1,19.1
40kw,450,300,0.05,hot,PAR,PFM,1995,687,1.34,13.5,2.7,93.66,76,81,PASS,,76,13.1,19.1
40kw,450,300,0.1,cold,PAR,PFM,3990,687,1.339,15,5.3,95.93,11,16,PASS,,11,14.5,21.3
40kw,450,300,0.1,room,PAR,PFM,3990,687,1.339,15,5.3,95.92,46,51,PASS,,46,14.5,21.3
40kw,450,300,0.1,hot,PAR,PFM,3990,687,1.339,15,5.3,95.92,76,81,PASS,,76,14.5,21.3
40kw,450,300,0.25,cold,PAR,PFM,9975,687,1.332,22.9,13.3,97.01,14,20,PASS,,14,22,32.4
40kw,450,300,0.25,room,PAR,PFM,9975,687,1.332,22.9,13.3,97,49,55,PASS,,49,22,32.4
40kw,450,300,0.25,hot,PAR,PFM,9975,687,1.332,22.9,13.3,96.99,79,85,PASS,,79,22,32.4
40kw,450,300,0.5,cold,PAR,PFM,19950,687,1.313,40,26.7,97.09,20,26,PASS,,19,31.2,46.5
40kw,450,300,0.5,room,PAR,PFM,19950,687,1.313,40,26.7,97.07,55,62,PASS,,54,31.2,46.5
40kw,450,300,0.5,hot,PAR,PFM,19950,687,1.313,40,26.7,97.06,86,92,PASS,,84,31.2,46.5
40kw,450,300,0.75,cold,PAR,PFM,29925,687,1.288,58.1,40,96.83,28,35,PASS,,26,41.4,63
40kw,450,300,0.75,room,PAR,PFM,29925,687,1.288,58.1,40,96.8,64,71,PASS,,61,41.4,63
40kw,450,300,0.75,hot,PAR,PFM,29925,687,1.288,58.1,40,96.77,95,102,PASS,,91,41.4,63
40kw,450,300,1,cold,PAR,PFM,39900,687,1.263,76.6,53.3,96.48,38,45,PASS,,35,51.9,80.6
40kw,450,300,1,room,PAR,PFM,39900,687,1.263,76.6,53.3,96.44,75,82,PASS,,70,51.9,80.6
40kw,450,300,1,hot,PAR,PFM,39900,687,1.263,76.6,53.3,96.41,107,114,PASS,,100,51.9,80.6
40kw,450,400,0,cold,PAR,IDLE,0,830,,0,0,,,,PASS,standby
40kw,450,400,0,room,PAR,IDLE,0,830,,0,0,,,,PASS,standby
40kw,450,400,0,hot,PAR,IDLE,0,830,,0,0,,,,PASS,standby
40kw,450,400,0.05,cold,PAR,PFM,2000,830,1.084,21.6,2.7,92.15,11,19,PASS,,10,20.4,30.6
40kw,450,400,0.05,room,PAR,PFM,2000,830,1.084,21.6,2.7,92.15,46,54,PASS,,45,20.4,30.6
40kw,450,400,0.05,hot,PAR,PFM,2000,830,1.084,21.6,2.7,92.14,76,84,PASS,,75,20.4,30.6
40kw,450,400,0.1,cold,PAR,PFM,4000,830,1.084,22.2,5.3,95.36,12,19,PASS,,11,20.9,31.3
40kw,450,400,0.1,room,PAR,PFM,4000,830,1.084,22.2,5.3,95.35,47,55,PASS,,46,20.9,31.3
40kw,450,400,0.1,hot,PAR,PFM,4000,830,1.084,22.2,5.3,95.35,77,85,PASS,,76,20.9,31.3
40kw,450,400,0.25,cold,PAR,PFM,10000,830,1.084,25.7,13.4,97.17,15,21,PASS,,13,24.2,36.3
40kw,450,400,0.25,room,PAR,PFM,10000,830,1.084,25.7,13.4,97.16,50,56,PASS,,48,24.2,36.3
40kw,450,400,0.25,hot,PAR,PFM,10000,830,1.084,25.7,13.4,97.15,80,87,PASS,,78,24.2,36.3
40kw,450,400,0.5,cold,PAR,PFM,20000,830,1.083,35.5,26.7,97.51,21,25,PASS,,16,31.1,46.6
40kw,450,400,0.5,room,PAR,PFM,20000,830,1.083,35.5,26.7,97.49,57,61,PASS,,51,31.1,46.6
40kw,450,400,0.5,hot,PAR,PFM,20000,830,1.083,35.5,26.7,97.48,87,91,PASS,,81,31.1,46.6
40kw,450,400,0.75,cold,PAR,PFM,30000,830,1.082,47.6,40.1,97.48,30,29,PASS,,21,33.2,49.8
40kw,450,400,0.75,room,PAR,PFM,30000,830,1.082,47.6,40.1,97.45,66,64,PASS,,56,33.2,49.8
40kw,450,400,0.75,hot,PAR,PFM,30000,830,1.082,47.6,40.1,97.43,97,95,PASS,,86,33.2,49.8
40kw,450,400,1,cold,PAR,PFM,40000,830,1.081,60.6,53.4,97.31,41,33,PASS,,26,35.9,53.9
40kw,450,400,1,room,PAR,PFM,40000,830,1.081,60.6,53.4,97.27,78,69,PASS,,61,35.9,53.9
40kw,450,400,1,hot,PAR,PFM,40000,830,1.081,60.6,53.4,97.23,110,100,PASS,,91,35.9,53.9
40kw,450,500,0,cold,PAR,IDLE,0,830,,0,0,,,,PASS,standby
40kw,450,500,0,room,PAR,IDLE,0,830,,0,0,,,,PASS,standby
40kw,450,500,0,hot,PAR,IDLE,0,830,,0,0,,,,PASS,standby
40kw,450,500,0.05,cold,PAR,PFM,2000,830,0.609,47.7,2.7,88.59,11,25,PASS,,10,25.3,67.5
40kw,450,500,0.05,room,PAR,PFM,2000,830,0.609,47.7,2.7,88.58,46,61,PASS,,45,25.3,67.5
40kw,450,500,0.05,hot,PAR,PFM,2000,830,0.609,47.7,2.7,88.58,76,92,PASS,,75,25.3,67.5
40kw,450,500,0.1,cold,PAR,PFM,4000,830,0.608,47.9,5.3,93.53,12,25,PASS,,11,25.4,67.8
40kw,450,500,0.1,room,PAR,PFM,4000,830,0.608,47.9,5.3,93.53,47,61,PASS,,46,25.4,67.8
40kw,450,500,0.1,hot,PAR,PFM,4000,830,0.608,47.9,5.3,93.52,77,92,PASS,,76,25.4,67.8
40kw,450,500,0.25,cold,PAR,PFM,10000,830,0.607,49.1,13.4,96.63,15,26,PASS,,12,26,69.5
40kw,450,500,0.25,room,PAR,PFM,10000,830,0.607,49.1,13.4,96.62,50,62,PASS,,47,26,69.5
40kw,450,500,0.25,hot,PAR,PFM,10000,830,0.607,49.1,13.4,96.61,80,92,PASS,,77,26,69.5
40kw,450,500,0.5,cold,PAR,PFM,20000,830,0.602,53.3,26.7,97.48,21,28,PASS,,15,27.9,75.4
40kw,450,500,0.5,room,PAR,PFM,20000,830,0.602,53.3,26.7,97.46,57,64,PASS,,50,27.9,75.4
40kw,450,500,0.5,hot,PAR,PFM,20000,830,0.602,53.3,26.7,97.44,87,95,PASS,,80,27.9,75.4
40kw,450,500,0.75,cold,PAR,PFM,30000,830,0.592,59.7,40.1,97.58,30,31,PASS,,18,30.8,84.4
40kw,450,500,0.75,room,PAR,PFM,30000,830,0.592,59.7,40.1,97.55,66,67,PASS,,53,30.8,84.4
40kw,450,500,0.75,hot,PAR,PFM,30000,830,0.592,59.7,40.1,97.53,97,98,PASS,,83,30.8,84.4
40kw,450,500,1,cold,PAR,PFM,40000,830,0.577,67.7,53.4,97.55,41,33,PASS,,22,29.2,82.1
40kw,450,500,1,room,PAR,PFM,40000,830,0.577,67.7,53.4,97.51,78,69,PASS,,57,29.2,82.1
40kw,450,500,1,hot,PAR,PFM,40000,830,0.577,67.7,53.4,97.47,110,100,PASS,,87,29.2,82.1
40kw,450,500,0,cold,SER,IDLE,0,687,,0,0,,,,PASS,standby
40kw,450,500,0,room,SER,IDLE,0,687,,0,0,,,,PASS,standby
40kw,450,500,0,hot,SER,IDLE,0,687,,0,0,,,,PASS,standby
40kw,450,500,0.05,cold,SER,PSM,2000,687,1.45,11,2.7,94.01,11,15,PASS,,11,13,17.6
40kw,450,500,0.05,room,SER,PSM,2000,687,1.45,11,2.7,94.01,46,51,PASS,,46,13,17.6
40kw,450,500,0.05,hot,SER,PSM,2000,687,1.45,11,2.7,94.01,76,81,PASS,,76,13,17.6
40kw,450,500,0.1,cold,SER,PSM,4000,687,1.45,13.5,5.3,96.08,11,17,PASS,,12,16,21.6
40kw,450,500,0.1,room,SER,PSM,4000,687,1.45,13.5,5.3,96.08,46,52,PASS,,47,16,21.6
40kw,450,500,0.1,hot,SER,PSM,4000,687,1.45,13.5,5.3,96.07,76,82,PASS,,77,16,21.6
40kw,450,500,0.25,cold,SER,PSM,10000,687,1.45,24.8,13.4,97.01,14,23,PASS,,15,29.3,39.7
40kw,450,500,0.25,room,SER,PSM,10000,687,1.45,24.8,13.4,97,49,58,PASS,,50,29.3,39.7
40kw,450,500,0.25,hot,SER,PSM,10000,687,1.45,24.8,13.4,96.99,79,89,PASS,,80,29.3,39.7
40kw,450,500,0.5,cold,SER,PSM,20000,687,1.45,46.4,26.7,96.85,20,37,PASS,,22,55,74.3
40kw,450,500,0.5,room,SER,PSM,20000,687,1.45,46.4,26.7,96.83,56,73,PASS,,57,55,74.3
40kw,450,500,0.5,hot,SER,PSM,20000,687,1.45,46.4,26.7,96.81,86,104,PASS,,87,55,74.3
40kw,450,500,0.75,cold,SER,PSM,30000,687,1.45,68.8,40.1,96.43,28,55,PASS,,31,81.4,110
40kw,450,500,0.75,room,SER,PSM,30000,687,1.45,68.8,40.1,96.4,64,91,PASS,,66,81.4,110
40kw,450,500,0.75,hot,SER,PSM,30000,687,1.45,68.8,40.1,96.38,95,123,PASS,,96,81.4,110
40kw,450,500,1,cold,SER,PSM,40000,687,1.45,91.3,53.4,95.95,38,76,PASS,,43,108,146
40kw,450,500,1,room,SER,PSM,40000,687,1.45,91.3,53.4,95.91,75,114,PASS,,78,108,146
40kw,450,500,1,hot,SER,PSM,40000,687,1.45,91.3,53.4,95.88,107,147,PASS,,108,108,146
40kw,450,750,0,cold,SER,IDLE,0,789,,0,0,,,,PASS,standby
40kw,450,750,0,room,SER,IDLE,0,789,,0,0,,,,PASS,standby
40kw,450,750,0,hot,SER,IDLE,0,789,,0,0,,,,PASS,standby
40kw,450,750,0.05,cold,SER,PFM,2000,789,1.119,19.7,2.7,92.72,11,18,PASS,,11,18.3,27.8
40kw,450,750,0.05,room,SER,PFM,2000,789,1.119,19.7,2.7,92.72,46,53,PASS,,46,18.3,27.8
40kw,450,750,0.05,hot,SER,PFM,2000,789,1.119,19.7,2.7,92.72,76,83,PASS,,76,18.3,27.8
40kw,450,750,0.1,cold,SER,PFM,4000,789,1.119,20.4,5.3,95.69,12,18,PASS,,11,18.9,28.8
40kw,450,750,0.1,room,SER,PFM,4000,789,1.119,20.4,5.3,95.69,47,54,PASS,,46,18.9,28.8
40kw,450,750,0.1,hot,SER,PFM,4000,789,1.119,20.4,5.3,95.68,77,84,PASS,,76,18.9,28.8
40kw,450,750,0.25,cold,SER,PFM,10000,789,1.118,24.6,13.4,97.32,15,21,PASS,,13,22.8,34.9
40kw,450,750,0.25,room,SER,PFM,10000,789,1.118,24.6,13.4,97.31,50,56,PASS,,48,22.8,34.9
40kw,450,750,0.25,hot,SER,PFM,10000,789,1.118,24.6,13.4,97.3,80,86,PASS,,78,22.8,34.9
40kw,450,750,0.5,cold,SER,PFM,20000,789,1.117,36,26.7,97.61,21,25,PASS,,17,29.1,44.4
40kw,450,750,0.5,room,SER,PFM,20000,789,1.117,36,26.7,97.59,57,60,PASS,,52,29.1,44.4
40kw,450,750,0.5,hot,SER,PFM,20000,789,1.117,36,26.7,97.57,87,90,PASS,,82,29.1,44.4
40kw,450,750,0.75,cold,SER,PFM,30000,789,1.115,49.4,40.1,97.53,29,29,PASS,,22,32.3,49.5
40kw,450,750,0.75,room,SER,PFM,30000,789,1.115,49.4,40.1,97.5,66,64,PASS,,57,32.3,49.5
40kw,450,750,0.75,hot,SER,PFM,30000,789,1.115,49.4,40.1,97.47,97,95,PASS,,87,32.3,49.5
40kw,450,750,1,cold,SER,PFM,40000,789,1.113,63.6,53.4,97.31,40,34,PASS,,28,36.4,55.8
40kw,450,750,1,room,SER,PFM,40000,789,1.113,63.6,53.4,97.27,78,71,PASS,,63,36.4,55.8
40kw,450,750,1,hot,SER,PFM,40000,789,1.113,63.6,53.4,97.24,109,102,PASS,,93,36.4,55.8
40kw,450,1000,0,cold,SER,IDLE,0,830,,0,0,,,,PASS,standby
40kw,450,1000,0,room,SER,IDLE,0,830,,0,0,,,,PASS,standby
40kw,450,1000,0,hot,SER,IDLE,0,830,,0,0,,,,PASS,standby
40kw,450,1000,0.05,cold,SER,PFM,2000,830,0.609,47.7,2.7,88.67,11,25,PASS,,10,25.3,67.5
40kw,450,1000,0.05,room,SER,PFM,2000,830,0.609,47.7,2.7,88.67,46,61,PASS,,45,25.3,67.5
40kw,450,1000,0.05,hot,SER,PFM,2000,830,0.609,47.7,2.7,88.67,76,92,PASS,,75,25.3,67.5
40kw,450,1000,0.1,cold,SER,PFM,4000,830,0.608,47.9,5.3,93.62,12,25,PASS,,11,25.4,67.8
40kw,450,1000,0.1,room,SER,PFM,4000,830,0.608,47.9,5.3,93.62,47,61,PASS,,46,25.4,67.8
40kw,450,1000,0.1,hot,SER,PFM,4000,830,0.608,47.9,5.3,93.62,77,92,PASS,,76,25.4,67.8
40kw,450,1000,0.25,cold,SER,PFM,10000,830,0.607,49.1,13.4,96.72,15,26,PASS,,12,26,69.5
40kw,450,1000,0.25,room,SER,PFM,10000,830,0.607,49.1,13.4,96.72,50,62,PASS,,47,26,69.5
40kw,450,1000,0.25,hot,SER,PFM,10000,830,0.607,49.1,13.4,96.71,80,92,PASS,,77,26,69.5
40kw,450,1000,0.5,cold,SER,PFM,20000,830,0.602,53.3,26.7,97.58,21,28,PASS,,15,27.9,75.4
40kw,450,1000,0.5,room,SER,PFM,20000,830,0.602,53.3,26.7,97.56,57,64,PASS,,50,27.9,75.4
40kw,450,1000,0.5,hot,SER,PFM,20000,830,0.602,53.3,26.7,97.54,87,95,PASS,,80,27.9,75.4
40kw,450,1000,0.75,cold,SER,PFM,30000,830,0.592,59.7,40.1,97.68,30,31,PASS,,18,30.8,84.4
40kw,450,1000,0.75,room,SER,PFM,30000,830,0.592,59.7,40.1,97.65,66,67,PASS,,53,30.8,84.4
40kw,450,1000,0.75,hot,SER,PFM,30000,830,0.592,59.7,40.1,97.63,97,98,PASS,,83,30.8,84.4
40kw,450,1000,1,cold,SER,PFM,40000,830,0.577,67.7,53.4,97.65,41,33,PASS,,22,29.2,82.1
40kw,450,1000,1,room,SER,PFM,40000,830,0.577,67.7,53.4,97.61,78,69,PASS,,57,29.2,82.1
40kw,450,1000,1,hot,SER,PFM,40000,830,0.577,67.7,53.4,97.57,110,100,PASS,,87,29.2,82.1
40kw,475,150,0,cold,PAR,IDLE,0,725,,0,0,,,,PASS,standby
40kw,475,150,0,room,PAR,IDLE,0,725,,0,0,,,,PASS,standby
40kw,475,150,0,hot,PAR,IDLE,0,725,,0,0,,,,PASS,standby
40kw,475,150,0.05,cold,PAR,PSM,998,725,1.45,6.3,1.3,30.84,10,208,FAIL,LIMIT: TjLLC eta<88,10,7.8,10
40kw,475,150,0.05,room,PAR,PSM,998,725,1.45,6.3,1.3,30.84,45,243,FAIL,LIMIT: TjLLC eta<88,45,7.8,10
40kw,475,150,0.05,hot,PAR,PSM,998,725,1.45,6.3,1.3,30.84,75,273,FAIL,LIMIT: TjLLC eta<88,75,7.8,10
40kw,475,150,0.1,cold,PAR,PSM,1995,725,1.45,7,2.5,46.84,11,208,FAIL,LIMIT: TjLLC eta<88,11,8.8,11.2
40kw,475,150,0.1,room,PAR,PSM,1995,725,1.45,7,2.5,46.84,46,243,FAIL,LIMIT: TjLLC eta<88,46,8.8,11.2
40kw,475,150,0.1,hot,PAR,PSM,1995,725,1.45,7,2.5,46.83,76,273,FAIL,LIMIT: TjLLC eta<88,76,8.8,11.2
40kw,475,150,0.25,cold,PAR,PSM,4988,725,1.45,10.9,6.3,67.81,12,208,FAIL,LIMIT: TjLLC eta<88,12,13.6,17.5
40kw,475,150,0.25,room,PAR,PSM,4988,725,1.45,10.9,6.3,67.81,47,243,FAIL,LIMIT: TjLLC eta<88,47,13.6,17.5
40kw,475,150,0.25,hot,PAR,PSM,4988,725,1.45,10.9,6.3,67.8,77,273,FAIL,LIMIT: TjLLC eta<88,77,13.6,17.5
40kw,475,150,0.5,cold,PAR,PSM,9975,725,1.45,19.2,12.6,79.43,14,209,FAIL,LIMIT: TjLLC eta<88,14,24,30.7
40kw,475,150,0.5,room,PAR,PSM,9975,725,1.45,19.2,12.6,79.42,49,244,FAIL,LIMIT: TjLLC eta<88,49,24,30.7
40kw,475,150,0.5,hot,PAR,PSM,9975,725,1.45,19.2,12.6,79.41,79,275,FAIL,LIMIT: TjLLC eta<88,79,24,30.7
40kw,475,150,0.75,cold,PAR,PSM,14963,725,1.45,28,18.9,84.04,17,211,FAIL,LIMIT: TjLLC eta<88,16,35,44.8
40kw,475,150,0.75,room,PAR,PSM,14963,725,1.45,28,18.9,84.02,52,246,FAIL,LIMIT: TjLLC eta<88,51,35,44.8
40kw,475,150,0.75,hot,PAR,PSM,14963,725,1.45,28,18.9,84,82,277,FAIL,LIMIT: TjLLC eta<88,81,35,44.8
40kw,475,150,1,cold,PAR,PSM,19950,725,1.45,37,25.3,86.38,20,213,FAIL,LIMIT: TjLLC eta<88,19,46.2,59.2
40kw,475,150,1,room,PAR,PSM,19950,725,1.45,37,25.3,86.36,55,249,FAIL,LIMIT: TjLLC eta<88,54,46.2,59.2
40kw,475,150,1,hot,PAR,PSM,19950,725,1.45,37,25.3,86.33,85,279,FAIL,LIMIT: TjLLC eta<88,84,46.2,59.2
40kw,475,200,0,cold,PAR,IDLE,0,725,,0,0,,,,PASS,standby
40kw,475,200,0,room,PAR,IDLE,0,725,,0,0,,,,PASS,standby
40kw,475,200,0,hot,PAR,IDLE,0,725,,0,0,,,,PASS,standby
40kw,475,200,0.05,cold,PAR,PSM,1330,725,1.45,8.8,1.7,83.47,10,39,PASS,,11,11.1,14.2
40kw,475,200,0.05,room,PAR,PSM,1330,725,1.45,8.8,1.7,83.47,45,74,PASS,,46,11.1,14.2
40kw,475,200,0.05,hot,PAR,PSM,1330,725,1.45,8.8,1.7,83.47,75,104,PASS,,76,11.1,14.2
40kw,475,200,0.1,cold,PAR,PSM,2660,725,1.45,11,3.4,90.02,11,40,PASS,,11,13.7,17.6
40kw,475,200,0.1,room,PAR,PSM,2660,725,1.45,11,3.4,90.02,46,75,PASS,,46,13.7,17.6
40kw,475,200,0.1,hot,PAR,PSM,2660,725,1.45,11,3.4,90.02,76,105,PASS,,76,13.7,17.6
40kw,475,200,0.25,cold,PAR,PSM,6650,725,1.45,20.5,8.4,94.13,12,40,PASS,,14,25.6,32.8
40kw,475,200,0.25,room,PAR,PSM,6650,725,1.45,20.5,8.4,94.12,48,75,PASS,,49,25.6,32.8
40kw,475,200,0.25,hot,PAR,PSM,6650,725,1.45,20.5,8.4,94.12,78,106,PASS,,79,25.6,32.8
40kw,475,200,0.5,cold,PAR,PSM,13300,725,1.45,38.5,16.8,95.15,16,43,PASS,,19,48.1,61.7
40kw,475,200,0.5,room,PAR,PSM,13300,725,1.45,38.5,16.8,95.14,51,78,PASS,,54,48.1,61.7
40kw,475,200,0.5,hot,PAR,PSM,13300,725,1.45,38.5,16.8,95.13,81,109,PASS,,84,48.1,61.7
40kw,475,200,0.75,cold,PAR,PSM,19950,725,1.45,57.1,25.3,95.16,20,47,PASS,,26,71.3,91.4
40kw,475,200,0.75,room,PAR,PSM,19950,725,1.45,57.1,25.3,95.15,55,84,PASS,,61,71.3,91.4
40kw,475,200,0.75,hot,PAR,PSM,19950,725,1.45,57.1,25.3,95.13,85,114,PASS,,91,71.3,91.4
40kw,475,200,1,cold,PAR,PSM,26600,725,1.45,75.8,33.7,94.93,24,63,PASS,,35,94.7,121.3
40kw,475,200,1,room,PAR,PSM,26600,725,1.45,75.8,33.7,94.91,60,100,PASS,,70,94.7,121.3
40kw,475,200,1,hot,PAR,PSM,26600,725,1.45,75.8,33.7,94.89,91,132,PASS,,100,94.7,121.3
40kw,475,250,0,cold,PAR,IDLE,0,725,,0,0,,,,PASS,standby
40kw,475,250,0,room,PAR,IDLE,0,725,,0,0,,,,PASS,standby
40kw,475,250,0,hot,PAR,IDLE,0,725,,0,0,,,,PASS,standby
40kw,475,250,0.05,cold,PAR,PSM,1663,725,1.45,10.7,2.1,88.48,11,28,PASS,,11,13.4,17.1
40kw,475,250,0.05,room,PAR,PSM,1663,725,1.45,10.7,2.1,88.48,46,63,PASS,,46,13.4,17.1
40kw,475,250,0.05,hot,PAR,PSM,1663,725,1.45,10.7,2.1,88.48,76,93,PASS,,76,13.4,17.1
40kw,475,250,0.1,cold,PAR,PSM,3325,725,1.45,12.5,4.2,93.05,11,28,PASS,,11,15.7,20
40kw,475,250,0.1,room,PAR,PSM,3325,725,1.45,12.5,4.2,93.05,46,63,PASS,,46,15.7,20
40kw,475,250,0.1,hot,PAR,PSM,3325,725,1.45,12.5,4.2,93.05,76,93,PASS,,76,15.7,20
40kw,475,250,0.25,cold,PAR,PSM,8313,725,1.45,21.3,10.5,95.72,13,29,PASS,,14,26.7,34.1
40kw,475,250,0.25,room,PAR,PSM,8313,725,1.45,21.3,10.5,95.71,48,64,PASS,,49,26.7,34.1
40kw,475,250,0.25,hot,PAR,PSM,8313,725,1.45,21.3,10.5,95.71,78,94,PASS,,79,26.7,34.1
40kw,475,250,0.5,cold,PAR,PSM,16625,725,1.45,39,21,96.25,18,33,PASS,,19,48.7,62.4
40kw,475,250,0.5,room,PAR,PSM,16625,725,1.45,39,21,96.23,53,69,PASS,,54,48.7,62.4
40kw,475,250,0.5,hot,PAR,PSM,16625,725,1.45,39,21,96.22,83,99,PASS,,84,48.7,62.4
40kw,475,250,0.75,cold,PAR,PSM,24938,725,1.45,57.4,31.6,96.13,23,47,PASS,,26,71.7,91.9
40kw,475,250,0.75,room,PAR,PSM,24938,725,1.45,57.4,31.6,96.11,59,83,PASS,,61,71.7,91.9
40kw,475,250,0.75,hot,PAR,PSM,24938,725,1.45,57.4,31.6,96.09,89,114,PASS,,91,71.7,91.9
40kw,475,250,1,cold,PAR,PSM,33250,725,1.45,76.1,42.1,95.85,30,63,PASS,,35,95,121.7
40kw,475,250,1,room,PAR,PSM,33250,725,1.45,76.1,42.1,95.82,66,100,PASS,,70,95,121.7
40kw,475,250,1,hot,PAR,PSM,33250,725,1.45,76.1,42.1,95.8,97,132,PASS,,100,95,121.7
40kw,475,300,0,cold,PAR,IDLE,0,725,,0,0,,,,PASS,standby
40kw,475,300,0,room,PAR,IDLE,0,725,,0,0,,,,PASS,standby
40kw,475,300,0,hot,PAR,IDLE,0,725,,0,0,,,,PASS,standby
40kw,475,300,0.05,cold,PAR,PSM,1995,725,1.45,12.6,2.5,89.74,11,28,PASS,,11,15.7,20.1
40kw,475,300,0.05,room,PAR,PSM,1995,725,1.45,12.6,2.5,89.74,46,63,PASS,,46,15.7,20.1
40kw,475,300,0.05,hot,PAR,PSM,1995,725,1.45,12.6,2.5,89.74,76,93,PASS,,76,15.7,20.1
40kw,475,300,0.1,cold,PAR,PSM,3990,725,1.45,14.2,5.1,93.87,11,28,PASS,,11,17.7,22.7
40kw,475,300,0.1,room,PAR,PSM,3990,725,1.45,14.2,5.1,93.87,46,63,PASS,,46,17.7,22.7
40kw,475,300,0.1,hot,PAR,PSM,3990,725,1.45,14.2,5.1,93.87,76,93,PASS,,76,17.7,22.7
40kw,475,300,0.25,cold,PAR,PSM,9975,725,1.45,22.3,12.6,96.26,14,29,PASS,,14,27.9,35.8
40kw,475,300,0.25,room,PAR,PSM,9975,725,1.45,22.3,12.6,96.25,49,64,PASS,,49,27.9,35.8
40kw,475,300,0.25,hot,PAR,PSM,9975,725,1.45,22.3,12.6,96.24,79,94,PASS,,79,27.9,35.8
40kw,475,300,0.5,cold,PAR,PFM,19950,725,1.441,39.6,25.3,96.98,20,29,PASS,,19,38.8,50.1
40kw,475,300,0.5,room,PAR,PFM,19950,725,1.441,39.6,25.3,96.96,55,65,PASS,,54,38.8,50.1
40kw,475,300,0.5,hot,PAR,PFM,19950,725,1.441,39.6,25.3,96.95,85,95,PASS,,84,38.8,50.1
40kw,475,300,0.75,cold,PAR,PFM,29925,725,1.398,57.9,37.9,96.73,27,39,PASS,,26,52.7,70.1
40kw,475,300,0.75,room,PAR,PFM,29925,725,1.398,57.9,37.9,96.7,63,75,PASS,,61,52.7,70.1
40kw,475,300,0.75,hot,PAR,PFM,29925,725,1.398,57.9,37.9,96.68,94,106,PASS,,91,52.7,70.1
40kw,475,300,1,cold,PAR,PFM,39900,725,1.357,76.5,50.5,96.4,37,51,PASS,,35,66.4,90.9
40kw,475,300,1,room,PAR,PFM,39900,725,1.357,76.5,50.5,96.37,73,88,PASS,,70,66.4,90.9
40kw,475,300,1,hot,PAR,PFM,39900,725,1.357,76.5,50.5,96.34,105,120,PASS,,100,66.4,90.9
40kw,475,400,0,cold,PAR,IDLE,0,830,,0,0,,,,PASS,standby
40kw,475,400,0,room,PAR,IDLE,0,830,,0,0,,,,PASS,standby
40kw,475,400,0,hot,PAR,IDLE,0,830,,0,0,,,,PASS,standby
40kw,475,400,0.05,cold,PAR,PFM,2000,830,1.084,21.6,2.5,92.15,11,19,PASS,,10,20.4,30.6
40kw,475,400,0.05,room,PAR,PFM,2000,830,1.084,21.6,2.5,92.15,46,54,PASS,,45,20.4,30.6
40kw,475,400,0.05,hot,PAR,PFM,2000,830,1.084,21.6,2.5,92.15,76,84,PASS,,75,20.4,30.6
40kw,475,400,0.1,cold,PAR,PFM,4000,830,1.084,22.2,5.1,95.36,12,19,PASS,,11,20.9,31.3
40kw,475,400,0.1,room,PAR,PFM,4000,830,1.084,22.2,5.1,95.36,47,55,PASS,,46,20.9,31.3
40kw,475,400,0.1,hot,PAR,PFM,4000,830,1.084,22.2,5.1,95.36,77,85,PASS,,76,20.9,31.3
40kw,475,400,0.25,cold,PAR,PFM,10000,830,1.084,25.7,12.7,97.18,14,21,PASS,,13,24.2,36.3
40kw,475,400,0.25,room,PAR,PFM,10000,830,1.084,25.7,12.7,97.17,50,56,PASS,,48,24.2,36.3
40kw,475,400,0.25,hot,PAR,PFM,10000,830,1.084,25.7,12.7,97.17,80,87,PASS,,78,24.2,36.3
40kw,475,400,0.5,cold,PAR,PFM,20000,830,1.083,35.5,25.3,97.54,21,25,PASS,,16,31.1,46.6
40kw,475,400,0.5,room,PAR,PFM,20000,830,1.083,35.5,25.3,97.52,56,61,PASS,,51,31.1,46.6
40kw,475,400,0.5,hot,PAR,PFM,20000,830,1.083,35.5,25.3,97.51,86,91,PASS,,81,31.1,46.6
40kw,475,400,0.75,cold,PAR,PFM,30000,830,1.082,47.6,38,97.53,29,29,PASS,,21,33.2,49.8
40kw,475,400,0.75,room,PAR,PFM,30000,830,1.082,47.6,38,97.5,65,64,PASS,,56,33.2,49.8
40kw,475,400,0.75,hot,PAR,PFM,30000,830,1.082,47.6,38,97.48,96,95,PASS,,86,33.2,49.8
40kw,475,400,1,cold,PAR,PFM,40000,830,1.081,60.6,50.6,97.37,39,33,PASS,,26,35.9,53.9
40kw,475,400,1,room,PAR,PFM,40000,830,1.081,60.6,50.6,97.33,76,69,PASS,,61,35.9,53.9
40kw,475,400,1,hot,PAR,PFM,40000,830,1.081,60.6,50.6,97.3,107,100,PASS,,91,35.9,53.9
40kw,475,500,0,cold,PAR,IDLE,0,830,,0,0,,,,PASS,standby
40kw,475,500,0,room,PAR,IDLE,0,830,,0,0,,,,PASS,standby
40kw,475,500,0,hot,PAR,IDLE,0,830,,0,0,,,,PASS,standby
40kw,475,500,0.05,cold,PAR,PFM,2000,830,0.609,47.7,2.5,88.59,11,25,PASS,,10,25.3,67.5
40kw,475,500,0.05,room,PAR,PFM,2000,830,0.609,47.7,2.5,88.59,46,61,PASS,,45,25.3,67.5
40kw,475,500,0.05,hot,PAR,PFM,2000,830,0.609,47.7,2.5,88.59,76,92,PASS,,75,25.3,67.5
40kw,475,500,0.1,cold,PAR,PFM,4000,830,0.608,47.9,5.1,93.54,12,25,PASS,,11,25.4,67.8
40kw,475,500,0.1,room,PAR,PFM,4000,830,0.608,47.9,5.1,93.54,47,61,PASS,,46,25.4,67.8
40kw,475,500,0.1,hot,PAR,PFM,4000,830,0.608,47.9,5.1,93.53,77,92,PASS,,76,25.4,67.8
40kw,475,500,0.25,cold,PAR,PFM,10000,830,0.607,49.1,12.7,96.64,14,26,PASS,,12,26,69.5
40kw,475,500,0.25,room,PAR,PFM,10000,830,0.607,49.1,12.7,96.63,50,62,PASS,,47,26,69.5
40kw,475,500,0.25,hot,PAR,PFM,10000,830,0.607,49.1,12.7,96.63,80,92,PASS,,77,26,69.5
40kw,475,500,0.5,cold,PAR,PFM,20000,830,0.602,53.3,25.3,97.51,21,28,PASS,,15,27.9,75.4
40kw,475,500,0.5,room,PAR,PFM,20000,830,0.602,53.3,25.3,97.49,56,64,PASS,,50,27.9,75.4
40kw,475,500,0.5,hot,PAR,PFM,20000,830,0.602,53.3,25.3,97.48,86,95,PASS,,80,27.9,75.4
40kw,475,500,0.75,cold,PAR,PFM,30000,830,0.592,59.7,38,97.63,29,31,PASS,,18,30.8,84.4
40kw,475,500,0.75,room,PAR,PFM,30000,830,0.592,59.7,38,97.6,65,67,PASS,,53,30.8,84.4
40kw,475,500,0.75,hot,PAR,PFM,30000,830,0.592,59.7,38,97.58,96,98,PASS,,83,30.8,84.4
40kw,475,500,1,cold,PAR,PFM,40000,830,0.577,67.7,50.6,97.6,39,33,PASS,,22,29.2,82.1
40kw,475,500,1,room,PAR,PFM,40000,830,0.577,67.7,50.6,97.57,76,69,PASS,,57,29.2,82.1
40kw,475,500,1,hot,PAR,PFM,40000,830,0.577,67.7,50.6,97.54,107,100,PASS,,87,29.2,82.1
40kw,475,500,0,cold,SER,IDLE,0,725,,0,0,,,,PASS,standby
40kw,475,500,0,room,SER,IDLE,0,725,,0,0,,,,PASS,standby
40kw,475,500,0,hot,SER,IDLE,0,725,,0,0,,,,PASS,standby
40kw,475,500,0.05,cold,SER,PSM,2000,725,1.45,11,2.5,90.16,11,28,PASS,,11,13.7,17.6
40kw,475,500,0.05,room,SER,PSM,2000,725,1.45,11,2.5,90.16,46,63,PASS,,46,13.7,17.6
40kw,475,500,0.05,hot,SER,PSM,2000,725,1.45,11,2.5,90.16,76,93,PASS,,76,13.7,17.6
40kw,475,500,0.1,cold,SER,PSM,4000,725,1.45,13.5,5.1,94.02,11,28,PASS,,12,16.9,21.6
40kw,475,500,0.1,room,SER,PSM,4000,725,1.45,13.5,5.1,94.02,46,63,PASS,,47,16.9,21.6
40kw,475,500,0.1,hot,SER,PSM,4000,725,1.45,13.5,5.1,94.02,76,93,PASS,,77,16.9,21.6
40kw,475,500,0.25,cold,SER,PSM,10000,725,1.45,24.8,12.7,96.15,14,29,PASS,,15,31,39.7
40kw,475,500,0.25,room,SER,PSM,10000,725,1.45,24.8,12.7,96.15,49,64,PASS,,50,31,39.7
40kw,475,500,0.25,hot,SER,PSM,10000,725,1.45,24.8,12.7,96.14,79,94,PASS,,80,31,39.7
40kw,475,500,0.5,cold,SER,PSM,20000,725,1.45,46.4,25.3,96.43,20,38,PASS,,22,58,74.3
40kw,475,500,0.5,room,SER,PSM,20000,725,1.45,46.4,25.3,96.41,55,74,PASS,,57,58,74.3
40kw,475,500,0.5,hot,SER,PSM,20000,725,1.45,46.4,25.3,96.4,86,105,PASS,,87,58,74.3
40kw,475,500,0.75,cold,SER,PSM,30000,725,1.45,68.8,38,96.16,27,57,PASS,,31,85.9,110
40kw,475,500,0.75,room,SER,PSM,30000,725,1.45,68.8,38,96.14,63,93,PASS,,66,85.9,110
40kw,475,500,0.75,hot,SER,PSM,30000,725,1.45,68.8,38,96.12,94,125,PASS,,96,85.9,110
40kw,475,500,1,cold,SER,PSM,40000,725,1.45,91.3,50.6,95.77,37,79,PASS,,43,114,146
40kw,475,500,1,room,SER,PSM,40000,725,1.45,91.3,50.6,95.74,74,117,PASS,,78,114,146
40kw,475,500,1,hot,SER,PSM,40000,725,1.45,91.3,50.6,95.71,105,149,PASS,,108,114,146
40kw,475,750,0,cold,SER,IDLE,0,789,,0,0,,,,PASS,standby
40kw,475,750,0,room,SER,IDLE,0,789,,0,0,,,,PASS,standby
40kw,475,750,0,hot,SER,IDLE,0,789,,0,0,,,,PASS,standby
40kw,475,750,0.05,cold,SER,PFM,2000,789,1.119,19.7,2.5,92.73,11,18,PASS,,11,18.3,27.8
40kw,475,750,0.05,room,SER,PFM,2000,789,1.119,19.7,2.5,92.73,46,53,PASS,,46,18.3,27.8
40kw,475,750,0.05,hot,SER,PFM,2000,789,1.119,19.7,2.5,92.73,76,83,PASS,,76,18.3,27.8
40kw,475,750,0.1,cold,SER,PFM,4000,789,1.119,20.4,5.1,95.7,12,18,PASS,,11,18.9,28.8
40kw,475,750,0.1,room,SER,PFM,4000,789,1.119,20.4,5.1,95.69,47,54,PASS,,46,18.9,28.8
40kw,475,750,0.1,hot,SER,PFM,4000,789,1.119,20.4,5.1,95.69,77,84,PASS,,76,18.9,28.8
40kw,475,750,0.25,cold,SER,PFM,10000,789,1.118,24.6,12.7,97.33,14,21,PASS,,13,22.8,34.9
40kw,475,750,0.25,room,SER,PFM,10000,789,1.118,24.6,12.7,97.32,49,56,PASS,,48,22.8,34.9
40kw,475,750,0.25,hot,SER,PFM,10000,789,1.118,24.6,12.7,97.32,79,86,PASS,,78,22.8,34.9
40kw,475,750,0.5,cold,SER,PFM,20000,789,1.117,36,25.3,97.64,20,25,PASS,,17,29.1,44.4
40kw,475,750,0.5,room,SER,PFM,20000,789,1.117,36,25.3,97.62,56,60,PASS,,52,29.1,44.4
40kw,475,750,0.5,hot,SER,PFM,20000,789,1.117,36,25.3,97.61,86,90,PASS,,82,29.1,44.4
40kw,475,750,0.75,cold,SER,PFM,30000,789,1.115,49.4,38,97.57,28,29,PASS,,22,32.3,49.5
40kw,475,750,0.75,room,SER,PFM,30000,789,1.115,49.4,38,97.54,64,64,PASS,,57,32.3,49.5
40kw,475,750,0.75,hot,SER,PFM,30000,789,1.115,49.4,38,97.52,95,95,PASS,,87,32.3,49.5
40kw,475,750,1,cold,SER,PFM,40000,789,1.113,63.6,50.6,97.37,38,34,PASS,,28,36.4,55.8
40kw,475,750,1,room,SER,PFM,40000,789,1.113,63.6,50.6,97.34,75,71,PASS,,63,36.4,55.8
40kw,475,750,1,hot,SER,PFM,40000,789,1.113,63.6,50.6,97.31,106,102,PASS,,93,36.4,55.8
40kw,475,1000,0,cold,SER,IDLE,0,830,,0,0,,,,PASS,standby
40kw,475,1000,0,room,SER,IDLE,0,830,,0,0,,,,PASS,standby
40kw,475,1000,0,hot,SER,IDLE,0,830,,0,0,,,,PASS,standby
40kw,475,1000,0.05,cold,SER,PFM,2000,830,0.609,47.7,2.5,88.67,11,25,PASS,,10,25.3,67.5
40kw,475,1000,0.05,room,SER,PFM,2000,830,0.609,47.7,2.5,88.67,46,61,PASS,,45,25.3,67.5
40kw,475,1000,0.05,hot,SER,PFM,2000,830,0.609,47.7,2.5,88.67,76,92,PASS,,75,25.3,67.5
40kw,475,1000,0.1,cold,SER,PFM,4000,830,0.608,47.9,5.1,93.63,12,25,PASS,,11,25.4,67.8
40kw,475,1000,0.1,room,SER,PFM,4000,830,0.608,47.9,5.1,93.63,47,61,PASS,,46,25.4,67.8
40kw,475,1000,0.1,hot,SER,PFM,4000,830,0.608,47.9,5.1,93.62,77,92,PASS,,76,25.4,67.8
40kw,475,1000,0.25,cold,SER,PFM,10000,830,0.607,49.1,12.7,96.74,14,26,PASS,,12,26,69.5
40kw,475,1000,0.25,room,SER,PFM,10000,830,0.607,49.1,12.7,96.73,50,62,PASS,,47,26,69.5
40kw,475,1000,0.25,hot,SER,PFM,10000,830,0.607,49.1,12.7,96.73,80,92,PASS,,77,26,69.5
40kw,475,1000,0.5,cold,SER,PFM,20000,830,0.602,53.3,25.3,97.61,21,28,PASS,,15,27.9,75.4
40kw,475,1000,0.5,room,SER,PFM,20000,830,0.602,53.3,25.3,97.59,56,64,PASS,,50,27.9,75.4
40kw,475,1000,0.5,hot,SER,PFM,20000,830,0.602,53.3,25.3,97.58,86,95,PASS,,80,27.9,75.4
40kw,475,1000,0.75,cold,SER,PFM,30000,830,0.592,59.7,38,97.73,29,31,PASS,,18,30.8,84.4
40kw,475,1000,0.75,room,SER,PFM,30000,830,0.592,59.7,38,97.7,65,67,PASS,,53,30.8,84.4
40kw,475,1000,0.75,hot,SER,PFM,30000,830,0.592,59.7,38,97.68,96,98,PASS,,83,30.8,84.4
40kw,475,1000,1,cold,SER,PFM,40000,830,0.577,67.7,50.6,97.7,39,33,PASS,,22,29.2,82.1
40kw,475,1000,1,room,SER,PFM,40000,830,0.577,67.7,50.6,97.67,76,69,PASS,,57,29.2,82.1
40kw,475,1000,1,hot,SER,PFM,40000,830,0.577,67.7,50.6,97.64,107,100,PASS,,87,29.2,82.1
50kw,285,150,0,cold,PAR,IDLE,0,650,,0,0,,,,PASS,standby
50kw,285,150,0,room,PAR,IDLE,0,650,,0,0,,,,PASS,standby
50kw,285,150,0,hot,PAR,IDLE,0,650,,0,0,,,,PASS,standby
50kw,285,150,0.05,cold,PAR,PSM,1253,650,1.45,7.7,2.6,35.48,10,174,FAIL,LIMIT: TjLLC eta<88,10,6.5,12.3
50kw,285,150,0.05,room,PAR,PSM,1253,650,1.45,7.7,2.6,35.48,45,209,FAIL,LIMIT: TjLLC eta<88,45,6.5,12.3
50kw,285,150,0.05,hot,PAR,PSM,1253,650,1.45,7.7,2.6,35.48,65,229,FAIL,LIMIT: TjLLC eta<88,65,6.5,12.3
50kw,285,150,0.1,cold,PAR,PSM,2505,650,1.45,8.7,5.3,51.98,11,174,FAIL,LIMIT: TjLLC eta<88,11,7.3,13.8
50kw,285,150,0.1,room,PAR,PSM,2505,650,1.45,8.7,5.3,51.98,46,209,FAIL,LIMIT: TjLLC eta<88,46,7.3,13.8
50kw,285,150,0.1,hot,PAR,PSM,2505,650,1.45,8.7,5.3,51.97,66,229,FAIL,LIMIT: TjLLC eta<88,66,7.3,13.8
50kw,285,150,0.25,cold,PAR,PSM,6263,650,1.45,13.6,13.2,71.84,13,175,FAIL,LIMIT: TjLLC eta<88,12,11.5,21.8
50kw,285,150,0.25,room,PAR,PSM,6263,650,1.45,13.6,13.2,71.83,48,210,FAIL,LIMIT: TjLLC eta<88,47,11.5,21.8
50kw,285,150,0.25,hot,PAR,PSM,6263,650,1.45,13.6,13.2,71.82,68,230,FAIL,LIMIT: TjLLC eta<88,67,11.5,21.8
50kw,285,150,0.5,cold,PAR,PSM,12525,650,1.45,24.1,26.4,81.89,17,176,FAIL,LIMIT: TjLLC eta<88,14,20.3,38.5
50kw,285,150,0.5,room,PAR,PSM,12525,650,1.45,24.1,26.4,81.87,52,211,FAIL,LIMIT: TjLLC eta<88,49,20.3,38.5
50kw,285,150,0.5,hot,PAR,PSM,12525,650,1.45,24.1,26.4,81.85,72,231,FAIL,LIMIT: TjLLC eta<88,69,20.3,38.5
50kw,285,150,0.75,cold,PAR,PSM,18788,650,1.45,35.1,39.6,85.54,21,178,FAIL,LIMIT: TjLLC eta<88,17,29.7,56.2
50kw,285,150,0.75,room,PAR,PSM,18788,650,1.45,35.1,39.6,85.49,57,213,FAIL,LIMIT: TjLLC eta<88,52,29.7,56.2
50kw,285,150,0.75,hot,PAR,PSM,18788,650,1.45,35.1,39.6,85.47,77,233,FAIL,LIMIT: TjLLC eta<88,72,29.7,56.2
50kw,285,150,1,cold,PAR,PSM,25050,650,1.45,46.4,52.8,87.21,27,181,FAIL,LIMIT: TjLLC eta<88,20,39.2,74.2
50kw,285,150,1,room,PAR,PSM,25050,650,1.45,46.4,52.8,87.14,63,216,FAIL,LIMIT: TjLLC eta<88,55,39.2,74.2
50kw,285,150,1,hot,PAR,PSM,25050,650,1.45,46.4,52.8,87.11,84,237,FAIL,LIMIT: TjLLC eta<88,75,39.2,74.2
50kw,285,200,0,cold,PAR,IDLE,0,650,,0,0,,,,PASS,standby
50kw,285,200,0,room,PAR,IDLE,0,650,,0,0,,,,PASS,standby
50kw,285,200,0,hot,PAR,IDLE,0,650,,0,0,,,,PASS,standby
50kw,285,200,0.05,cold,PAR,PSM,1670,650,1.45,10.9,3.5,87,11,31,PASS,,11,9.2,17.4
50kw,285,200,0.05,room,PAR,PSM,1670,650,1.45,10.9,3.5,87,46,67,PASS,,46,9.2,17.4
50kw,285,200,0.05,hot,PAR,PSM,1670,650,1.45,10.9,3.5,87,66,87,PASS,,66,9.2,17.4
50kw,285,200,0.1,cold,PAR,PSM,3340,650,1.45,13.6,7,92.01,11,32,PASS,,11,11.5,21.8
50kw,285,200,0.1,room,PAR,PSM,3340,650,1.45,13.6,7,92.01,46,67,PASS,,46,11.5,21.8
50kw,285,200,0.1,hot,PAR,PSM,3340,650,1.45,13.6,7,92,66,87,PASS,,66,11.5,21.8
50kw,285,200,0.25,cold,PAR,PSM,8350,650,1.45,25.6,17.6,94.87,14,33,PASS,,14,21.6,41
50kw,285,200,0.25,room,PAR,PSM,8350,650,1.45,25.6,17.6,94.86,49,68,PASS,,49,21.6,41
50kw,285,200,0.25,hot,PAR,PSM,8350,650,1.45,25.6,17.6,94.85,69,88,PASS,,69,21.6,41
50kw,285,200,0.5,cold,PAR,PSM,16700,650,1.45,48.3,35.2,95.25,20,36,PASS,,20,40.8,77.3
50kw,285,200,0.5,room,PAR,PSM,16700,650,1.45,48.3,35.2,95.23,55,71,PASS,,55,40.8,77.3
50kw,285,200,0.5,hot,PAR,PSM,16700,650,1.45,48.3,35.2,95.22,75,92,PASS,,75,40.8,77.3
50kw,285,200,0.75,cold,PAR,PSM,25050,650,1.45,71.7,52.8,94.9,27,41,PASS,,28,60.5,114.7
50kw,285,200,0.75,room,PAR,PSM,25050,650,1.45,71.7,52.8,94.86,63,78,PASS,,63,60.5,114.7
50kw,285,200,0.75,hot,PAR,PSM,25050,650,1.45,71.7,52.8,94.84,84,99,PASS,,83,60.5,114.7
50kw,285,200,1,cold,PAR,PSM,33400,650,1.45,95.2,70.5,94.36,37,55,PASS,,38,80.4,152.3
50kw,285,200,1,room,PAR,PSM,33400,650,1.45,95.2,70.5,94.31,74,93,PASS,,73,80.4,152.3
50kw,285,200,1,hot,PAR,PSM,33400,650,1.45,95.2,70.5,94.28,95,114,PASS,,93,80.4,152.3
50kw,285,250,0,cold,PAR,IDLE,0,650,,0,0,,,,PASS,standby
50kw,285,250,0,room,PAR,IDLE,0,650,,0,0,,,,PASS,standby
50kw,285,250,0,hot,PAR,IDLE,0,650,,0,0,,,,PASS,standby
50kw,285,250,0.05,cold,PAR,PSM,2088,650,1.45,13.1,4.4,94.16,11,14,PASS,,11,11.1,21
50kw,285,250,0.05,room,PAR,PSM,2088,650,1.45,13.1,4.4,94.16,46,49,PASS,,46,11.1,21
50kw,285,250,0.05,hot,PAR,PSM,2088,650,1.45,13.1,4.4,94.16,66,69,PASS,,66,11.1,21
50kw,285,250,0.1,cold,PAR,PSM,4175,650,1.45,15.5,8.8,96.05,12,15,PASS,,11,13.1,24.7
50kw,285,250,0.1,room,PAR,PSM,4175,650,1.45,15.5,8.8,96.04,47,50,PASS,,46,13.1,24.7
50kw,285,250,0.1,hot,PAR,PSM,4175,650,1.45,15.5,8.8,96.04,67,70,PASS,,66,13.1,24.7
50kw,285,250,0.25,cold,PAR,PSM,10438,650,1.45,26.6,22,96.81,15,19,PASS,,14,22.5,42.6
50kw,285,250,0.25,room,PAR,PSM,10438,650,1.45,26.6,22,96.79,50,54,PASS,,49,22.5,42.6
50kw,285,250,0.25,hot,PAR,PSM,10438,650,1.45,26.6,22,96.78,71,74,PASS,,69,22.5,42.6
50kw,285,250,0.5,cold,PAR,PSM,20875,650,1.45,48.9,44,96.47,23,28,PASS,,20,41.3,78.2
50kw,285,250,0.5,room,PAR,PSM,20875,650,1.45,48.9,44,96.44,59,64,PASS,,55,41.3,78.2
50kw,285,250,0.5,hot,PAR,PSM,20875,650,1.45,48.9,44,96.42,80,84,PASS,,75,41.3,78.2
50kw,285,250,0.75,cold,PAR,PSM,31313,650,1.45,72,66.1,95.89,34,40,PASS,,28,60.8,115.3
50kw,285,250,0.75,room,PAR,PSM,31313,650,1.45,72,66.1,95.84,71,76,PASS,,63,60.8,115.3
50kw,285,250,0.75,hot,PAR,PSM,31313,650,1.45,72,66.1,95.82,92,97,PASS,,83,60.8,115.3
50kw,285,250,1,cold,PAR,PFM,41750,650,1.428,95.5,88.1,95.07,50,50,PASS,,38,65.9,126.7
50kw,285,250,1,room,PAR,PFM,41750,650,1.428,95.5,88.1,95.01,88,88,PASS,,73,65.9,126.7
50kw,285,250,1,hot,PAR,PFM,41750,650,1.428,95.5,88.1,94.97,110,109,PASS,,93,65.9,126.7
50kw,285,300,0,cold,PAR,IDLE,0,650,,0,0,,,,PASS,standby
50kw,285,300,0,room,PAR,IDLE,0,650,,0,0,,,,PASS,standby
50kw,285,300,0,hot,PAR,IDLE,0,650,,0,0,,,,PASS,standby
50kw,285,300,0.05,cold,PAR,PFM,2159,650,1.191,18.3,4.6,94.04,11,14,PASS,,11,11.2,25.9
50kw,285,300,0.05,room,PAR,PFM,2159,650,1.191,18.3,4.6,94.03,46,49,PASS,,46,11.2,25.9
50kw,285,300,0.05,hot,PAR,PFM,2159,650,1.191,18.3,4.6,94.03,66,69,PASS,,66,11.2,25.9
50kw,285,300,0.1,cold,PAR,PFM,4318,650,1.191,19.6,9.1,96.13,12,15,PASS,,11,12,27.8
50kw,285,300,0.1,room,PAR,PFM,4318,650,1.191,19.6,9.1,96.12,47,50,PASS,,46,12,27.8
50kw,285,300,0.1,hot,PAR,PFM,4318,650,1.191,19.6,9.1,96.12,67,70,PASS,,66,12,27.8
50kw,285,300,0.25,cold,PAR,PFM,10795,650,1.189,27.1,22.8,97.05,15,17,PASS,,13,16.6,38.4
50kw,285,300,0.25,room,PAR,PFM,10795,650,1.189,27.1,22.8,97.03,51,52,PASS,,48,16.6,38.4
50kw,285,300,0.25,hot,PAR,PFM,10795,650,1.189,27.1,22.8,97.02,71,72,PASS,,68,16.6,38.4
50kw,285,300,0.5,cold,PAR,PFM,21591,650,1.183,44.6,45.5,96.93,24,21,PASS,,18,21.1,49
50kw,285,300,0.5,room,PAR,PFM,21591,650,1.183,44.6,45.5,96.9,60,56,PASS,,53,21.1,49
50kw,285,300,0.5,hot,PAR,PFM,21591,650,1.183,44.6,45.5,96.88,80,76,PASS,,73,21.1,49
50kw,285,300,0.75,cold,PAR,PFM,32386,650,1.175,63.8,68.3,96.49,36,26,PASS,,25,26.1,61
50kw,285,300,0.75,room,PAR,PFM,32386,650,1.175,63.8,68.3,96.44,73,62,PASS,,60,26.1,61
50kw,285,300,0.75,hot,PAR,PFM,32386,650,1.175,63.8,68.3,96.41,94,83,PASS,,80,26.1,61
50kw,285,300,1,cold,PAR,PFM,43182,650,1.166,83.6,91.1,95.96,52,34,PASS,,33,31.6,74.6
50kw,285,300,1,room,PAR,PFM,43182,650,1.166,83.6,91.1,95.89,91,71,PASS,,68,31.6,74.6
50kw,285,300,1,hot,PAR,PFM,43182,650,1.166,83.6,91.1,95.85,113,92,PASS,,88,31.6,74.6
50kw,285,400,0,cold,PAR,IDLE,0,830,,0,0,,,,PASS,standby
50kw,285,400,0,room,PAR,IDLE,0,830,,0,0,,,,PASS,standby
50kw,285,400,0,hot,PAR,IDLE,0,830,,0,0,,,,PASS,standby
50kw,285,400,0.05,cold,PAR,PFM,2159,830,1.084,26.4,4.6,92.47,11,17,PASS,,10,18.8,37.3
50kw,285,400,0.05,room,PAR,PFM,2159,830,1.084,26.4,4.6,92.47,46,53,PASS,,45,18.8,37.3
50kw,285,400,0.05,hot,PAR,PFM,2159,830,1.084,26.4,4.6,92.47,66,73,PASS,,65,18.8,37.3
50kw,285,400,0.1,cold,PAR,PFM,4318,830,1.084,26.9,9.1,95.48,12,18,PASS,,11,19.2,38
50kw,285,400,0.1,room,PAR,PFM,4318,830,1.084,26.9,9.1,95.47,47,53,PASS,,46,19.2,38
50kw,285,400,0.1,hot,PAR,PFM,4318,830,1.084,26.9,9.1,95.47,67,73,PASS,,66,19.2,38
50kw,285,400,0.25,cold,PAR,PFM,10795,830,1.084,30.3,22.8,97.1,17,19,PASS,,12,21.6,42.9
50kw,285,400,0.25,room,PAR,PFM,10795,830,1.084,30.3,22.8,97.08,52,54,PASS,,47,21.6,42.9
50kw,285,400,0.25,hot,PAR,PFM,10795,830,1.084,30.3,22.8,97.07,72,74,PASS,,67,21.6,42.9
50kw,285,400,0.5,cold,PAR,PFM,21591,830,1.083,40.3,45.5,97.22,26,22,PASS,,16,28.3,56.3
50kw,285,400,0.5,room,PAR,PFM,21591,830,1.083,40.3,45.5,97.19,62,58,PASS,,51,28.3,56.3
50kw,285,400,0.5,hot,PAR,PFM,21591,830,1.083,40.3,45.5,97.17,83,78,PASS,,71,28.3,56.3
50kw,285,400,0.75,cold,PAR,PFM,32386,830,1.083,52.9,68.3,97.01,39,25,PASS,,20,29.9,59.4
50kw,285,400,0.75,room,PAR,PFM,32386,830,1.083,52.9,68.3,96.96,76,61,PASS,,55,29.9,59.4
50kw,285,400,0.75,hot,PAR,PFM,32386,830,1.083,52.9,68.3,96.93,97,81,PASS,,75,29.9,59.4
50kw,285,400,1,cold,PAR,PFM,43182,830,1.082,66.6,91.1,96.65,57,29,PASS,,25,31.9,63.4
50kw,285,400,1,room,PAR,PFM,43182,830,1.082,66.6,91.1,96.58,96,65,PASS,,60,31.9,63.4
50kw,285,400,1,hot,PAR,PFM,43182,830,1.082,66.6,91.1,96.54,118,86,PASS,,80,31.9,63.4
50kw,285,500,0,cold,PAR,IDLE,0,830,,0,0,,,,PASS,standby
50kw,285,500,0,room,PAR,IDLE,0,830,,0,0,,,,PASS,standby
50kw,285,500,0,hot,PAR,IDLE,0,830,,0,0,,,,PASS,standby
50kw,285,500,0.05,cold,PAR,PFM,2159,830,0.609,58.3,4.6,87.93,11,24,PASS,,10,23.3,82.5
50kw,285,500,0.05,room,PAR,PFM,2159,830,0.609,58.3,4.6,87.93,46,60,PASS,,45,23.3,82.5
50kw,285,500,0.05,hot,PAR,PFM,2159,830,0.609,58.3,4.6,87.93,66,80,PASS,,65,23.3,82.5
50kw,285,500,0.1,cold,PAR,PFM,4318,830,0.608,58.5,9.1,93.11,12,24,PASS,,11,23.4,82.7
50kw,285,500,0.1,room,PAR,PFM,4318,830,0.608,58.5,9.1,93.1,47,60,PASS,,46,23.4,82.7
50kw,285,500,0.1,hot,PAR,PFM,4318,830,0.608,58.5,9.1,93.1,67,80,PASS,,66,23.4,82.7
50kw,285,500,0.25,cold,PAR,PFM,10795,830,0.607,59.7,22.8,96.3,17,24,PASS,,12,23.8,84.4
50kw,285,500,0.25,room,PAR,PFM,10795,830,0.607,59.7,22.8,96.28,52,60,PASS,,47,23.8,84.4
50kw,285,500,0.25,hot,PAR,PFM,10795,830,0.607,59.7,22.8,96.27,72,81,PASS,,67,23.8,84.4
50kw,285,500,0.5,cold,PAR,PFM,21591,830,0.603,63.7,45.5,97.07,26,26,PASS,,14,25.3,90.1
50kw,285,500,0.5,room,PAR,PFM,21591,830,0.603,63.7,45.5,97.03,62,62,PASS,,49,25.3,90.1
50kw,285,500,0.5,hot,PAR,PFM,21591,830,0.603,63.7,45.5,97.01,83,83,PASS,,69,25.3,90.1
50kw,285,500,0.75,cold,PAR,PFM,32386,830,0.596,69.9,68.3,97.03,39,28,PASS,,17,27.4,98.9
50kw,285,500,0.75,room,PAR,PFM,32386,830,0.596,69.9,68.3,96.98,76,64,PASS,,52,27.4,98.9
50kw,285,500,0.75,hot,PAR,PFM,32386,830,0.596,69.9,68.3,96.95,97,85,PASS,,72,27.4,98.9
50kw,285,500,1,cold,PAR,PFM,43182,830,0.585,77.9,91.1,96.8,57,31,PASS,,21,28.4,104.5
50kw,285,500,1,room,PAR,PFM,43182,830,0.585,77.9,91.1,96.73,96,68,PASS,,56,28.4,104.5
50kw,285,500,1,hot,PAR,PFM,43182,830,0.585,77.9,91.1,96.69,118,88,PASS,,76,28.4,104.5
50kw,285,500,0,cold,SER,IDLE,0,650,,0,0,,,,PASS,standby
50kw,285,500,0,room,SER,IDLE,0,650,,0,0,,,,PASS,standby
50kw,285,500,0,hot,SER,IDLE,0,650,,0,0,,,,PASS,standby
50kw,285,500,0.05,cold,SER,PSM,2159,650,1.45,13.2,4.6,94.48,11,14,PASS,,11,11.1,21.1
50kw,285,500,0.05,room,SER,PSM,2159,650,1.45,13.2,4.6,94.47,46,49,PASS,,46,11.1,21.1
50kw,285,500,0.05,hot,SER,PSM,2159,650,1.45,13.2,4.6,94.47,66,69,PASS,,66,11.1,21.1
50kw,285,500,0.1,cold,SER,PSM,4318,650,1.45,15.7,9.1,96.3,12,15,PASS,,11,13.2,25.1
50kw,285,500,0.1,room,SER,PSM,4318,650,1.45,15.7,9.1,96.29,47,50,PASS,,46,13.2,25.1
50kw,285,500,0.1,hot,SER,PSM,4318,650,1.45,15.7,9.1,96.29,67,70,PASS,,66,13.2,25.1
50kw,285,500,0.25,cold,SER,PSM,10795,650,1.45,27.4,22.8,97,15,19,PASS,,14,23.1,43.8
50kw,285,500,0.25,room,SER,PSM,10795,650,1.45,27.4,22.8,96.99,51,54,PASS,,49,23.1,43.8
50kw,285,500,0.25,hot,SER,PSM,10795,650,1.45,27.4,22.8,96.98,71,74,PASS,,69,23.1,43.8
50kw,285,500,0.5,cold,SER,PSM,21591,650,1.45,50.5,45.5,96.63,24,29,PASS,,21,42.6,80.7
50kw,285,500,0.5,room,SER,PSM,21591,650,1.45,50.5,45.5,96.6,60,64,PASS,,56,42.6,80.7
50kw,285,500,0.5,hot,SER,PSM,21591,650,1.45,50.5,45.5,96.58,80,85,PASS,,76,42.6,80.7
50kw,285,500,0.75,cold,SER,PSM,32386,650,1.45,74.4,68.3,96.02,36,41,PASS,,29,62.9,119.1
50kw,285,500,0.75,room,SER,PSM,32386,650,1.45,74.4,68.3,95.97,73,78,PASS,,64,62.9,119.1
50kw,285,500,0.75,hot,SER,PSM,32386,650,1.45,74.4,68.3,95.94,94,99,PASS,,84,62.9,119.1
50kw,285,500,1,cold,SER,PFM,43182,650,1.42,98.7,91.1,95.17,52,52,PASS,,40,67.7,130.9
50kw,285,500,1,room,SER,PFM,43182,650,1.42,98.7,91.1,95.1,91,90,PASS,,75,67.7,130.9
50kw,285,500,1,hot,SER,PFM,43182,650,1.42,98.7,91.1,95.07,113,111,PASS,,95,67.7,130.9
50kw,285,750,0,cold,SER,IDLE,0,789,,0,0,,,,PASS,standby
50kw,285,750,0,room,SER,IDLE,0,789,,0,0,,,,PASS,standby
50kw,285,750,0,hot,SER,IDLE,0,789,,0,0,,,,PASS,standby
50kw,285,750,0.05,cold,SER,PFM,2159,789,1.119,24,4.6,93.05,11,16,PASS,,10,16.8,33.9
50kw,285,750,0.05,room,SER,PFM,2159,789,1.119,24,4.6,93.05,46,52,PASS,,45,16.8,33.9
50kw,285,750,0.05,hot,SER,PFM,2159,789,1.119,24,4.6,93.05,66,72,PASS,,65,16.8,33.9
50kw,285,750,0.1,cold,SER,PFM,4318,789,1.119,24.7,9.1,95.82,12,17,PASS,,11,17.2,34.9
50kw,285,750,0.1,room,SER,PFM,4318,789,1.119,24.7,9.1,95.81,47,52,PASS,,46,17.2,34.9
50kw,285,750,0.1,hot,SER,PFM,4318,789,1.119,24.7,9.1,95.81,67,72,PASS,,66,17.2,34.9
50kw,285,750,0.25,cold,SER,PFM,10795,789,1.118,28.8,22.8,97.26,16,18,PASS,,13,20.2,40.8
50kw,285,750,0.25,room,SER,PFM,10795,789,1.118,28.8,22.8,97.24,52,53,PASS,,48,20.2,40.8
50kw,285,750,0.25,hot,SER,PFM,10795,789,1.118,28.8,22.8,97.23,72,73,PASS,,68,20.2,40.8
50kw,285,750,0.5,cold,SER,PFM,21591,789,1.117,40.4,45.5,97.32,26,22,PASS,,16,26.2,53.1
50kw,285,750,0.5,room,SER,PFM,21591,789,1.117,40.4,45.5,97.29,62,57,PASS,,51,26.2,53.1
50kw,285,750,0.5,hot,SER,PFM,21591,789,1.117,40.4,45.5,97.27,82,77,PASS,,71,26.2,53.1
50kw,285,750,0.75,cold,SER,PFM,32386,789,1.116,54.5,68.3,97.06,39,25,PASS,,21,28.7,58.1
50kw,285,750,0.75,room,SER,PFM,32386,789,1.116,54.5,68.3,97,76,61,PASS,,56,28.7,58.1
50kw,285,750,0.75,hot,SER,PFM,32386,789,1.116,54.5,68.3,96.97,97,81,PASS,,76,28.7,58.1
50kw,285,750,1,cold,SER,PFM,43182,789,1.114,69.5,91.1,96.66,56,30,PASS,,26,31.7,64.5
50kw,285,750,1,room,SER,PFM,43182,789,1.114,69.5,91.1,96.59,94,66,PASS,,61,31.7,64.5
50kw,285,750,1,hot,SER,PFM,43182,789,1.114,69.5,91.1,96.55,116,87,PASS,,81,31.7,64.5
50kw,285,1000,0,cold,SER,IDLE,0,830,,0,0,,,,PASS,standby
50kw,285,1000,0,room,SER,IDLE,0,830,,0,0,,,,PASS,standby
50kw,285,1000,0,hot,SER,IDLE,0,830,,0,0,,,,PASS,standby
50kw,285,1000,0.05,cold,SER,PFM,2159,830,0.609,58.3,4.6,88.01,11,24,PASS,,10,23.3,82.5
50kw,285,1000,0.05,room,SER,PFM,2159,830,0.609,58.3,4.6,88.01,46,60,PASS,,45,23.3,82.5
50kw,285,1000,0.05,hot,SER,PFM,2159,830,0.609,58.3,4.6,88.01,66,80,PASS,,65,23.3,82.5
50kw,285,1000,0.1,cold,SER,PFM,4318,830,0.608,58.5,9.1,93.2,12,24,PASS,,11,23.4,82.7
50kw,285,1000,0.1,room,SER,PFM,4318,830,0.608,58.5,9.1,93.19,47,60,PASS,,46,23.4,82.7
50kw,285,1000,0.1,hot,SER,PFM,4318,830,0.608,58.5,9.1,93.19,67,80,PASS,,66,23.4,82.7
50kw,285,1000,0.25,cold,SER,PFM,10795,830,0.607,59.7,22.8,96.4,17,24,PASS,,12,23.8,84.4
50kw,285,1000,0.25,room,SER,PFM,10795,830,0.607,59.7,22.8,96.38,52,60,PASS,,47,23.8,84.4
50kw,285,1000,0.25,hot,SER,PFM,10795,830,0.607,59.7,22.8,96.37,72,81,PASS,,67,23.8,84.4
50kw,285,1000,0.5,cold,SER,PFM,21591,830,0.603,63.7,45.5,97.16,26,26,PASS,,14,25.3,90.1
50kw,285,1000,0.5,room,SER,PFM,21591,830,0.603,63.7,45.5,97.13,62,62,PASS,,49,25.3,90.1
50kw,285,1000,0.5,hot,SER,PFM,21591,830,0.603,63.7,45.5,97.11,83,83,PASS,,69,25.3,90.1
50kw,285,1000,0.75,cold,SER,PFM,32386,830,0.596,69.9,68.3,97.13,39,28,PASS,,17,27.4,98.9
50kw,285,1000,0.75,room,SER,PFM,32386,830,0.596,69.9,68.3,97.08,76,64,PASS,,52,27.4,98.9
50kw,285,1000,0.75,hot,SER,PFM,32386,830,0.596,69.9,68.3,97.05,97,85,PASS,,72,27.4,98.9
50kw,285,1000,1,cold,SER,PFM,43182,830,0.585,77.9,91.1,96.9,57,31,PASS,,21,28.4,104.5
50kw,285,1000,1,room,SER,PFM,43182,830,0.585,77.9,91.1,96.83,96,68,PASS,,56,28.4,104.5
50kw,285,1000,1,hot,SER,PFM,43182,830,0.585,77.9,91.1,96.79,118,88,PASS,,76,28.4,104.5
50kw,300,150,0,cold,PAR,IDLE,0,650,,0,0,,,,PASS,standby
50kw,300,150,0,room,PAR,IDLE,0,650,,0,0,,,,PASS,standby
50kw,300,150,0,hot,PAR,IDLE,0,650,,0,0,,,,PASS,standby
50kw,300,150,0.05,cold,PAR,PSM,1253,650,1.45,7.7,2.5,35.48,10,174,FAIL,LIMIT: TjLLC eta<88,10,6.5,12.3
50kw,300,150,0.05,room,PAR,PSM,1253,650,1.45,7.7,2.5,35.48,45,209,FAIL,LIMIT: TjLLC eta<88,45,6.5,12.3
50kw,300,150,0.05,hot,PAR,PSM,1253,650,1.45,7.7,2.5,35.48,65,229,FAIL,LIMIT: TjLLC eta<88,65,6.5,12.3
50kw,300,150,0.1,cold,PAR,PSM,2505,650,1.45,8.7,5,51.98,11,174,FAIL,LIMIT: TjLLC eta<88,11,7.3,13.8
50kw,300,150,0.1,room,PAR,PSM,2505,650,1.45,8.7,5,51.98,46,209,FAIL,LIMIT: TjLLC eta<88,46,7.3,13.8
50kw,300,150,0.1,hot,PAR,PSM,2505,650,1.45,8.7,5,51.98,66,229,FAIL,LIMIT: TjLLC eta<88,66,7.3,13.8
50kw,300,150,0.25,cold,PAR,PSM,6263,650,1.45,13.6,12.6,71.86,13,175,FAIL,LIMIT: TjLLC eta<88,12,11.5,21.8
50kw,300,150,0.25,room,PAR,PSM,6263,650,1.45,13.6,12.6,71.85,48,210,FAIL,LIMIT: TjLLC eta<88,47,11.5,21.8
50kw,300,150,0.25,hot,PAR,PSM,6263,650,1.45,13.6,12.6,71.85,68,230,FAIL,LIMIT: TjLLC eta<88,67,11.5,21.8
50kw,300,150,0.5,cold,PAR,PSM,12525,650,1.45,24.1,25.1,81.95,16,176,FAIL,LIMIT: TjLLC eta<88,14,20.3,38.5
50kw,300,150,0.5,room,PAR,PSM,12525,650,1.45,24.1,25.1,81.92,51,211,FAIL,LIMIT: TjLLC eta<88,49,20.3,38.5
50kw,300,150,0.5,hot,PAR,PSM,12525,650,1.45,24.1,25.1,81.91,72,231,FAIL,LIMIT: TjLLC eta<88,69,20.3,38.5
50kw,300,150,0.75,cold,PAR,PSM,18788,650,1.45,35.1,37.7,85.62,21,178,FAIL,LIMIT: TjLLC eta<88,17,29.7,56.2
50kw,300,150,0.75,room,PAR,PSM,18788,650,1.45,35.1,37.7,85.58,56,213,FAIL,LIMIT: TjLLC eta<88,52,29.7,56.2
50kw,300,150,0.75,hot,PAR,PSM,18788,650,1.45,35.1,37.7,85.56,77,233,FAIL,LIMIT: TjLLC eta<88,72,29.7,56.2
50kw,300,150,1,cold,PAR,PSM,25050,650,1.45,46.4,50.2,87.32,26,181,FAIL,LIMIT: TjLLC eta<88,20,39.2,74.2
50kw,300,150,1,room,PAR,PSM,25050,650,1.45,46.4,50.2,87.26,62,216,FAIL,LIMIT: TjLLC eta<88,55,39.2,74.2
50kw,300,150,1,hot,PAR,PSM,25050,650,1.45,46.4,50.2,87.23,83,237,FAIL,LIMIT: TjLLC eta<88,75,39.2,74.2
50kw,300,200,0,cold,PAR,IDLE,0,650,,0,0,,,,PASS,standby
50kw,300,200,0,room,PAR,IDLE,0,650,,0,0,,,,PASS,standby
50kw,300,200,0,hot,PAR,IDLE,0,650,,0,0,,,,PASS,standby
50kw,300,200,0.05,cold,PAR,PSM,1670,650,1.45,10.9,3.3,87.01,11,31,PASS,,11,9.2,17.4
50kw,300,200,0.05,room,PAR,PSM,1670,650,1.45,10.9,3.3,87.01,46,67,PASS,,46,9.2,17.4
50kw,300,200,0.05,hot,PAR,PSM,1670,650,1.45,10.9,3.3,87.01,66,87,PASS,,66,9.2,17.4
50kw,300,200,0.1,cold,PAR,PSM,3340,650,1.45,13.6,6.7,92.02,11,32,PASS,,11,11.5,21.8
50kw,300,200,0.1,room,PAR,PSM,3340,650,1.45,13.6,6.7,92.02,46,67,PASS,,46,11.5,21.8
50kw,300,200,0.1,hot,PAR,PSM,3340,650,1.45,13.6,6.7,92.01,66,87,PASS,,66,11.5,21.8
50kw,300,200,0.25,cold,PAR,PSM,8350,650,1.45,25.6,16.7,94.9,14,33,PASS,,14,21.6,41
50kw,300,200,0.25,room,PAR,PSM,8350,650,1.45,25.6,16.7,94.89,49,68,PASS,,49,21.6,41
50kw,300,200,0.25,hot,PAR,PSM,8350,650,1.45,25.6,16.7,94.88,69,88,PASS,,69,21.6,41
50kw,300,200,0.5,cold,PAR,PSM,16700,650,1.45,48.3,33.5,95.3,19,36,PASS,,20,40.8,77.3
50kw,300,200,0.5,room,PAR,PSM,16700,650,1.45,48.3,33.5,95.28,55,71,PASS,,55,40.8,77.3
50kw,300,200,0.5,hot,PAR,PSM,16700,650,1.45,48.3,33.5,95.26,75,92,PASS,,75,40.8,77.3
50kw,300,200,0.75,cold,PAR,PSM,25050,650,1.45,71.7,50.2,94.96,26,41,PASS,,28,60.5,114.7
50kw,300,200,0.75,room,PAR,PSM,25050,650,1.45,71.7,50.2,94.93,62,78,PASS,,63,60.5,114.7
50kw,300,200,0.75,hot,PAR,PSM,25050,650,1.45,71.7,50.2,94.91,83,99,PASS,,83,60.5,114.7
50kw,300,200,1,cold,PAR,PSM,33400,650,1.45,95.2,66.9,94.45,35,55,PASS,,38,80.4,152.3
50kw,300,200,1,room,PAR,PSM,33400,650,1.45,95.2,66.9,94.4,72,93,PASS,,73,80.4,152.3
50kw,300,200,1,hot,PAR,PSM,33400,650,1.45,95.2,66.9,94.38,93,114,PASS,,93,80.4,152.3
50kw,300,250,0,cold,PAR,IDLE,0,650,,0,0,,,,PASS,standby
50kw,300,250,0,room,PAR,IDLE,0,650,,0,0,,,,PASS,standby
50kw,300,250,0,hot,PAR,IDLE,0,650,,0,0,,,,PASS,standby
50kw,300,250,0.05,cold,PAR,PSM,2088,650,1.45,13.1,4.2,94.17,11,14,PASS,,11,11.1,21
50kw,300,250,0.05,room,PAR,PSM,2088,650,1.45,13.1,4.2,94.17,46,49,PASS,,46,11.1,21
50kw,300,250,0.05,hot,PAR,PSM,2088,650,1.45,13.1,4.2,94.17,66,69,PASS,,66,11.1,21
50kw,300,250,0.1,cold,PAR,PSM,4175,650,1.45,15.5,8.4,96.06,12,15,PASS,,11,13.1,24.7
50kw,300,250,0.1,room,PAR,PSM,4175,650,1.45,15.5,8.4,96.06,47,50,PASS,,46,13.1,24.7
50kw,300,250,0.1,hot,PAR,PSM,4175,650,1.45,15.5,8.4,96.06,67,70,PASS,,66,13.1,24.7
50kw,300,250,0.25,cold,PAR,PSM,10438,650,1.45,26.6,20.9,96.84,15,19,PASS,,14,22.5,42.6
50kw,300,250,0.25,room,PAR,PSM,10438,650,1.45,26.6,20.9,96.82,50,54,PASS,,49,22.5,42.6
50kw,300,250,0.25,hot,PAR,PSM,10438,650,1.45,26.6,20.9,96.81,70,74,PASS,,69,22.5,42.6
50kw,300,250,0.5,cold,PAR,PSM,20875,650,1.45,48.9,41.8,96.53,22,28,PASS,,20,41.3,78.2
50kw,300,250,0.5,room,PAR,PSM,20875,650,1.45,48.9,41.8,96.5,58,64,PASS,,55,41.3,78.2
50kw,300,250,0.5,hot,PAR,PSM,20875,650,1.45,48.9,41.8,96.48,78,84,PASS,,75,41.3,78.2
50kw,300,250,0.75,cold,PAR,PSM,31313,650,1.45,72,62.8,95.98,33,40,PASS,,28,60.8,115.3
50kw,300,250,0.75,room,PAR,PSM,31313,650,1.45,72,62.8,95.93,69,76,PASS,,63,60.8,115.3
50kw,300,250,0.75,hot,PAR,PSM,31313,650,1.45,72,62.8,95.91,90,97,PASS,,83,60.8,115.3
50kw,300,250,1,cold,PAR,PFM,41750,650,1.428,95.5,83.7,95.18,46,50,PASS,,38,65.9,126.7
50kw,300,250,1,room,PAR,PFM,41750,650,1.428,95.5,83.7,95.12,84,88,PASS,,73,65.9,126.7
50kw,300,250,1,hot,PAR,PFM,41750,650,1.428,95.5,83.7,95.09,106,109,PASS,,93,65.9,126.7
50kw,300,300,0,cold,PAR,IDLE,0,650,,0,0,,,,PASS,standby
50kw,300,300,0,room,PAR,IDLE,0,650,,0,0,,,,PASS,standby
50kw,300,300,0,hot,PAR,IDLE,0,650,,0,0,,,,PASS,standby
50kw,300,300,0.05,cold,PAR,PFM,2273,650,1.191,18.4,4.6,94.26,11,14,PASS,,11,11.3,26
50kw,300,300,0.05,room,PAR,PFM,2273,650,1.191,18.4,4.6,94.26,46,49,PASS,,46,11.3,26
50kw,300,300,0.05,hot,PAR,PFM,2273,650,1.191,18.4,4.6,94.25,66,69,PASS,,66,11.3,26
50kw,300,300,0.1,cold,PAR,PFM,4545,650,1.191,19.8,9.1,96.24,12,15,PASS,,11,12.2,28
50kw,300,300,0.1,room,PAR,PFM,4545,650,1.191,19.8,9.1,96.23,47,50,PASS,,46,12.2,28
50kw,300,300,0.1,hot,PAR,PFM,4545,650,1.191,19.8,9.1,96.23,67,70,PASS,,66,12.2,28
50kw,300,300,0.25,cold,PAR,PFM,11364,650,1.189,28,22.8,97.09,15,17,PASS,,14,17.1,39.5
50kw,300,300,0.25,room,PAR,PFM,11364,650,1.189,28,22.8,97.07,51,52,PASS,,49,17.1,39.5
50kw,300,300,0.25,hot,PAR,PFM,11364,650,1.189,28,22.8,97.07,71,72,PASS,,69,17.1,39.5
50kw,300,300,0.5,cold,PAR,PFM,22727,650,1.183,46.6,45.5,96.96,24,21,PASS,,19,21.6,50.1
50kw,300,300,0.5,room,PAR,PFM,22727,650,1.183,46.6,45.5,96.93,60,57,PASS,,54,21.6,50.1
50kw,300,300,0.5,hot,PAR,PFM,22727,650,1.183,46.6,45.5,96.91,80,77,PASS,,74,21.6,50.1
50kw,300,300,0.75,cold,PAR,PFM,34091,650,1.174,66.9,68.3,96.5,36,27,PASS,,26,26.9,63
50kw,300,300,0.75,room,PAR,PFM,34091,650,1.174,66.9,68.3,96.46,73,63,PASS,,61,26.9,63
50kw,300,300,0.75,hot,PAR,PFM,34091,650,1.174,66.9,68.3,96.43,94,84,PASS,,81,26.9,63
50kw,300,300,1,cold,PAR,PFM,45455,650,1.164,87.8,91.1,95.97,52,36,PASS,,34,32.8,77.6
50kw,300,300,1,room,PAR,PFM,45455,650,1.164,87.8,91.1,95.9,91,73,PASS,,69,32.8,77.6
50kw,300,300,1,hot,PAR,PFM,45455,650,1.164,87.8,91.1,95.86,113,94,PASS,,89,32.8,77.6
50kw,300,400,0,cold,PAR,IDLE,0,830,,0,0,,,,PASS,standby
50kw,300,400,0,room,PAR,IDLE,0,830,,0,0,,,,PASS,standby
50kw,300,400,0,hot,PAR,IDLE,0,830,,0,0,,,,PASS,standby
50kw,300,400,0.05,cold,PAR,PFM,2273,830,1.084,26.4,4.6,92.78,11,17,PASS,,10,18.8,37.3
50kw,300,400,0.05,room,PAR,PFM,2273,830,1.084,26.4,4.6,92.78,46,53,PASS,,45,18.8,37.3
50kw,300,400,0.05,hot,PAR,PFM,2273,830,1.084,26.4,4.6,92.77,66,73,PASS,,65,18.8,37.3
50kw,300,400,0.1,cold,PAR,PFM,4545,830,1.084,27,9.1,95.65,12,18,PASS,,11,19.2,38.1
50kw,300,400,0.1,room,PAR,PFM,4545,830,1.084,27,9.1,95.64,47,53,PASS,,46,19.2,38.1
50kw,300,400,0.1,hot,PAR,PFM,4545,830,1.084,27,9.1,95.64,67,73,PASS,,66,19.2,38.1
50kw,300,400,0.25,cold,PAR,PFM,11364,830,1.084,30.7,22.8,97.17,17,19,PASS,,13,21.9,43.5
50kw,300,400,0.25,room,PAR,PFM,11364,830,1.084,30.7,22.8,97.15,52,54,PASS,,48,21.9,43.5
50kw,300,400,0.25,hot,PAR,PFM,11364,830,1.084,30.7,22.8,97.14,72,74,PASS,,68,21.9,43.5
50kw,300,400,0.5,cold,PAR,PFM,22727,830,1.083,41.5,45.5,97.28,26,22,PASS,,16,28.5,56.5
50kw,300,400,0.5,room,PAR,PFM,22727,830,1.083,41.5,45.5,97.24,62,58,PASS,,51,28.5,56.5
50kw,300,400,0.5,hot,PAR,PFM,22727,830,1.083,41.5,45.5,97.23,83,78,PASS,,71,28.5,56.5
50kw,300,400,0.75,cold,PAR,PFM,34091,830,1.083,55,68.3,97.05,39,25,PASS,,21,30.2,59.9
50kw,300,400,0.75,room,PAR,PFM,34091,830,1.083,55,68.3,97,76,61,PASS,,56,30.2,59.9
50kw,300,400,0.75,hot,PAR,PFM,34091,830,1.083,55,68.3,96.98,97,82,PASS,,76,30.2,59.9
50kw,300,400,1,cold,PAR,PFM,45455,830,1.082,69.6,91.1,96.69,57,30,PASS,,26,32.4,64.4
50kw,300,400,1,room,PAR,PFM,45455,830,1.082,69.6,91.1,96.62,96,66,PASS,,61,32.4,64.4
50kw,300,400,1,hot,PAR,PFM,45455,830,1.082,69.6,91.1,96.58,118,87,PASS,,81,32.4,64.4
50kw,300,500,0,cold,PAR,IDLE,0,830,,0,0,,,,PASS,standby
50kw,300,500,0,room,PAR,IDLE,0,830,,0,0,,,,PASS,standby
50kw,300,500,0,hot,PAR,IDLE,0,830,,0,0,,,,PASS,standby
50kw,300,500,0.05,cold,PAR,PFM,2273,830,0.609,58.3,4.6,88.44,11,24,PASS,,10,23.3,82.5
50kw,300,500,0.05,room,PAR,PFM,2273,830,0.609,58.3,4.6,88.44,46,60,PASS,,45,23.3,82.5
50kw,300,500,0.05,hot,PAR,PFM,2273,830,0.609,58.3,4.6,88.43,66,80,PASS,,65,23.3,82.5
50kw,300,500,0.1,cold,PAR,PFM,4545,830,0.608,58.5,9.1,93.39,12,24,PASS,,11,23.4,82.8
50kw,300,500,0.1,room,PAR,PFM,4545,830,0.608,58.5,9.1,93.39,47,60,PASS,,46,23.4,82.8
50kw,300,500,0.1,hot,PAR,PFM,4545,830,0.608,58.5,9.1,93.38,67,80,PASS,,66,23.4,82.8
50kw,300,500,0.25,cold,PAR,PFM,11364,830,0.607,59.8,22.8,96.43,17,24,PASS,,12,23.9,84.6
50kw,300,500,0.25,room,PAR,PFM,11364,830,0.607,59.8,22.8,96.41,52,60,PASS,,47,23.9,84.6
50kw,300,500,0.25,hot,PAR,PFM,11364,830,0.607,59.8,22.8,96.4,72,81,PASS,,67,23.9,84.6
50kw,300,500,0.5,cold,PAR,PFM,22727,830,0.603,64.3,45.5,97.14,26,26,PASS,,15,25.5,90.9
50kw,300,500,0.5,room,PAR,PFM,22727,830,0.603,64.3,45.5,97.11,62,62,PASS,,50,25.5,90.9
50kw,300,500,0.5,hot,PAR,PFM,22727,830,0.603,64.3,45.5,97.09,83,83,PASS,,70,25.5,90.9
50kw,300,500,0.75,cold,PAR,PFM,34091,830,0.594,71.1,68.3,97.1,39,29,PASS,,18,27.8,100.5
50kw,300,500,0.75,room,PAR,PFM,34091,830,0.594,71.1,68.3,97.05,76,65,PASS,,53,27.8,100.5
50kw,300,500,0.75,hot,PAR,PFM,34091,830,0.594,71.1,68.3,97.02,97,86,PASS,,73,27.8,100.5
50kw,300,500,1,cold,PAR,PFM,45455,830,0.582,79.8,91.1,96.88,57,31,PASS,,22,27.8,102.9
50kw,300,500,1,room,PAR,PFM,45455,830,0.582,79.8,91.1,96.81,96,68,PASS,,57,27.8,102.9
50kw,300,500,1,hot,PAR,PFM,45455,830,0.582,79.8,91.1,96.77,118,89,PASS,,77,27.8,102.9
50kw,300,500,0,cold,SER,IDLE,0,650,,0,0,,,,PASS,standby
50kw,300,500,0,room,SER,IDLE,0,650,,0,0,,,,PASS,standby
50kw,300,500,0,hot,SER,IDLE,0,650,,0,0,,,,PASS,standby
50kw,300,500,0.05,cold,SER,PSM,2273,650,1.45,13.3,4.6,94.68,11,14,PASS,,11,11.2,21.2
50kw,300,500,0.05,room,SER,PSM,2273,650,1.45,13.3,4.6,94.67,46,49,PASS,,46,11.2,21.2
50kw,300,500,0.05,hot,SER,PSM,2273,650,1.45,13.3,4.6,94.67,66,69,PASS,,66,11.2,21.2
50kw,300,500,0.1,cold,SER,PSM,4545,650,1.45,16,9.1,96.4,12,15,PASS,,12,13.5,25.6
50kw,300,500,0.1,room,SER,PSM,4545,650,1.45,16,9.1,96.39,47,50,PASS,,47,13.5,25.6
50kw,300,500,0.1,hot,SER,PSM,4545,650,1.45,16,9.1,96.39,67,70,PASS,,67,13.5,25.6
50kw,300,500,0.25,cold,SER,PSM,11364,650,1.45,28.5,22.8,97.04,15,19,PASS,,15,24.1,45.6
50kw,300,500,0.25,room,SER,PSM,11364,650,1.45,28.5,22.8,97.02,51,55,PASS,,50,24.1,45.6
50kw,300,500,0.25,hot,SER,PSM,11364,650,1.45,28.5,22.8,97.01,71,75,PASS,,70,24.1,45.6
50kw,300,500,0.5,cold,SER,PSM,22727,650,1.45,53,45.5,96.63,24,30,PASS,,22,44.7,84.7
50kw,300,500,0.5,room,SER,PSM,22727,650,1.45,53,45.5,96.6,60,66,PASS,,57,44.7,84.7
50kw,300,500,0.5,hot,SER,PSM,22727,650,1.45,53,45.5,96.58,80,86,PASS,,77,44.7,84.7
50kw,300,500,0.75,cold,SER,PSM,34091,650,1.45,78.3,68.3,96.01,36,44,PASS,,31,66.1,125.2
50kw,300,500,0.75,room,SER,PSM,34091,650,1.45,78.3,68.3,95.96,73,80,PASS,,66,66.1,125.2
50kw,300,500,0.75,hot,SER,PSM,34091,650,1.45,78.3,68.3,95.94,94,101,PASS,,86,66.1,125.2
50kw,300,500,1,cold,SER,PFM,45455,650,1.407,103.8,91.1,95.15,52,56,PASS,,42,70.5,137.6
50kw,300,500,1,room,SER,PFM,45455,650,1.407,103.8,91.1,95.09,91,94,PASS,,77,70.5,137.6
50kw,300,500,1,hot,SER,PFM,45455,650,1.407,103.8,91.1,95.05,113,115,PASS,,97,70.5,137.6
50kw,300,750,0,cold,SER,IDLE,0,789,,0,0,,,,PASS,standby
50kw,300,750,0,room,SER,IDLE,0,789,,0,0,,,,PASS,standby
50kw,300,750,0,hot,SER,IDLE,0,789,,0,0,,,,PASS,standby
50kw,300,750,0.05,cold,SER,PFM,2273,789,1.119,24,4.6,93.34,11,17,PASS,,10,16.8,34
50kw,300,750,0.05,room,SER,PFM,2273,789,1.119,24,4.6,93.33,46,52,PASS,,45,16.8,34
50kw,300,750,0.05,hot,SER,PFM,2273,789,1.119,24,4.6,93.33,66,72,PASS,,65,16.8,34
50kw,300,750,0.1,cold,SER,PFM,4545,789,1.119,24.8,9.1,95.97,12,17,PASS,,11,17.3,35
50kw,300,750,0.1,room,SER,PFM,4545,789,1.119,24.8,9.1,95.96,47,52,PASS,,46,17.3,35
50kw,300,750,0.1,hot,SER,PFM,4545,789,1.119,24.8,9.1,95.96,67,72,PASS,,66,17.3,35
50kw,300,750,0.25,cold,SER,PFM,11364,789,1.118,29.3,22.8,97.32,16,18,PASS,,13,20.5,41.5
50kw,300,750,0.25,room,SER,PFM,11364,789,1.118,29.3,22.8,97.3,52,53,PASS,,48,20.5,41.5
50kw,300,750,0.25,hot,SER,PFM,11364,789,1.118,29.3,22.8,97.29,72,74,PASS,,68,20.5,41.5
50kw,300,750,0.5,cold,SER,PFM,22727,789,1.117,41.8,45.5,97.37,26,22,PASS,,17,26.5,53.6
50kw,300,750,0.5,room,SER,PFM,22727,789,1.117,41.8,45.5,97.34,62,57,PASS,,52,26.5,53.6
50kw,300,750,0.5,hot,SER,PFM,22727,789,1.117,41.8,45.5,97.32,82,78,PASS,,72,26.5,53.6
50kw,300,750,0.75,cold,SER,PFM,34091,789,1.116,56.8,68.3,97.09,39,26,PASS,,22,29.1,59
50kw,300,750,0.75,room,SER,PFM,34091,789,1.116,56.8,68.3,97.04,76,61,PASS,,57,29.1,59
50kw,300,750,0.75,hot,SER,PFM,34091,789,1.116,56.8,68.3,97.02,97,82,PASS,,77,29.1,59
50kw,300,750,1,cold,SER,PFM,45455,789,1.113,72.7,91.1,96.69,56,31,PASS,,27,32.5,65.9
50kw,300,750,1,room,SER,PFM,45455,789,1.113,72.7,91.1,96.63,94,67,PASS,,62,32.5,65.9
50kw,300,750,1,hot,SER,PFM,45455,789,1.113,72.7,91.1,96.59,116,88,PASS,,82,32.5,65.9
50kw,300,1000,0,cold,SER,IDLE,0,830,,0,0,,,,PASS,standby
50kw,300,1000,0,room,SER,IDLE,0,830,,0,0,,,,PASS,standby
50kw,300,1000,0,hot,SER,IDLE,0,830,,0,0,,,,PASS,standby
50kw,300,1000,0.05,cold,SER,PFM,2273,830,0.609,58.3,4.6,88.52,11,24,PASS,,10,23.3,82.5
50kw,300,1000,0.05,room,SER,PFM,2273,830,0.609,58.3,4.6,88.52,46,60,PASS,,45,23.3,82.5
50kw,300,1000,0.05,hot,SER,PFM,2273,830,0.609,58.3,4.6,88.52,66,80,PASS,,65,23.3,82.5
50kw,300,1000,0.1,cold,SER,PFM,4545,830,0.608,58.5,9.1,93.48,12,24,PASS,,11,23.4,82.8
50kw,300,1000,0.1,room,SER,PFM,4545,830,0.608,58.5,9.1,93.48,47,60,PASS,,46,23.4,82.8
50kw,300,1000,0.1,hot,SER,PFM,4545,830,0.608,58.5,9.1,93.48,67,80,PASS,,66,23.4,82.8
50kw,300,1000,0.25,cold,SER,PFM,11364,830,0.607,59.8,22.8,96.53,17,24,PASS,,12,23.9,84.6
50kw,300,1000,0.25,room,SER,PFM,11364,830,0.607,59.8,22.8,96.51,52,60,PASS,,47,23.9,84.6
50kw,300,1000,0.25,hot,SER,PFM,11364,830,0.607,59.8,22.8,96.5,72,81,PASS,,67,23.9,84.6
50kw,300,1000,0.5,cold,SER,PFM,22727,830,0.603,64.3,45.5,97.24,26,26,PASS,,15,25.5,90.9
50kw,300,1000,0.5,room,SER,PFM,22727,830,0.603,64.3,45.5,97.21,62,62,PASS,,50,25.5,90.9
50kw,300,1000,0.5,hot,SER,PFM,22727,830,0.603,64.3,45.5,97.19,83,83,PASS,,70,25.5,90.9
50kw,300,1000,0.75,cold,SER,PFM,34091,830,0.594,71.1,68.3,97.2,39,29,PASS,,18,27.8,100.5
50kw,300,1000,0.75,room,SER,PFM,34091,830,0.594,71.1,68.3,97.15,76,65,PASS,,53,27.8,100.5
50kw,300,1000,0.75,hot,SER,PFM,34091,830,0.594,71.1,68.3,97.12,97,86,PASS,,73,27.8,100.5
50kw,300,1000,1,cold,SER,PFM,45455,830,0.582,79.8,91.1,96.98,57,31,PASS,,22,27.8,102.9
50kw,300,1000,1,room,SER,PFM,45455,830,0.582,79.8,91.1,96.91,96,68,PASS,,57,27.8,102.9
50kw,300,1000,1,hot,SER,PFM,45455,830,0.582,79.8,91.1,96.87,118,89,PASS,,77,27.8,102.9
50kw,330,150,0,cold,PAR,IDLE,0,650,,0,0,,,,PASS,standby
50kw,330,150,0,room,PAR,IDLE,0,650,,0,0,,,,PASS,standby
50kw,330,150,0,hot,PAR,IDLE,0,650,,0,0,,,,PASS,standby
50kw,330,150,0.05,cold,PAR,PSM,1253,650,1.45,7.7,2.3,35.49,10,174,FAIL,LIMIT: TjLLC eta<88,10,6.5,12.3
50kw,330,150,0.05,room,PAR,PSM,1253,650,1.45,7.7,2.3,35.49,45,209,FAIL,LIMIT: TjLLC eta<88,45,6.5,12.3
50kw,330,150,0.05,hot,PAR,PSM,1253,650,1.45,7.7,2.3,35.49,65,229,FAIL,LIMIT: TjLLC eta<88,65,6.5,12.3
50kw,330,150,0.1,cold,PAR,PSM,2505,650,1.45,8.7,4.6,51.99,11,174,FAIL,LIMIT: TjLLC eta<88,11,7.3,13.8
50kw,330,150,0.1,room,PAR,PSM,2505,650,1.45,8.7,4.6,51.99,46,209,FAIL,LIMIT: TjLLC eta<88,46,7.3,13.8
50kw,330,150,0.1,hot,PAR,PSM,2505,650,1.45,8.7,4.6,51.99,66,229,FAIL,LIMIT: TjLLC eta<88,66,7.3,13.8
50kw,330,150,0.25,cold,PAR,PSM,6263,650,1.45,13.6,11.4,71.9,12,175,FAIL,LIMIT: TjLLC eta<88,12,11.5,21.8
50kw,330,150,0.25,room,PAR,PSM,6263,650,1.45,13.6,11.4,71.89,47,210,FAIL,LIMIT: TjLLC eta<88,47,11.5,21.8
50kw,330,150,0.25,hot,PAR,PSM,6263,650,1.45,13.6,11.4,71.89,67,230,FAIL,LIMIT: TjLLC eta<88,67,11.5,21.8
50kw,330,150,0.5,cold,PAR,PSM,12525,650,1.45,24.1,22.8,82.03,16,176,FAIL,LIMIT: TjLLC eta<88,14,20.3,38.5
50kw,330,150,0.5,room,PAR,PSM,12525,650,1.45,24.1,22.8,82.01,51,211,FAIL,LIMIT: TjLLC eta<88,49,20.3,38.5
50kw,330,150,0.5,hot,PAR,PSM,12525,650,1.45,24.1,22.8,82,71,231,FAIL,LIMIT: TjLLC eta<88,69,20.3,38.5
50kw,330,150,0.75,cold,PAR,PSM,18788,650,1.45,35.1,34.2,85.76,19,178,FAIL,LIMIT: TjLLC eta<88,17,29.7,56.2
50kw,330,150,0.75,room,PAR,PSM,18788,650,1.45,35.1,34.2,85.72,55,213,FAIL,LIMIT: TjLLC eta<88,52,29.7,56.2
50kw,330,150,0.75,hot,PAR,PSM,18788,650,1.45,35.1,34.2,85.7,75,233,FAIL,LIMIT: TjLLC eta<88,72,29.7,56.2
50kw,330,150,1,cold,PAR,PSM,25050,650,1.45,46.4,45.6,87.51,24,181,FAIL,LIMIT: TjLLC eta<88,20,39.2,74.2
50kw,330,150,1,room,PAR,PSM,25050,650,1.45,46.4,45.6,87.46,60,216,FAIL,LIMIT: TjLLC eta<88,55,39.2,74.2
50kw,330,150,1,hot,PAR,PSM,25050,650,1.45,46.4,45.6,87.43,80,237,FAIL,LIMIT: TjLLC eta<88,75,39.2,74.2
50kw,330,200,0,cold,PAR,IDLE,0,650,,0,0,,,,PASS,standby
50kw,330,200,0,room,PAR,IDLE,0,650,,0,0,,,,PASS,standby
50kw,330,200,0,hot,PAR,IDLE,0,650,,0,0,,,,PASS,standby
50kw,330,200,0.05,cold,PAR,PSM,1670,650,1.45,10.9,3,87.02,11,31,PASS,,11,9.2,17.4
50kw,330,200,0.05,room,PAR,PSM,1670,650,1.45,10.9,3,87.02,46,67,PASS,,46,9.2,17.4
50kw,330,200,0.05,hot,PAR,PSM,1670,650,1.45,10.9,3,87.02,66,87,PASS,,66,9.2,17.4
50kw,330,200,0.1,cold,PAR,PSM,3340,650,1.45,13.6,6.1,92.04,11,32,PASS,,11,11.5,21.8
50kw,330,200,0.1,room,PAR,PSM,3340,650,1.45,13.6,6.1,92.04,46,67,PASS,,46,11.5,21.8
50kw,330,200,0.1,hot,PAR,PSM,3340,650,1.45,13.6,6.1,92.03,66,87,PASS,,66,11.5,21.8
50kw,330,200,0.25,cold,PAR,PSM,8350,650,1.45,25.6,15.2,94.94,13,33,PASS,,14,21.6,41
50kw,330,200,0.25,room,PAR,PSM,8350,650,1.45,25.6,15.2,94.93,48,68,PASS,,49,21.6,41
50kw,330,200,0.25,hot,PAR,PSM,8350,650,1.45,25.6,15.2,94.92,68,88,PASS,,69,21.6,41
50kw,330,200,0.5,cold,PAR,PSM,16700,650,1.45,48.3,30.4,95.37,18,36,PASS,,20,40.8,77.3
50kw,330,200,0.5,room,PAR,PSM,16700,650,1.45,48.3,30.4,95.35,53,71,PASS,,55,40.8,77.3
50kw,330,200,0.5,hot,PAR,PSM,16700,650,1.45,48.3,30.4,95.34,74,92,PASS,,75,40.8,77.3
50kw,330,200,0.75,cold,PAR,PSM,25050,650,1.45,71.7,45.6,95.07,24,41,PASS,,28,60.5,114.7
50kw,330,200,0.75,room,PAR,PSM,25050,650,1.45,71.7,45.6,95.04,60,78,PASS,,63,60.5,114.7
50kw,330,200,0.75,hot,PAR,PSM,25050,650,1.45,71.7,45.6,95.02,80,99,PASS,,83,60.5,114.7
50kw,330,200,1,cold,PAR,PSM,33400,650,1.45,95.2,60.9,94.58,32,55,PASS,,38,80.4,152.3
50kw,330,200,1,room,PAR,PSM,33400,650,1.45,95.2,60.9,94.55,68,93,PASS,,73,80.4,152.3
50kw,330,200,1,hot,PAR,PSM,33400,650,1.45,95.2,60.9,94.53,89,114,PASS,,93,80.4,152.3
50kw,330,250,0,cold,PAR,IDLE,0,650,,0,0,,,,PASS,standby
50kw,330,250,0,room,PAR,IDLE,0,650,,0,0,,,,PASS,standby
50kw,330,250,0,hot,PAR,IDLE,0,650,,0,0,,,,PASS,standby
50kw,330,250,0.05,cold,PAR,PSM,2088,650,1.45,13.1,3.8,94.18,11,14,PASS,,11,11.1,21
50kw,330,250,0.05,room,PAR,PSM,2088,650,1.45,13.1,3.8,94.18,46,49,PASS,,46,11.1,21
50kw,330,250,0.05,hot,PAR,PSM,2088,650,1.45,13.1,3.8,94.18,66,69,PASS,,66,11.1,21
50kw,330,250,0.1,cold,PAR,PSM,4175,650,1.45,15.5,7.6,96.09,12,15,PASS,,11,13.1,24.7
50kw,330,250,0.1,room,PAR,PSM,4175,650,1.45,15.5,7.6,96.08,47,50,PASS,,46,13.1,24.7
50kw,330,250,0.1,hot,PAR,PSM,4175,650,1.45,15.5,7.6,96.08,67,70,PASS,,66,13.1,24.7
50kw,330,250,0.25,cold,PAR,PSM,10438,650,1.45,26.6,19,96.89,14,19,PASS,,14,22.5,42.6
50kw,330,250,0.25,room,PAR,PSM,10438,650,1.45,26.6,19,96.88,50,54,PASS,,49,22.5,42.6
50kw,330,250,0.25,hot,PAR,PSM,10438,650,1.45,26.6,19,96.87,70,74,PASS,,69,22.5,42.6
50kw,330,250,0.5,cold,PAR,PSM,20875,650,1.45,48.9,38,96.62,21,28,PASS,,20,41.3,78.2
50kw,330,250,0.5,room,PAR,PSM,20875,650,1.45,48.9,38,96.6,56,64,PASS,,55,41.3,78.2
50kw,330,250,0.5,hot,PAR,PSM,20875,650,1.45,48.9,38,96.58,77,84,PASS,,75,41.3,78.2
50kw,330,250,0.75,cold,PAR,PSM,31313,650,1.45,72,57,96.11,29,40,PASS,,28,60.8,115.3
50kw,330,250,0.75,room,PAR,PSM,31313,650,1.45,72,57,96.07,66,76,PASS,,63,60.8,115.3
50kw,330,250,0.75,hot,PAR,PSM,31313,650,1.45,72,57,96.05,87,97,PASS,,83,60.8,115.3
50kw,330,250,1,cold,PAR,PFM,41750,650,1.428,95.5,76.1,95.36,41,50,PASS,,38,65.9,126.7
50kw,330,250,1,room,PAR,PFM,41750,650,1.428,95.5,76.1,95.31,78,88,PASS,,73,65.9,126.7
50kw,330,250,1,hot,PAR,PFM,41750,650,1.428,95.5,76.1,95.28,100,109,PASS,,93,65.9,126.7
50kw,330,300,0,cold,PAR,IDLE,0,650,,0,0,,,,PASS,standby
50kw,330,300,0,room,PAR,IDLE,0,650,,0,0,,,,PASS,standby
50kw,330,300,0,hot,PAR,IDLE,0,650,,0,0,,,,PASS,standby
50kw,330,300,0.05,cold,PAR,PFM,2500,650,1.191,18.5,4.6,94.64,11,14,PASS,,11,11.3,26.1
50kw,330,300,0.05,room,PAR,PFM,2500,650,1.191,18.5,4.6,94.64,46,49,PASS,,46,11.3,26.1
50kw,330,300,0.05,hot,PAR,PFM,2500,650,1.191,18.5,4.6,94.64,66,69,PASS,,66,11.3,26.1
50kw,330,300,0.1,cold,PAR,PFM,5000,650,1.191,20.2,9.1,96.43,12,15,PASS,,11,12.4,28.6
50kw,330,300,0.1,room,PAR,PFM,5000,650,1.191,20.2,9.1,96.43,47,50,PASS,,46,12.4,28.6
50kw,330,300,0.1,hot,PAR,PFM,5000,650,1.191,20.2,9.1,96.42,67,70,PASS,,66,12.4,28.6
50kw,330,300,0.25,cold,PAR,PFM,12500,650,1.188,29.6,22.8,97.17,15,17,PASS,,14,17.8,41.2
50kw,330,300,0.25,room,PAR,PFM,12500,650,1.188,29.6,22.8,97.15,51,53,PASS,,49,17.8,41.2
50kw,330,300,0.25,hot,PAR,PFM,12500,650,1.188,29.6,22.8,97.14,71,73,PASS,,69,17.8,41.2
50kw,330,300,0.5,cold,PAR,PFM,25000,650,1.181,50.6,45.5,96.99,24,22,PASS,,20,22.6,52.5
50kw,330,300,0.5,room,PAR,PFM,25000,650,1.181,50.6,45.5,96.96,60,58,PASS,,55,22.6,52.5
50kw,330,300,0.5,hot,PAR,PFM,25000,650,1.181,50.6,45.5,96.94,80,78,PASS,,75,22.6,52.5
50kw,330,300,0.75,cold,PAR,PFM,37500,650,1.171,73.2,68.3,96.51,36,29,PASS,,28,28.7,67.3
50kw,330,300,0.75,room,PAR,PFM,37500,650,1.171,73.2,68.3,96.47,73,66,PASS,,63,28.7,67.3
50kw,330,300,0.75,hot,PAR,PFM,37500,650,1.171,73.2,68.3,96.44,94,87,PASS,,83,28.7,67.3
50kw,330,300,1,cold,PAR,PFM,50000,650,1.159,96.2,91.1,95.96,52,40,PASS,,38,35.3,83.6
50kw,330,300,1,room,PAR,PFM,50000,650,1.159,96.2,91.1,95.9,91,77,PASS,,73,35.3,83.6
50kw,330,300,1,hot,PAR,PFM,50000,650,1.159,96.2,91.1,95.87,113,99,PASS,,93,35.3,83.6
50kw,330,400,0,cold,PAR,IDLE,0,830,,0,0,,,,PASS,standby
50kw,330,400,0,room,PAR,IDLE,0,830,,0,0,,,,PASS,standby
50kw,330,400,0,hot,PAR,IDLE,0,830,,0,0,,,,PASS,standby
50kw,330,400,0.05,cold,PAR,PFM,2500,830,1.084,26.4,4.6,93.31,11,17,PASS,,11,18.8,37.4
50kw,330,400,0.05,room,PAR,PFM,2500,830,1.084,26.4,4.6,93.31,46,53,PASS,,46,18.8,37.4
50kw,330,400,0.05,hot,PAR,PFM,2500,830,1.084,26.4,4.6,93.31,66,73,PASS,,66,18.8,37.4
50kw,330,400,0.1,cold,PAR,PFM,5000,830,1.084,27.1,9.1,95.93,12,18,PASS,,11,19.3,38.4
50kw,330,400,0.1,room,PAR,PFM,5000,830,1.084,27.1,9.1,95.93,47,53,PASS,,46,19.3,38.4
50kw,330,400,0.1,hot,PAR,PFM,5000,830,1.084,27.1,9.1,95.92,67,73,PASS,,66,19.3,38.4
50kw,330,400,0.25,cold,PAR,PFM,12500,830,1.084,31.6,22.8,97.29,17,19,PASS,,13,22.5,44.7
50kw,330,400,0.25,room,PAR,PFM,12500,830,1.084,31.6,22.8,97.27,52,54,PASS,,48,22.5,44.7
50kw,330,400,0.25,hot,PAR,PFM,12500,830,1.084,31.6,22.8,97.26,72,75,PASS,,68,22.5,44.7
50kw,330,400,0.5,cold,PAR,PFM,25000,830,1.083,44.1,45.5,97.36,26,23,PASS,,17,28.8,57.1
50kw,330,400,0.5,room,PAR,PFM,25000,830,1.083,44.1,45.5,97.33,62,58,PASS,,52,28.8,57.1
50kw,330,400,0.5,hot,PAR,PFM,25000,830,1.083,44.1,45.5,97.32,83,79,PASS,,72,28.8,57.1
50kw,330,400,0.75,cold,PAR,PFM,37500,830,1.082,59.3,68.3,97.12,39,27,PASS,,22,30.8,61.2
50kw,330,400,0.75,room,PAR,PFM,37500,830,1.082,59.3,68.3,97.08,76,63,PASS,,57,30.8,61.2
50kw,330,400,0.75,hot,PAR,PFM,37500,830,1.082,59.3,68.3,97.05,97,83,PASS,,77,30.8,61.2
50kw,330,400,1,cold,PAR,PFM,50000,830,1.081,75.6,91.1,96.75,57,32,PASS,,28,33.4,66.4
50kw,330,400,1,room,PAR,PFM,50000,830,1.081,75.6,91.1,96.69,96,68,PASS,,63,33.4,66.4
50kw,330,400,1,hot,PAR,PFM,50000,830,1.081,75.6,91.1,96.66,118,89,PASS,,83,33.4,66.4
50kw,330,500,0,cold,PAR,IDLE,0,830,,0,0,,,,PASS,standby
50kw,330,500,0,room,PAR,IDLE,0,830,,0,0,,,,PASS,standby
50kw,330,500,0,hot,PAR,IDLE,0,830,,0,0,,,,PASS,standby
50kw,330,500,0.05,cold,PAR,PFM,2500,830,0.609,58.4,4.6,89.32,11,24,PASS,,10,23.3,82.5
50kw,330,500,0.05,room,PAR,PFM,2500,830,0.609,58.4,4.6,89.32,46,60,PASS,,45,23.3,82.5
50kw,330,500,0.05,hot,PAR,PFM,2500,830,0.609,58.4,4.6,89.32,66,80,PASS,,65,23.3,82.5
50kw,330,500,0.1,cold,PAR,PFM,5000,830,0.608,58.6,9.1,93.89,12,24,PASS,,11,23.4,82.8
50kw,330,500,0.1,room,PAR,PFM,5000,830,0.608,58.6,9.1,93.88,47,60,PASS,,46,23.4,82.8
50kw,330,500,0.1,hot,PAR,PFM,5000,830,0.608,58.6,9.1,93.88,67,80,PASS,,66,23.4,82.8
50kw,330,500,0.25,cold,PAR,PFM,12500,830,0.607,60.1,22.8,96.65,17,25,PASS,,12,24,85.1
50kw,330,500,0.25,room,PAR,PFM,12500,830,0.607,60.1,22.8,96.64,52,61,PASS,,47,24,85.1
50kw,330,500,0.25,hot,PAR,PFM,12500,830,0.607,60.1,22.8,96.63,72,81,PASS,,67,24,85.1
50kw,330,500,0.5,cold,PAR,PFM,25000,830,0.601,65.4,45.5,97.27,26,26,PASS,,15,25.9,92.6
50kw,330,500,0.5,room,PAR,PFM,25000,830,0.601,65.4,45.5,97.24,62,63,PASS,,50,25.9,92.6
50kw,330,500,0.5,hot,PAR,PFM,25000,830,0.601,65.4,45.5,97.23,83,83,PASS,,70,25.9,92.6
50kw,330,500,0.75,cold,PAR,PFM,37500,830,0.591,73.5,68.3,97.21,39,30,PASS,,19,28.6,104
50kw,330,500,0.75,room,PAR,PFM,37500,830,0.591,73.5,68.3,97.16,76,66,PASS,,54,28.6,104
50kw,330,500,0.75,hot,PAR,PFM,37500,830,0.591,73.5,68.3,97.14,97,87,PASS,,74,28.6,104
50kw,330,500,1,cold,PAR,PFM,50000,830,0.575,83.8,91.1,96.99,57,32,PASS,,23,26.6,99.5
50kw,330,500,1,room,PAR,PFM,50000,830,0.575,83.8,91.1,96.93,96,69,PASS,,58,26.6,99.5
50kw,330,500,1,hot,PAR,PFM,50000,830,0.575,83.8,91.1,96.9,118,90,PASS,,78,26.6,99.5
50kw,330,500,0,cold,SER,IDLE,0,650,,0,0,,,,PASS,standby
50kw,330,500,0,room,SER,IDLE,0,650,,0,0,,,,PASS,standby
50kw,330,500,0,hot,SER,IDLE,0,650,,0,0,,,,PASS,standby
50kw,330,500,0.05,cold,SER,PSM,2500,650,1.45,13.5,4.6,95.02,11,14,PASS,,11,11.4,21.6
50kw,330,500,0.05,room,SER,PSM,2500,650,1.45,13.5,4.6,95.01,46,49,PASS,,46,11.4,21.6
50kw,330,500,0.05,hot,SER,PSM,2500,650,1.45,13.5,4.6,95.01,66,69,PASS,,66,11.4,21.6
50kw,330,500,0.1,cold,SER,PSM,5000,650,1.45,16.7,9.1,96.57,12,15,PASS,,12,14.1,26.7
50kw,330,500,0.1,room,SER,PSM,5000,650,1.45,16.7,9.1,96.56,47,50,PASS,,47,14.1,26.7
50kw,330,500,0.1,hot,SER,PSM,5000,650,1.45,16.7,9.1,96.56,67,70,PASS,,67,14.1,26.7
50kw,330,500,0.25,cold,SER,PSM,12500,650,1.45,30.9,22.8,97.08,15,20,PASS,,15,26.1,49.4
50kw,330,500,0.25,room,SER,PSM,12500,650,1.45,30.9,22.8,97.07,51,55,PASS,,50,26.1,49.4
50kw,330,500,0.25,hot,SER,PSM,12500,650,1.45,30.9,22.8,97.06,71,76,PASS,,70,26.1,49.4
50kw,330,500,0.5,cold,SER,PSM,25000,650,1.45,58,45.5,96.62,24,32,PASS,,23,49,92.8
50kw,330,500,0.5,room,SER,PSM,25000,650,1.45,58,45.5,96.6,60,68,PASS,,58,49,92.8
50kw,330,500,0.5,hot,SER,PSM,25000,650,1.45,58,45.5,96.58,80,89,PASS,,78,49,92.8
50kw,330,500,0.75,cold,SER,PSM,37500,650,1.45,85.9,68.3,95.97,36,49,PASS,,34,72.6,137.5
50kw,330,500,0.75,room,SER,PSM,37500,650,1.45,85.9,68.3,95.93,73,86,PASS,,69,72.6,137.5
50kw,330,500,0.75,hot,SER,PSM,37500,650,1.45,85.9,68.3,95.9,94,107,PASS,,89,72.6,137.5
50kw,330,500,1,cold,SER,PFM,50000,650,1.384,114.1,91.1,95.1,52,63,PASS,,47,76,150.9
50kw,330,500,1,room,SER,PFM,50000,650,1.384,114.1,91.1,95.04,91,101,PASS,,82,76,150.9
50kw,330,500,1,hot,SER,PFM,50000,650,1.384,114.1,91.1,95.01,113,124,PASS,,102,76,150.9
50kw,330,750,0,cold,SER,IDLE,0,789,,0,0,,,,PASS,standby
50kw,330,750,0,room,SER,IDLE,0,789,,0,0,,,,PASS,standby
50kw,330,750,0,hot,SER,IDLE,0,789,,0,0,,,,PASS,standby
50kw,330,750,0.05,cold,SER,PFM,2500,789,1.119,24.1,4.6,93.83,11,17,PASS,,11,16.8,34
50kw,330,750,0.05,room,SER,PFM,2500,789,1.119,24.1,4.6,93.83,46,52,PASS,,46,16.8,34
50kw,330,750,0.05,hot,SER,PFM,2500,789,1.119,24.1,4.6,93.83,66,72,PASS,,66,16.8,34
50kw,330,750,0.1,cold,SER,PFM,5000,789,1.119,24.9,9.1,96.23,12,17,PASS,,11,17.5,35.3
50kw,330,750,0.1,room,SER,PFM,5000,789,1.119,24.9,9.1,96.23,47,52,PASS,,46,17.5,35.3
50kw,330,750,0.1,hot,SER,PFM,5000,789,1.119,24.9,9.1,96.22,67,72,PASS,,66,17.5,35.3
50kw,330,750,0.25,cold,SER,PFM,12500,789,1.118,30.4,22.8,97.42,16,19,PASS,,13,21.2,43
50kw,330,750,0.25,room,SER,PFM,12500,789,1.118,30.4,22.8,97.41,52,54,PASS,,48,21.2,43
50kw,330,750,0.25,hot,SER,PFM,12500,789,1.118,30.4,22.8,97.4,72,74,PASS,,68,21.2,43
50kw,330,750,0.5,cold,SER,PFM,25000,789,1.117,44.7,45.5,97.44,26,22,PASS,,18,26.9,54.5
50kw,330,750,0.5,room,SER,PFM,25000,789,1.117,44.7,45.5,97.41,62,58,PASS,,53,26.9,54.5
50kw,330,750,0.5,hot,SER,PFM,25000,789,1.117,44.7,45.5,97.4,82,78,PASS,,73,26.9,54.5
50kw,330,750,0.75,cold,SER,PFM,37500,789,1.115,61.5,68.3,97.15,39,27,PASS,,23,30.1,61
50kw,330,750,0.75,room,SER,PFM,37500,789,1.115,61.5,68.3,97.1,76,63,PASS,,58,30.1,61
50kw,330,750,0.75,hot,SER,PFM,37500,789,1.115,61.5,68.3,97.08,97,83,PASS,,78,30.1,61
50kw,330,750,1,cold,SER,PFM,50000,789,1.112,79.3,91.1,96.74,56,33,PASS,,30,33.9,69
50kw,330,750,1,room,SER,PFM,50000,789,1.112,79.3,91.1,96.68,94,70,PASS,,65,33.9,69
50kw,330,750,1,hot,SER,PFM,50000,789,1.112,79.3,91.1,96.64,116,91,PASS,,85,33.9,69
50kw,330,1000,0,cold,SER,IDLE,0,830,,0,0,,,,PASS,standby
50kw,330,1000,0,room,SER,IDLE,0,830,,0,0,,,,PASS,standby
50kw,330,1000,0,hot,SER,IDLE,0,830,,0,0,,,,PASS,standby
50kw,330,1000,0.05,cold,SER,PFM,2500,830,0.609,58.4,4.6,89.41,11,24,PASS,,10,23.3,82.5
50kw,330,1000,0.05,room,SER,PFM,2500,830,0.609,58.4,4.6,89.4,46,60,PASS,,45,23.3,82.5
50kw,330,1000,0.05,hot,SER,PFM,2500,830,0.609,58.4,4.6,89.4,66,80,PASS,,65,23.3,82.5
50kw,330,1000,0.1,cold,SER,PFM,5000,830,0.608,58.6,9.1,93.98,12,24,PASS,,11,23.4,82.8
50kw,330,1000,0.1,room,SER,PFM,5000,830,0.608,58.6,9.1,93.98,47,60,PASS,,46,23.4,82.8
50kw,330,1000,0.1,hot,SER,PFM,5000,830,0.608,58.6,9.1,93.97,67,80,PASS,,66,23.4,82.8
50kw,330,1000,0.25,cold,SER,PFM,12500,830,0.607,60.1,22.8,96.75,17,25,PASS,,12,24,85.1
50kw,330,1000,0.25,room,SER,PFM,12500,830,0.607,60.1,22.8,96.74,52,61,PASS,,47,24,85.1
50kw,330,1000,0.25,hot,SER,PFM,12500,830,0.607,60.1,22.8,96.73,72,81,PASS,,67,24,85.1
50kw,330,1000,0.5,cold,SER,PFM,25000,830,0.601,65.4,45.5,97.37,26,26,PASS,,15,25.9,92.6
50kw,330,1000,0.5,room,SER,PFM,25000,830,0.601,65.4,45.5,97.34,62,63,PASS,,50,25.9,92.6
50kw,330,1000,0.5,hot,SER,PFM,25000,830,0.601,65.4,45.5,97.33,83,83,PASS,,70,25.9,92.6
50kw,330,1000,0.75,cold,SER,PFM,37500,830,0.591,73.5,68.3,97.31,39,30,PASS,,19,28.6,104
50kw,330,1000,0.75,room,SER,PFM,37500,830,0.591,73.5,68.3,97.26,76,66,PASS,,54,28.6,104
50kw,330,1000,0.75,hot,SER,PFM,37500,830,0.591,73.5,68.3,97.24,97,87,PASS,,74,28.6,104
50kw,330,1000,1,cold,SER,PFM,50000,830,0.575,83.8,91.1,97.09,57,32,PASS,,23,26.6,99.5
50kw,330,1000,1,room,SER,PFM,50000,830,0.575,83.8,91.1,97.03,96,69,PASS,,58,26.6,99.5
50kw,330,1000,1,hot,SER,PFM,50000,830,0.575,83.8,91.1,97,118,90,PASS,,78,26.6,99.5
50kw,400,150,0,cold,PAR,IDLE,0,650,,0,0,,,,PASS,standby
50kw,400,150,0,room,PAR,IDLE,0,650,,0,0,,,,PASS,standby
50kw,400,150,0,hot,PAR,IDLE,0,650,,0,0,,,,PASS,standby
50kw,400,150,0.05,cold,PAR,PSM,1253,650,1.45,7.7,1.9,35.49,10,174,FAIL,LIMIT: TjLLC eta<88,10,6.5,12.3
50kw,400,150,0.05,room,PAR,PSM,1253,650,1.45,7.7,1.9,35.49,45,209,FAIL,LIMIT: TjLLC eta<88,45,6.5,12.3
50kw,400,150,0.05,hot,PAR,PSM,1253,650,1.45,7.7,1.9,35.49,65,229,FAIL,LIMIT: TjLLC eta<88,65,6.5,12.3
50kw,400,150,0.1,cold,PAR,PSM,2505,650,1.45,8.7,3.8,52.01,11,174,FAIL,LIMIT: TjLLC eta<88,11,7.3,13.8
50kw,400,150,0.1,room,PAR,PSM,2505,650,1.45,8.7,3.8,52.01,46,209,FAIL,LIMIT: TjLLC eta<88,46,7.3,13.8
50kw,400,150,0.1,hot,PAR,PSM,2505,650,1.45,8.7,3.8,52.01,66,229,FAIL,LIMIT: TjLLC eta<88,66,7.3,13.8
50kw,400,150,0.25,cold,PAR,PSM,6263,650,1.45,13.6,9.4,71.96,12,175,FAIL,LIMIT: TjLLC eta<88,12,11.5,21.8
50kw,400,150,0.25,room,PAR,PSM,6263,650,1.45,13.6,9.4,71.96,47,210,FAIL,LIMIT: TjLLC eta<88,47,11.5,21.8
50kw,400,150,0.25,hot,PAR,PSM,6263,650,1.45,13.6,9.4,71.95,67,230,FAIL,LIMIT: TjLLC eta<88,67,11.5,21.8
50kw,400,150,0.5,cold,PAR,PSM,12525,650,1.45,24.1,18.8,82.17,14,176,FAIL,LIMIT: TjLLC eta<88,14,20.3,38.5
50kw,400,150,0.5,room,PAR,PSM,12525,650,1.45,24.1,18.8,82.15,49,211,FAIL,LIMIT: TjLLC eta<88,49,20.3,38.5
50kw,400,150,0.5,hot,PAR,PSM,12525,650,1.45,24.1,18.8,82.14,70,231,FAIL,LIMIT: TjLLC eta<88,69,20.3,38.5
50kw,400,150,0.75,cold,PAR,PSM,18788,650,1.45,35.1,28.2,85.97,17,178,FAIL,LIMIT: TjLLC eta<88,17,29.7,56.2
50kw,400,150,0.75,room,PAR,PSM,18788,650,1.45,35.1,28.2,85.94,53,213,FAIL,LIMIT: TjLLC eta<88,52,29.7,56.2
50kw,400,150,0.75,hot,PAR,PSM,18788,650,1.45,35.1,28.2,85.93,73,233,FAIL,LIMIT: TjLLC eta<88,72,29.7,56.2
50kw,400,150,1,cold,PAR,PSM,25050,650,1.45,46.4,37.7,87.79,21,181,FAIL,LIMIT: TjLLC eta<88,20,39.2,74.2
50kw,400,150,1,room,PAR,PSM,25050,650,1.45,46.4,37.7,87.75,56,216,FAIL,LIMIT: TjLLC eta<88,55,39.2,74.2
50kw,400,150,1,hot,PAR,PSM,25050,650,1.45,46.4,37.7,87.74,77,237,FAIL,LIMIT: TjLLC eta<88,75,39.2,74.2
50kw,400,200,0,cold,PAR,IDLE,0,650,,0,0,,,,PASS,standby
50kw,400,200,0,room,PAR,IDLE,0,650,,0,0,,,,PASS,standby
50kw,400,200,0,hot,PAR,IDLE,0,650,,0,0,,,,PASS,standby
50kw,400,200,0.05,cold,PAR,PSM,1670,650,1.45,10.9,2.5,87.04,10,31,PASS,,11,9.2,17.4
50kw,400,200,0.05,room,PAR,PSM,1670,650,1.45,10.9,2.5,87.04,45,67,PASS,,46,9.2,17.4
50kw,400,200,0.05,hot,PAR,PSM,1670,650,1.45,10.9,2.5,87.04,65,87,PASS,,66,9.2,17.4
50kw,400,200,0.1,cold,PAR,PSM,3340,650,1.45,13.6,5,92.07,11,32,PASS,,11,11.5,21.8
50kw,400,200,0.1,room,PAR,PSM,3340,650,1.45,13.6,5,92.07,46,67,PASS,,46,11.5,21.8
50kw,400,200,0.1,hot,PAR,PSM,3340,650,1.45,13.6,5,92.07,66,87,PASS,,66,11.5,21.8
50kw,400,200,0.25,cold,PAR,PSM,8350,650,1.45,25.6,12.6,95,13,33,PASS,,14,21.6,41
50kw,400,200,0.25,room,PAR,PSM,8350,650,1.45,25.6,12.6,94.99,48,68,PASS,,49,21.6,41
50kw,400,200,0.25,hot,PAR,PSM,8350,650,1.45,25.6,12.6,94.99,68,88,PASS,,69,21.6,41
50kw,400,200,0.5,cold,PAR,PSM,16700,650,1.45,48.3,25.1,95.48,16,36,PASS,,20,40.8,77.3
50kw,400,200,0.5,room,PAR,PSM,16700,650,1.45,48.3,25.1,95.47,51,71,PASS,,55,40.8,77.3
50kw,400,200,0.5,hot,PAR,PSM,16700,650,1.45,48.3,25.1,95.46,72,92,PASS,,75,40.8,77.3
50kw,400,200,0.75,cold,PAR,PSM,25050,650,1.45,71.7,37.7,95.23,21,41,PASS,,28,60.5,114.7
50kw,400,200,0.75,room,PAR,PSM,25050,650,1.45,71.7,37.7,95.21,56,78,PASS,,63,60.5,114.7
50kw,400,200,0.75,hot,PAR,PSM,25050,650,1.45,71.7,37.7,95.2,77,99,PASS,,83,60.5,114.7
50kw,400,200,1,cold,PAR,PSM,33400,650,1.45,95.2,50.2,94.8,26,55,PASS,,38,80.4,152.3
50kw,400,200,1,room,PAR,PSM,33400,650,1.45,95.2,50.2,94.77,62,93,PASS,,73,80.4,152.3
50kw,400,200,1,hot,PAR,PSM,33400,650,1.45,95.2,50.2,94.76,83,114,PASS,,93,80.4,152.3
50kw,400,250,0,cold,PAR,IDLE,0,650,,0,0,,,,PASS,standby
50kw,400,250,0,room,PAR,IDLE,0,650,,0,0,,,,PASS,standby
50kw,400,250,0,hot,PAR,IDLE,0,650,,0,0,,,,PASS,standby
50kw,400,250,0.05,cold,PAR,PSM,2088,650,1.45,13.1,3.1,94.21,11,14,PASS,,11,11.1,21
50kw,400,250,0.05,room,PAR,PSM,2088,650,1.45,13.1,3.1,94.21,46,49,PASS,,46,11.1,21
50kw,400,250,0.05,hot,PAR,PSM,2088,650,1.45,13.1,3.1,94.21,66,69,PASS,,66,11.1,21
50kw,400,250,0.1,cold,PAR,PSM,4175,650,1.45,15.5,6.3,96.13,11,15,PASS,,11,13.1,24.7
50kw,400,250,0.1,room,PAR,PSM,4175,650,1.45,15.5,6.3,96.12,46,50,PASS,,46,13.1,24.7
50kw,400,250,0.1,hot,PAR,PSM,4175,650,1.45,15.5,6.3,96.12,66,70,PASS,,66,13.1,24.7
50kw,400,250,0.25,cold,PAR,PSM,10438,650,1.45,26.6,15.7,96.96,13,19,PASS,,14,22.5,42.6
50kw,400,250,0.25,room,PAR,PSM,10438,650,1.45,26.6,15.7,96.96,49,54,PASS,,49,22.5,42.6
50kw,400,250,0.25,hot,PAR,PSM,10438,650,1.45,26.6,15.7,96.95,69,74,PASS,,69,22.5,42.6
50kw,400,250,0.5,cold,PAR,PSM,20875,650,1.45,48.9,31.4,96.76,18,28,PASS,,20,41.3,78.2
50kw,400,250,0.5,room,PAR,PSM,20875,650,1.45,48.9,31.4,96.74,54,64,PASS,,55,41.3,78.2
50kw,400,250,0.5,hot,PAR,PSM,20875,650,1.45,48.9,31.4,96.73,74,84,PASS,,75,41.3,78.2
50kw,400,250,0.75,cold,PAR,PSM,31313,650,1.45,72,47.1,96.31,25,40,PASS,,28,60.8,115.3
50kw,400,250,0.75,room,PAR,PSM,31313,650,1.45,72,47.1,96.29,61,76,PASS,,63,60.8,115.3
50kw,400,250,0.75,hot,PAR,PSM,31313,650,1.45,72,47.1,96.28,81,97,PASS,,83,60.8,115.3
50kw,400,250,1,cold,PAR,PFM,41750,650,1.428,95.5,62.8,95.63,33,50,PASS,,38,65.9,126.7
50kw,400,250,1,room,PAR,PFM,41750,650,1.428,95.5,62.8,95.6,69,88,PASS,,73,65.9,126.7
50kw,400,250,1,hot,PAR,PFM,41750,650,1.428,95.5,62.8,95.58,90,109,PASS,,93,65.9,126.7
50kw,400,300,0,cold,PAR,IDLE,0,650,,0,0,,,,PASS,standby
50kw,400,300,0,room,PAR,IDLE,0,650,,0,0,,,,PASS,standby
50kw,400,300,0,hot,PAR,IDLE,0,650,,0,0,,,,PASS,standby
50kw,400,300,0.05,cold,PAR,PFM,2500,650,1.191,18.5,3.8,94.67,11,14,PASS,,11,11.3,26.1
50kw,400,300,0.05,room,PAR,PFM,2500,650,1.191,18.5,3.8,94.67,46,49,PASS,,46,11.3,26.1
50kw,400,300,0.05,hot,PAR,PFM,2500,650,1.191,18.5,3.8,94.67,66,69,PASS,,66,11.3,26.1
50kw,400,300,0.1,cold,PAR,PFM,5000,650,1.191,20.2,7.5,96.48,12,15,PASS,,11,12.4,28.6
50kw,400,300,0.1,room,PAR,PFM,5000,650,1.191,20.2,7.5,96.47,47,50,PASS,,46,12.4,28.6
50kw,400,300,0.1,hot,PAR,PFM,5000,650,1.191,20.2,7.5,96.47,67,70,PASS,,66,12.4,28.6
50kw,400,300,0.25,cold,PAR,PFM,12500,650,1.188,29.6,18.8,97.26,14,17,PASS,,14,17.8,41.2
50kw,400,300,0.25,room,PAR,PFM,12500,650,1.188,29.6,18.8,97.25,49,53,PASS,,49,17.8,41.2
50kw,400,300,0.25,hot,PAR,PFM,12500,650,1.188,29.6,18.8,97.24,70,73,PASS,,69,17.8,41.2
50kw,400,300,0.5,cold,PAR,PFM,25000,650,1.181,50.6,37.6,97.15,21,22,PASS,,20,22.6,52.5
50kw,400,300,0.5,room,PAR,PFM,25000,650,1.181,50.6,37.6,97.13,56,58,PASS,,55,22.6,52.5
50kw,400,300,0.5,hot,PAR,PFM,25000,650,1.181,50.6,37.6,97.12,77,78,PASS,,75,22.6,52.5
50kw,400,300,0.75,cold,PAR,PFM,37500,650,1.171,73.2,56.4,96.76,29,29,PASS,,28,28.7,67.3
50kw,400,300,0.75,room,PAR,PFM,37500,650,1.171,73.2,56.4,96.73,65,66,PASS,,63,28.7,67.3
50kw,400,300,0.75,hot,PAR,PFM,37500,650,1.171,73.2,56.4,96.71,86,87,PASS,,83,28.7,67.3
50kw,400,300,1,cold,PAR,PFM,50000,650,1.159,96.2,75.2,96.29,40,40,PASS,,38,35.3,83.6
50kw,400,300,1,room,PAR,PFM,50000,650,1.159,96.2,75.2,96.25,78,77,PASS,,73,35.3,83.6
50kw,400,300,1,hot,PAR,PFM,50000,650,1.159,96.2,75.2,96.23,99,99,PASS,,93,35.3,83.6
50kw,400,400,0,cold,PAR,IDLE,0,830,,0,0,,,,PASS,standby
50kw,400,400,0,room,PAR,IDLE,0,830,,0,0,,,,PASS,standby
50kw,400,400,0,hot,PAR,IDLE,0,830,,0,0,,,,PASS,standby
50kw,400,400,0.05,cold,PAR,PFM,2500,830,1.084,26.4,3.8,93.34,11,17,PASS,,11,18.8,37.4
50kw,400,400,0.05,room,PAR,PFM,2500,830,1.084,26.4,3.8,93.34,46,53,PASS,,46,18.8,37.4
50kw,400,400,0.05,hot,PAR,PFM,2500,830,1.084,26.4,3.8,93.34,66,73,PASS,,66,18.8,37.4
50kw,400,400,0.1,cold,PAR,PFM,5000,830,1.084,27.1,7.5,95.98,12,18,PASS,,11,19.3,38.4
50kw,400,400,0.1,room,PAR,PFM,5000,830,1.084,27.1,7.5,95.97,47,53,PASS,,46,19.3,38.4
50kw,400,400,0.1,hot,PAR,PFM,5000,830,1.084,27.1,7.5,95.97,67,73,PASS,,66,19.3,38.4
50kw,400,400,0.25,cold,PAR,PFM,12500,830,1.084,31.6,18.8,97.38,15,19,PASS,,13,22.5,44.7
50kw,400,400,0.25,room,PAR,PFM,12500,830,1.084,31.6,18.8,97.37,50,54,PASS,,48,22.5,44.7
50kw,400,400,0.25,hot,PAR,PFM,12500,830,1.084,31.6,18.8,97.37,70,75,PASS,,68,22.5,44.7
50kw,400,400,0.5,cold,PAR,PFM,25000,830,1.083,44.1,37.6,97.53,23,23,PASS,,17,28.8,57.1
50kw,400,400,0.5,room,PAR,PFM,25000,830,1.083,44.1,37.6,97.51,58,58,PASS,,52,28.8,57.1
50kw,400,400,0.5,hot,PAR,PFM,25000,830,1.083,44.1,37.6,97.5,78,79,PASS,,72,28.8,57.1
50kw,400,400,0.75,cold,PAR,PFM,37500,830,1.082,59.3,56.4,97.37,32,27,PASS,,22,30.8,61.2
50kw,400,400,0.75,room,PAR,PFM,37500,830,1.082,59.3,56.4,97.34,68,63,PASS,,57,30.8,61.2
50kw,400,400,0.75,hot,PAR,PFM,37500,830,1.082,59.3,56.4,97.33,89,83,PASS,,77,30.8,61.2
50kw,400,400,1,cold,PAR,PFM,50000,830,1.081,75.6,75.2,97.1,44,32,PASS,,28,33.4,66.4
50kw,400,400,1,room,PAR,PFM,50000,830,1.081,75.6,75.2,97.06,82,68,PASS,,63,33.4,66.4
50kw,400,400,1,hot,PAR,PFM,50000,830,1.081,75.6,75.2,97.03,103,89,PASS,,83,33.4,66.4
50kw,400,500,0,cold,PAR,IDLE,0,830,,0,0,,,,PASS,standby
50kw,400,500,0,room,PAR,IDLE,0,830,,0,0,,,,PASS,standby
50kw,400,500,0,hot,PAR,IDLE,0,830,,0,0,,,,PASS,standby
50kw,400,500,0.05,cold,PAR,PFM,2500,830,0.609,58.4,3.8,89.35,11,24,PASS,,10,23.3,82.5
50kw,400,500,0.05,room,PAR,PFM,2500,830,0.609,58.4,3.8,89.35,46,60,PASS,,45,23.3,82.5
50kw,400,500,0.05,hot,PAR,PFM,2500,830,0.609,58.4,3.8,89.34,66,80,PASS,,65,23.3,82.5
50kw,400,500,0.1,cold,PAR,PFM,5000,830,0.608,58.6,7.5,93.93,12,24,PASS,,11,23.4,82.8
50kw,400,500,0.1,room,PAR,PFM,5000,830,0.608,58.6,7.5,93.93,47,60,PASS,,46,23.4,82.8
50kw,400,500,0.1,hot,PAR,PFM,5000,830,0.608,58.6,7.5,93.93,67,80,PASS,,66,23.4,82.8
50kw,400,500,0.25,cold,PAR,PFM,12500,830,0.607,60.1,18.8,96.74,15,25,PASS,,12,24,85.1
50kw,400,500,0.25,room,PAR,PFM,12500,830,0.607,60.1,18.8,96.73,50,61,PASS,,47,24,85.1
50kw,400,500,0.25,hot,PAR,PFM,12500,830,0.607,60.1,18.8,96.73,70,81,PASS,,67,24,85.1
50kw,400,500,0.5,cold,PAR,PFM,25000,830,0.601,65.4,37.6,97.45,23,26,PASS,,15,25.9,92.6
50kw,400,500,0.5,room,PAR,PFM,25000,830,0.601,65.4,37.6,97.43,58,63,PASS,,50,25.9,92.6
50kw,400,500,0.5,hot,PAR,PFM,25000,830,0.601,65.4,37.6,97.41,78,83,PASS,,70,25.9,92.6
50kw,400,500,0.75,cold,PAR,PFM,37500,830,0.591,73.5,56.4,97.46,32,30,PASS,,19,28.6,104
50kw,400,500,0.75,room,PAR,PFM,37500,830,0.591,73.5,56.4,97.43,68,66,PASS,,54,28.6,104
50kw,400,500,0.75,hot,PAR,PFM,37500,830,0.591,73.5,56.4,97.41,89,87,PASS,,74,28.6,104
50kw,400,500,1,cold,PAR,PFM,50000,830,0.575,83.8,75.2,97.34,44,32,PASS,,23,26.6,99.5
50kw,400,500,1,room,PAR,PFM,50000,830,0.575,83.8,75.2,97.3,82,69,PASS,,58,26.6,99.5
50kw,400,500,1,hot,PAR,PFM,50000,830,0.575,83.8,75.2,97.27,103,90,PASS,,78,26.6,99.5
50kw,400,500,0,cold,SER,IDLE,0,650,,0,0,,,,PASS,standby
50kw,400,500,0,room,SER,IDLE,0,650,,0,0,,,,PASS,standby
50kw,400,500,0,hot,SER,IDLE,0,650,,0,0,,,,PASS,standby
50kw,400,500,0.05,cold,SER,PSM,2500,650,1.45,13.5,3.8,95.04,11,14,PASS,,11,11.4,21.6
50kw,400,500,0.05,room,SER,PSM,2500,650,1.45,13.5,3.8,95.04,46,49,PASS,,46,11.4,21.6
50kw,400,500,0.05,hot,SER,PSM,2500,650,1.45,13.5,3.8,95.04,66,69,PASS,,66,11.4,21.6
50kw,400,500,0.1,cold,SER,PSM,5000,650,1.45,16.7,7.5,96.61,12,15,PASS,,12,14.1,26.7
50kw,400,500,0.1,room,SER,PSM,5000,650,1.45,16.7,7.5,96.61,47,50,PASS,,47,14.1,26.7
50kw,400,500,0.1,hot,SER,PSM,5000,650,1.45,16.7,7.5,96.6,67,70,PASS,,67,14.1,26.7
50kw,400,500,0.25,cold,SER,PSM,12500,650,1.45,30.9,18.8,97.17,14,20,PASS,,15,26.1,49.4
50kw,400,500,0.25,room,SER,PSM,12500,650,1.45,30.9,18.8,97.16,49,55,PASS,,50,26.1,49.4
50kw,400,500,0.25,hot,SER,PSM,12500,650,1.45,30.9,18.8,97.16,70,76,PASS,,70,26.1,49.4
50kw,400,500,0.5,cold,SER,PSM,25000,650,1.45,58,37.6,96.79,21,32,PASS,,23,49,92.8
50kw,400,500,0.5,room,SER,PSM,25000,650,1.45,58,37.6,96.77,56,68,PASS,,58,49,92.8
50kw,400,500,0.5,hot,SER,PSM,25000,650,1.45,58,37.6,96.76,77,89,PASS,,78,49,92.8
50kw,400,500,0.75,cold,SER,PSM,37500,650,1.45,85.9,56.4,96.21,29,49,PASS,,34,72.6,137.5
50kw,400,500,0.75,room,SER,PSM,37500,650,1.45,85.9,56.4,96.18,65,86,PASS,,69,72.6,137.5
50kw,400,500,0.75,hot,SER,PSM,37500,650,1.45,85.9,56.4,96.17,86,107,PASS,,89,72.6,137.5
50kw,400,500,1,cold,SER,PFM,50000,650,1.384,114.1,75.2,95.42,40,63,PASS,,47,76,150.9
50kw,400,500,1,room,SER,PFM,50000,650,1.384,114.1,75.2,95.38,78,101,PASS,,82,76,150.9
50kw,400,500,1,hot,SER,PFM,50000,650,1.384,114.1,75.2,95.36,99,124,PASS,,102,76,150.9
50kw,400,750,0,cold,SER,IDLE,0,789,,0,0,,,,PASS,standby
50kw,400,750,0,room,SER,IDLE,0,789,,0,0,,,,PASS,standby
50kw,400,750,0,hot,SER,IDLE,0,789,,0,0,,,,PASS,standby
50kw,400,750,0.05,cold,SER,PFM,2500,789,1.119,24.1,3.8,93.86,11,17,PASS,,11,16.8,34
50kw,400,750,0.05,room,SER,PFM,2500,789,1.119,24.1,3.8,93.86,46,52,PASS,,46,16.8,34
50kw,400,750,0.05,hot,SER,PFM,2500,789,1.119,24.1,3.8,93.86,66,72,PASS,,66,16.8,34
50kw,400,750,0.1,cold,SER,PFM,5000,789,1.119,24.9,7.5,96.28,12,17,PASS,,11,17.5,35.3
50kw,400,750,0.1,room,SER,PFM,5000,789,1.119,24.9,7.5,96.27,47,52,PASS,,46,17.5,35.3
50kw,400,750,0.1,hot,SER,PFM,5000,789,1.119,24.9,7.5,96.27,67,72,PASS,,66,17.5,35.3
50kw,400,750,0.25,cold,SER,PFM,12500,789,1.118,30.4,18.8,97.52,15,19,PASS,,13,21.2,43
50kw,400,750,0.25,room,SER,PFM,12500,789,1.118,30.4,18.8,97.51,50,54,PASS,,48,21.2,43
50kw,400,750,0.25,hot,SER,PFM,12500,789,1.118,30.4,18.8,97.5,70,74,PASS,,68,21.2,43
50kw,400,750,0.5,cold,SER,PFM,25000,789,1.117,44.7,37.6,97.61,22,22,PASS,,18,26.9,54.5
50kw,400,750,0.5,room,SER,PFM,25000,789,1.117,44.7,37.6,97.59,58,58,PASS,,53,26.9,54.5
50kw,400,750,0.5,hot,SER,PFM,25000,789,1.117,44.7,37.6,97.58,78,78,PASS,,73,26.9,54.5
50kw,400,750,0.75,cold,SER,PFM,37500,789,1.115,61.5,56.4,97.4,31,27,PASS,,23,30.1,61
50kw,400,750,0.75,room,SER,PFM,37500,789,1.115,61.5,56.4,97.37,68,63,PASS,,58,30.1,61
50kw,400,750,0.75,hot,SER,PFM,37500,789,1.115,61.5,56.4,97.35,88,83,PASS,,78,30.1,61
50kw,400,750,1,cold,SER,PFM,50000,789,1.112,79.3,75.2,97.08,43,33,PASS,,30,33.9,69
50kw,400,750,1,room,SER,PFM,50000,789,1.112,79.3,75.2,97.04,81,70,PASS,,65,33.9,69
50kw,400,750,1,hot,SER,PFM,50000,789,1.112,79.3,75.2,97.02,102,91,PASS,,85,33.9,69
50kw,400,1000,0,cold,SER,IDLE,0,830,,0,0,,,,PASS,standby
50kw,400,1000,0,room,SER,IDLE,0,830,,0,0,,,,PASS,standby
50kw,400,1000,0,hot,SER,IDLE,0,830,,0,0,,,,PASS,standby
50kw,400,1000,0.05,cold,SER,PFM,2500,830,0.609,58.4,3.8,89.43,11,24,PASS,,10,23.3,82.5
50kw,400,1000,0.05,room,SER,PFM,2500,830,0.609,58.4,3.8,89.43,46,60,PASS,,45,23.3,82.5
50kw,400,1000,0.05,hot,SER,PFM,2500,830,0.609,58.4,3.8,89.43,66,80,PASS,,65,23.3,82.5
50kw,400,1000,0.1,cold,SER,PFM,5000,830,0.608,58.6,7.5,94.02,12,24,PASS,,11,23.4,82.8
50kw,400,1000,0.1,room,SER,PFM,5000,830,0.608,58.6,7.5,94.02,47,60,PASS,,46,23.4,82.8
50kw,400,1000,0.1,hot,SER,PFM,5000,830,0.608,58.6,7.5,94.02,67,80,PASS,,66,23.4,82.8
50kw,400,1000,0.25,cold,SER,PFM,12500,830,0.607,60.1,18.8,96.84,15,25,PASS,,12,24,85.1
50kw,400,1000,0.25,room,SER,PFM,12500,830,0.607,60.1,18.8,96.83,50,61,PASS,,47,24,85.1
50kw,400,1000,0.25,hot,SER,PFM,12500,830,0.607,60.1,18.8,96.83,70,81,PASS,,67,24,85.1
50kw,400,1000,0.5,cold,SER,PFM,25000,830,0.601,65.4,37.6,97.55,23,26,PASS,,15,25.9,92.6
50kw,400,1000,0.5,room,SER,PFM,25000,830,0.601,65.4,37.6,97.53,58,63,PASS,,50,25.9,92.6
50kw,400,1000,0.5,hot,SER,PFM,25000,830,0.601,65.4,37.6,97.51,78,83,PASS,,70,25.9,92.6
50kw,400,1000,0.75,cold,SER,PFM,37500,830,0.591,73.5,56.4,97.56,32,30,PASS,,19,28.6,104
50kw,400,1000,0.75,room,SER,PFM,37500,830,0.591,73.5,56.4,97.53,68,66,PASS,,54,28.6,104
50kw,400,1000,0.75,hot,SER,PFM,37500,830,0.591,73.5,56.4,97.51,89,87,PASS,,74,28.6,104
50kw,400,1000,1,cold,SER,PFM,50000,830,0.575,83.8,75.2,97.44,44,32,PASS,,23,26.6,99.5
50kw,400,1000,1,room,SER,PFM,50000,830,0.575,83.8,75.2,97.4,82,69,PASS,,58,26.6,99.5
50kw,400,1000,1,hot,SER,PFM,50000,830,0.575,83.8,75.2,97.37,103,90,PASS,,78,26.6,99.5
50kw,450,150,0,cold,PAR,IDLE,0,687,,0,0,,,,PASS,standby
50kw,450,150,0,room,PAR,IDLE,0,687,,0,0,,,,PASS,standby
50kw,450,150,0,hot,PAR,IDLE,0,687,,0,0,,,,PASS,standby
50kw,450,150,0.05,cold,PAR,PSM,1253,687,1.45,7.7,1.7,33.34,10,192,FAIL,LIMIT: TjLLC eta<88,10,6.9,12.3
50kw,450,150,0.05,room,PAR,PSM,1253,687,1.45,7.7,1.7,33.34,45,227,FAIL,LIMIT: TjLLC eta<88,45,6.9,12.3
50kw,450,150,0.05,hot,PAR,PSM,1253,687,1.45,7.7,1.7,33.34,65,247,FAIL,LIMIT: TjLLC eta<88,65,6.9,12.3
50kw,450,150,0.1,cold,PAR,PSM,2505,687,1.45,8.7,3.3,49.67,11,192,FAIL,LIMIT: TjLLC eta<88,11,7.7,13.8
50kw,450,150,0.1,room,PAR,PSM,2505,687,1.45,8.7,3.3,49.67,46,227,FAIL,LIMIT: TjLLC eta<88,46,7.7,13.8
50kw,450,150,0.1,hot,PAR,PSM,2505,687,1.45,8.7,3.3,49.67,66,247,FAIL,LIMIT: TjLLC eta<88,66,7.7,13.8
50kw,450,150,0.25,cold,PAR,PSM,6263,687,1.45,13.6,8.4,70.14,12,192,FAIL,LIMIT: TjLLC eta<88,12,12.1,21.8
50kw,450,150,0.25,room,PAR,PSM,6263,687,1.45,13.6,8.4,70.14,47,227,FAIL,LIMIT: TjLLC eta<88,47,12.1,21.8
50kw,450,150,0.25,hot,PAR,PSM,6263,687,1.45,13.6,8.4,70.14,67,247,FAIL,LIMIT: TjLLC eta<88,67,12.1,21.8
50kw,450,150,0.5,cold,PAR,PSM,12525,687,1.45,24.1,16.7,81,14,194,FAIL,LIMIT: TjLLC eta<88,14,21.5,38.5
50kw,450,150,0.5,room,PAR,PSM,12525,687,1.45,24.1,16.7,80.99,49,229,FAIL,LIMIT: TjLLC eta<88,49,21.5,38.5
50kw,450,150,0.5,hot,PAR,PSM,12525,687,1.45,24.1,16.7,80.98,69,249,FAIL,LIMIT: TjLLC eta<88,69,21.5,38.5
50kw,450,150,0.75,cold,PAR,PSM,18788,687,1.45,35.1,25.1,85.15,16,196,FAIL,LIMIT: TjLLC eta<88,17,31.4,56.2
50kw,450,150,0.75,room,PAR,PSM,18788,687,1.45,35.1,25.1,85.13,52,231,FAIL,LIMIT: TjLLC eta<88,52,31.4,56.2
50kw,450,150,0.75,hot,PAR,PSM,18788,687,1.45,35.1,25.1,85.12,72,251,FAIL,LIMIT: TjLLC eta<88,72,31.4,56.2
50kw,450,150,1,cold,PAR,PSM,25050,687,1.45,46.4,33.5,87.19,19,199,FAIL,LIMIT: TjLLC eta<88,20,41.4,74.2
50kw,450,150,1,room,PAR,PSM,25050,687,1.45,46.4,33.5,87.17,55,234,FAIL,LIMIT: TjLLC eta<88,55,41.4,74.2
50kw,450,150,1,hot,PAR,PSM,25050,687,1.45,46.4,33.5,87.15,75,255,FAIL,LIMIT: TjLLC eta<88,75,41.4,74.2
50kw,450,200,0,cold,PAR,IDLE,0,687,,0,0,,,,PASS,standby
50kw,450,200,0,room,PAR,IDLE,0,687,,0,0,,,,PASS,standby
50kw,450,200,0,hot,PAR,IDLE,0,687,,0,0,,,,PASS,standby
50kw,450,200,0.05,cold,PAR,PSM,1670,687,1.45,10.9,2.2,86.35,10,34,PASS,,11,9.7,17.4
50kw,450,200,0.05,room,PAR,PSM,1670,687,1.45,10.9,2.2,86.35,45,69,PASS,,46,9.7,17.4
50kw,450,200,0.05,hot,PAR,PSM,1670,687,1.45,10.9,2.2,86.35,65,89,PASS,,66,9.7,17.4
50kw,450,200,0.1,cold,PAR,PSM,3340,687,1.45,13.6,4.5,91.69,11,34,PASS,,11,12.2,21.8
50kw,450,200,0.1,room,PAR,PSM,3340,687,1.45,13.6,4.5,91.68,46,69,PASS,,46,12.2,21.8
50kw,450,200,0.1,hot,PAR,PSM,3340,687,1.45,13.6,4.5,91.68,66,89,PASS,,66,12.2,21.8
50kw,450,200,0.25,cold,PAR,PSM,8350,687,1.45,25.6,11.2,94.84,12,35,PASS,,14,22.9,41
50kw,450,200,0.25,room,PAR,PSM,8350,687,1.45,25.6,11.2,94.84,48,70,PASS,,49,22.9,41
50kw,450,200,0.25,hot,PAR,PSM,8350,687,1.45,25.6,11.2,94.84,68,90,PASS,,69,22.9,41
50kw,450,200,0.5,cold,PAR,PSM,16700,687,1.45,48.3,22.3,95.43,16,38,PASS,,20,43.2,77.3
50kw,450,200,0.5,room,PAR,PSM,16700,687,1.45,48.3,22.3,95.42,51,74,PASS,,55,43.2,77.3
50kw,450,200,0.5,hot,PAR,PSM,16700,687,1.45,48.3,22.3,95.41,71,94,PASS,,75,43.2,77.3
50kw,450,200,0.75,cold,PAR,PSM,25050,687,1.45,71.7,33.5,95.22,19,44,PASS,,28,64,114.7
50kw,450,200,0.75,room,PAR,PSM,25050,687,1.45,71.7,33.5,95.21,55,80,PASS,,63,64,114.7
50kw,450,200,0.75,hot,PAR,PSM,25050,687,1.45,71.7,33.5,95.2,75,101,PASS,,83,64,114.7
50kw,450,200,1,cold,PAR,PSM,33400,687,1.45,95.2,44.6,94.82,24,57,PASS,,38,85,152.3
50kw,450,200,1,room,PAR,PSM,33400,687,1.45,95.2,44.6,94.8,60,94,PASS,,73,85,152.3
50kw,450,200,1,hot,PAR,PSM,33400,687,1.45,95.2,44.6,94.79,80,116,PASS,,93,85,152.3
50kw,450,250,0,cold,PAR,IDLE,0,687,,0,0,,,,PASS,standby
50kw,450,250,0,room,PAR,IDLE,0,687,,0,0,,,,PASS,standby
50kw,450,250,0,hot,PAR,IDLE,0,687,,0,0,,,,PASS,standby
50kw,450,250,0.05,cold,PAR,PSM,2088,687,1.45,13.1,2.8,94.12,11,14,PASS,,11,11.7,21
50kw,450,250,0.05,room,PAR,PSM,2088,687,1.45,13.1,2.8,94.12,46,49,PASS,,46,11.7,21
50kw,450,250,0.05,hot,PAR,PSM,2088,687,1.45,13.1,2.8,94.12,66,69,PASS,,66,11.7,21
50kw,450,250,0.1,cold,PAR,PSM,4175,687,1.45,15.5,5.6,96.09,11,15,PASS,,11,13.8,24.7
50kw,450,250,0.1,room,PAR,PSM,4175,687,1.45,15.5,5.6,96.08,46,50,PASS,,46,13.8,24.7
50kw,450,250,0.1,hot,PAR,PSM,4175,687,1.45,15.5,5.6,96.08,66,70,PASS,,66,13.8,24.7
50kw,450,250,0.25,cold,PAR,PSM,10438,687,1.45,26.6,13.9,96.97,13,19,PASS,,14,23.8,42.6
50kw,450,250,0.25,room,PAR,PSM,10438,687,1.45,26.6,13.9,96.96,48,54,PASS,,49,23.8,42.6
50kw,450,250,0.25,hot,PAR,PSM,10438,687,1.45,26.6,13.9,96.96,68,74,PASS,,69,23.8,42.6
50kw,450,250,0.5,cold,PAR,PSM,20875,687,1.45,48.9,27.9,96.8,17,29,PASS,,20,43.7,78.2
50kw,450,250,0.5,room,PAR,PSM,20875,687,1.45,48.9,27.9,96.78,53,64,PASS,,55,43.7,78.2
50kw,450,250,0.5,hot,PAR,PSM,20875,687,1.45,48.9,27.9,96.78,73,85,PASS,,75,43.7,78.2
50kw,450,250,0.75,cold,PAR,PSM,31313,687,1.45,72,41.8,96.38,23,41,PASS,,28,64.3,115.3
50kw,450,250,0.75,room,PAR,PSM,31313,687,1.45,72,41.8,96.36,58,78,PASS,,63,64.3,115.3
50kw,450,250,0.75,hot,PAR,PSM,31313,687,1.45,72,41.8,96.35,79,98,PASS,,83,64.3,115.3
50kw,450,250,1,cold,PAR,PSM,41750,687,1.45,95.5,55.8,95.91,29,57,PASS,,38,85.2,152.7
50kw,450,250,1,room,PAR,PSM,41750,687,1.45,95.5,55.8,95.88,66,94,PASS,,73,85.2,152.7
50kw,450,250,1,hot,PAR,PSM,41750,687,1.45,95.5,55.8,95.87,86,116,PASS,,93,85.2,152.7
50kw,450,300,0,cold,PAR,IDLE,0,687,,0,0,,,,PASS,standby
50kw,450,300,0,room,PAR,IDLE,0,687,,0,0,,,,PASS,standby
50kw,450,300,0,hot,PAR,IDLE,0,687,,0,0,,,,PASS,standby
50kw,450,300,0.05,cold,PAR,PFM,2500,687,1.34,16.6,3.3,94.67,11,14,PASS,,11,12.1,23.4
50kw,450,300,0.05,room,PAR,PFM,2500,687,1.34,16.6,3.3,94.66,46,49,PASS,,46,12.1,23.4
50kw,450,300,0.05,hot,PAR,PFM,2500,687,1.34,16.6,3.3,94.66,66,70,PASS,,66,12.1,23.4
50kw,450,300,0.1,cold,PAR,PFM,5000,687,1.339,18.5,6.7,96.46,11,15,PASS,,11,13.5,26.2
50kw,450,300,0.1,room,PAR,PFM,5000,687,1.339,18.5,6.7,96.46,46,50,PASS,,46,13.5,26.2
50kw,450,300,0.1,hot,PAR,PFM,5000,687,1.339,18.5,6.7,96.46,66,70,PASS,,66,13.5,26.2
50kw,450,300,0.25,cold,PAR,PFM,12500,687,1.332,28.5,16.7,97.23,14,18,PASS,,14,20.7,40.3
50kw,450,300,0.25,room,PAR,PFM,12500,687,1.332,28.5,16.7,97.22,49,53,PASS,,49,20.7,40.3
50kw,450,300,0.25,hot,PAR,PFM,12500,687,1.332,28.5,16.7,97.22,69,74,PASS,,69,20.7,40.3
50kw,450,300,0.5,cold,PAR,PFM,25000,687,1.312,49.9,33.4,97.14,19,24,PASS,,20,29.2,57.8
50kw,450,300,0.5,room,PAR,PFM,25000,687,1.312,49.9,33.4,97.12,55,60,PASS,,55,29.2,57.8
50kw,450,300,0.5,hot,PAR,PFM,25000,687,1.312,49.9,33.4,97.11,75,80,PASS,,75,29.2,57.8
50kw,450,300,0.75,cold,PAR,PFM,37500,687,1.286,72.8,50.1,96.77,27,33,PASS,,28,38.9,78.7
50kw,450,300,0.75,room,PAR,PFM,37500,687,1.286,72.8,50.1,96.74,63,69,PASS,,63,38.9,78.7
50kw,450,300,0.75,hot,PAR,PFM,37500,687,1.286,72.8,50.1,96.73,83,90,PASS,,83,38.9,78.7
50kw,450,300,1,cold,PAR,PFM,50000,687,1.26,96,66.8,96.34,36,44,PASS,,38,48.9,100.7
50kw,450,300,1,room,PAR,PFM,50000,687,1.26,96,66.8,96.31,72,82,PASS,,73,48.9,100.7
50kw,450,300,1,hot,PAR,PFM,50000,687,1.26,96,66.8,96.29,94,104,PASS,,93,48.9,100.7
50kw,450,400,0,cold,PAR,IDLE,0,830,,0,0,,,,PASS,standby
50kw,450,400,0,room,PAR,IDLE,0,830,,0,0,,,,PASS,standby
50kw,450,400,0,hot,PAR,IDLE,0,830,,0,0,,,,PASS,standby
50kw,450,400,0.05,cold,PAR,PFM,2500,830,1.084,26.4,3.3,93.36,11,17,PASS,,11,18.8,37.4
50kw,450,400,0.05,room,PAR,PFM,2500,830,1.084,26.4,3.3,93.35,46,53,PASS,,46,18.8,37.4
50kw,450,400,0.05,hot,PAR,PFM,2500,830,1.084,26.4,3.3,93.35,66,73,PASS,,66,18.8,37.4
50kw,450,400,0.1,cold,PAR,PFM,5000,830,1.084,27.1,6.7,96,12,18,PASS,,11,19.3,38.4
50kw,450,400,0.1,room,PAR,PFM,5000,830,1.084,27.1,6.7,95.99,47,53,PASS,,46,19.3,38.4
50kw,450,400,0.1,hot,PAR,PFM,5000,830,1.084,27.1,6.7,95.99,67,73,PASS,,66,19.3,38.4
50kw,450,400,0.25,cold,PAR,PFM,12500,830,1.084,31.6,16.7,97.42,15,19,PASS,,13,22.5,44.7
50kw,450,400,0.25,room,PAR,PFM,12500,830,1.084,31.6,16.7,97.42,50,54,PASS,,48,22.5,44.7
50kw,450,400,0.25,hot,PAR,PFM,12500,830,1.084,31.6,16.7,97.41,70,75,PASS,,68,22.5,44.7
50kw,450,400,0.5,cold,PAR,PFM,25000,830,1.083,44.1,33.4,97.61,21,23,PASS,,17,28.8,57.1
50kw,450,400,0.5,room,PAR,PFM,25000,830,1.083,44.1,33.4,97.6,56,58,PASS,,52,28.8,57.1
50kw,450,400,0.5,hot,PAR,PFM,25000,830,1.083,44.1,33.4,97.59,76,79,PASS,,72,28.8,57.1
50kw,450,400,0.75,cold,PAR,PFM,37500,830,1.082,59.3,50.1,97.49,29,27,PASS,,22,30.8,61.2
50kw,450,400,0.75,room,PAR,PFM,37500,830,1.082,59.3,50.1,97.46,65,63,PASS,,57,30.8,61.2
50kw,450,400,0.75,hot,PAR,PFM,37500,830,1.082,59.3,50.1,97.45,85,83,PASS,,77,30.8,61.2
50kw,450,400,1,cold,PAR,PFM,50000,830,1.081,75.6,66.8,97.25,38,32,PASS,,28,33.4,66.4
50kw,450,400,1,room,PAR,PFM,50000,830,1.081,75.6,66.8,97.22,75,68,PASS,,63,33.4,66.4
50kw,450,400,1,hot,PAR,PFM,50000,830,1.081,75.6,66.8,97.2,96,89,PASS,,83,33.4,66.4
50kw,450,500,0,cold,PAR,IDLE,0,830,,0,0,,,,PASS,standby
50kw,450,500,0,room,PAR,IDLE,0,830,,0,0,,,,PASS,standby
50kw,450,500,0,hot,PAR,IDLE,0,830,,0,0,,,,PASS,standby
50kw,450,500,0.05,cold,PAR,PFM,2500,830,0.609,58.4,3.3,89.36,11,24,PASS,,10,23.3,82.5
50kw,450,500,0.05,room,PAR,PFM,2500,830,0.609,58.4,3.3,89.36,46,60,PASS,,45,23.3,82.5
50kw,450,500,0.05,hot,PAR,PFM,2500,830,0.609,58.4,3.3,89.36,66,80,PASS,,65,23.3,82.5
50kw,450,500,0.1,cold,PAR,PFM,5000,830,0.608,58.6,6.7,93.95,12,24,PASS,,11,23.4,82.8
50kw,450,500,0.1,room,PAR,PFM,5000,830,0.608,58.6,6.7,93.95,47,60,PASS,,46,23.4,82.8
50kw,450,500,0.1,hot,PAR,PFM,5000,830,0.608,58.6,6.7,93.95,67,80,PASS,,66,23.4,82.8
50kw,450,500,0.25,cold,PAR,PFM,12500,830,0.607,60.1,16.7,96.79,15,25,PASS,,12,24,85.1
50kw,450,500,0.25,room,PAR,PFM,12500,830,0.607,60.1,16.7,96.78,50,61,PASS,,47,24,85.1
50kw,450,500,0.25,hot,PAR,PFM,12500,830,0.607,60.1,16.7,96.77,70,81,PASS,,67,24,85.1
50kw,450,500,0.5,cold,PAR,PFM,25000,830,0.601,65.4,33.4,97.52,21,26,PASS,,15,25.9,92.6
50kw,450,500,0.5,room,PAR,PFM,25000,830,0.601,65.4,33.4,97.51,56,63,PASS,,50,25.9,92.6
50kw,450,500,0.5,hot,PAR,PFM,25000,830,0.601,65.4,33.4,97.5,76,83,PASS,,70,25.9,92.6
50kw,450,500,0.75,cold,PAR,PFM,37500,830,0.591,73.5,50.1,97.57,29,30,PASS,,19,28.6,104
50kw,450,500,0.75,room,PAR,PFM,37500,830,0.591,73.5,50.1,97.55,65,66,PASS,,54,28.6,104
50kw,450,500,0.75,hot,PAR,PFM,37500,830,0.591,73.5,50.1,97.54,85,87,PASS,,74,28.6,104
50kw,450,500,1,cold,PAR,PFM,50000,830,0.575,83.8,66.8,97.49,38,32,PASS,,23,26.6,99.5
50kw,450,500,1,room,PAR,PFM,50000,830,0.575,83.8,66.8,97.46,75,69,PASS,,58,26.6,99.5
50kw,450,500,1,hot,PAR,PFM,50000,830,0.575,83.8,66.8,97.44,96,90,PASS,,78,26.6,99.5
50kw,450,500,0,cold,SER,IDLE,0,687,,0,0,,,,PASS,standby
50kw,450,500,0,room,SER,IDLE,0,687,,0,0,,,,PASS,standby
50kw,450,500,0,hot,SER,IDLE,0,687,,0,0,,,,PASS,standby
50kw,450,500,0.05,cold,SER,PSM,2500,687,1.45,13.5,3.3,94.97,11,14,PASS,,11,12,21.6
50kw,450,500,0.05,room,SER,PSM,2500,687,1.45,13.5,3.3,94.97,46,49,PASS,,46,12,21.6
50kw,450,500,0.05,hot,SER,PSM,2500,687,1.45,13.5,3.3,94.97,66,69,PASS,,66,12,21.6
50kw,450,500,0.1,cold,SER,PSM,5000,687,1.45,16.7,6.7,96.58,11,15,PASS,,12,14.9,26.7
50kw,450,500,0.1,room,SER,PSM,5000,687,1.45,16.7,6.7,96.57,46,50,PASS,,47,14.9,26.7
50kw,450,500,0.1,hot,SER,PSM,5000,687,1.45,16.7,6.7,96.57,66,70,PASS,,67,14.9,26.7
50kw,450,500,0.25,cold,SER,PSM,12500,687,1.45,30.9,16.7,97.18,14,21,PASS,,15,27.6,49.4
50kw,450,500,0.25,room,SER,PSM,12500,687,1.45,30.9,16.7,97.17,49,56,PASS,,50,27.6,49.4
50kw,450,500,0.25,hot,SER,PSM,12500,687,1.45,30.9,16.7,97.17,69,76,PASS,,70,27.6,49.4
50kw,450,500,0.5,cold,SER,PSM,25000,687,1.45,58,33.4,96.84,19,33,PASS,,23,51.8,92.8
50kw,450,500,0.5,room,SER,PSM,25000,687,1.45,58,33.4,96.82,55,69,PASS,,58,51.8,92.8
50kw,450,500,0.5,hot,SER,PSM,25000,687,1.45,58,33.4,96.82,75,90,PASS,,78,51.8,92.8
50kw,450,500,0.75,cold,SER,PSM,37500,687,1.45,85.9,50.1,96.3,27,50,PASS,,34,76.7,137.5
50kw,450,500,0.75,room,SER,PSM,37500,687,1.45,85.9,50.1,96.27,63,87,PASS,,69,76.7,137.5
50kw,450,500,0.75,hot,SER,PSM,37500,687,1.45,85.9,50.1,96.26,83,108,PASS,,89,76.7,137.5
50kw,450,500,1,cold,SER,PSM,50000,687,1.45,114,66.8,95.71,36,72,PASS,,47,101.8,182.5
50kw,450,500,1,room,SER,PSM,50000,687,1.45,114,66.8,95.68,72,111,PASS,,82,101.8,182.5
50kw,450,500,1,hot,SER,PSM,50000,687,1.45,114,66.8,95.67,94,133,PASS,,102,101.8,182.5
50kw,450,750,0,cold,SER,IDLE,0,789,,0,0,,,,PASS,standby
50kw,450,750,0,room,SER,IDLE,0,789,,0,0,,,,PASS,standby
50kw,450,750,0,hot,SER,IDLE,0,789,,0,0,,,,PASS,standby
50kw,450,750,0.05,cold,SER,PFM,2500,789,1.119,24.1,3.3,93.87,11,17,PASS,,11,16.8,34
50kw,450,750,0.05,room,SER,PFM,2500,789,1.119,24.1,3.3,93.87,46,52,PASS,,46,16.8,34
50kw,450,750,0.05,hot,SER,PFM,2500,789,1.119,24.1,3.3,93.87,66,72,PASS,,66,16.8,34
50kw,450,750,0.1,cold,SER,PFM,5000,789,1.119,24.9,6.7,96.3,12,17,PASS,,11,17.5,35.3
50kw,450,750,0.1,room,SER,PFM,5000,789,1.119,24.9,6.7,96.29,47,52,PASS,,46,17.5,35.3
50kw,450,750,0.1,hot,SER,PFM,5000,789,1.119,24.9,6.7,96.29,67,72,PASS,,66,17.5,35.3
50kw,450,750,0.25,cold,SER,PFM,12500,789,1.118,30.4,16.7,97.56,14,19,PASS,,13,21.2,43
50kw,450,750,0.25,room,SER,PFM,12500,789,1.118,30.4,16.7,97.55,50,54,PASS,,48,21.2,43
50kw,450,750,0.25,hot,SER,PFM,12500,789,1.118,30.4,16.7,97.55,70,74,PASS,,68,21.2,43
50kw,450,750,0.5,cold,SER,PFM,25000,789,1.117,44.7,33.4,97.69,20,22,PASS,,18,26.9,54.5
50kw,450,750,0.5,room,SER,PFM,25000,789,1.117,44.7,33.4,97.68,56,58,PASS,,53,26.9,54.5
50kw,450,750,0.5,hot,SER,PFM,25000,789,1.117,44.7,33.4,97.67,76,78,PASS,,73,26.9,54.5
50kw,450,750,0.75,cold,SER,PFM,37500,789,1.115,61.5,50.1,97.51,28,27,PASS,,23,30.1,61
50kw,450,750,0.75,room,SER,PFM,37500,789,1.115,61.5,50.1,97.49,64,63,PASS,,58,30.1,61
50kw,450,750,0.75,hot,SER,PFM,37500,789,1.115,61.5,50.1,97.48,85,83,PASS,,78,30.1,61
50kw,450,750,1,cold,SER,PFM,50000,789,1.112,79.3,66.8,97.23,38,33,PASS,,30,33.9,69
50kw,450,750,1,room,SER,PFM,50000,789,1.112,79.3,66.8,97.2,74,70,PASS,,65,33.9,69
50kw,450,750,1,hot,SER,PFM,50000,789,1.112,79.3,66.8,97.18,96,91,PASS,,85,33.9,69
50kw,450,1000,0,cold,SER,IDLE,0,830,,0,0,,,,PASS,standby
50kw,450,1000,0,room,SER,IDLE,0,830,,0,0,,,,PASS,standby
50kw,450,1000,0,hot,SER,IDLE,0,830,,0,0,,,,PASS,standby
50kw,450,1000,0.05,cold,SER,PFM,2500,830,0.609,58.4,3.3,89.44,11,24,PASS,,10,23.3,82.5
50kw,450,1000,0.05,room,SER,PFM,2500,830,0.609,58.4,3.3,89.44,46,60,PASS,,45,23.3,82.5
50kw,450,1000,0.05,hot,SER,PFM,2500,830,0.609,58.4,3.3,89.44,66,80,PASS,,65,23.3,82.5
50kw,450,1000,0.1,cold,SER,PFM,5000,830,0.608,58.6,6.7,94.05,12,24,PASS,,11,23.4,82.8
50kw,450,1000,0.1,room,SER,PFM,5000,830,0.608,58.6,6.7,94.04,47,60,PASS,,46,23.4,82.8
50kw,450,1000,0.1,hot,SER,PFM,5000,830,0.608,58.6,6.7,94.04,67,80,PASS,,66,23.4,82.8
50kw,450,1000,0.25,cold,SER,PFM,12500,830,0.607,60.1,16.7,96.88,15,25,PASS,,12,24,85.1
50kw,450,1000,0.25,room,SER,PFM,12500,830,0.607,60.1,16.7,96.88,50,61,PASS,,47,24,85.1
50kw,450,1000,0.25,hot,SER,PFM,12500,830,0.607,60.1,16.7,96.87,70,81,PASS,,67,24,85.1
50kw,450,1000,0.5,cold,SER,PFM,25000,830,0.601,65.4,33.4,97.62,21,26,PASS,,15,25.9,92.6
50kw,450,1000,0.5,room,SER,PFM,25000,830,0.601,65.4,33.4,97.61,56,63,PASS,,50,25.9,92.6
50kw,450,1000,0.5,hot,SER,PFM,25000,830,0.601,65.4,33.4,97.6,76,83,PASS,,70,25.9,92.6
50kw,450,1000,0.75,cold,SER,PFM,37500,830,0.591,73.5,50.1,97.67,29,30,PASS,,19,28.6,104
50kw,450,1000,0.75,room,SER,PFM,37500,830,0.591,73.5,50.1,97.65,65,66,PASS,,54,28.6,104
50kw,450,1000,0.75,hot,SER,PFM,37500,830,0.591,73.5,50.1,97.64,85,87,PASS,,74,28.6,104
50kw,450,1000,1,cold,SER,PFM,50000,830,0.575,83.8,66.8,97.59,38,32,PASS,,23,26.6,99.5
50kw,450,1000,1,room,SER,PFM,50000,830,0.575,83.8,66.8,97.56,75,69,PASS,,58,26.6,99.5
50kw,450,1000,1,hot,SER,PFM,50000,830,0.575,83.8,66.8,97.54,96,90,PASS,,78,26.6,99.5
50kw,475,150,0,cold,PAR,IDLE,0,725,,0,0,,,,PASS,standby
50kw,475,150,0,room,PAR,IDLE,0,725,,0,0,,,,PASS,standby
50kw,475,150,0,hot,PAR,IDLE,0,725,,0,0,,,,PASS,standby
50kw,475,150,0.05,cold,PAR,PSM,1253,725,1.45,7.7,1.6,31.31,10,211,FAIL,LIMIT: TjLLC eta<88,10,7.2,12.3
50kw,475,150,0.05,room,PAR,PSM,1253,725,1.45,7.7,1.6,31.31,45,246,FAIL,LIMIT: TjLLC eta<88,45,7.2,12.3
50kw,475,150,0.05,hot,PAR,PSM,1253,725,1.45,7.7,1.6,31.31,65,266,FAIL,LIMIT: TjLLC eta<88,65,7.2,12.3
50kw,475,150,0.1,cold,PAR,PSM,2505,725,1.45,8.7,3.2,47.38,11,211,FAIL,LIMIT: TjLLC eta<88,11,8.2,13.8
50kw,475,150,0.1,room,PAR,PSM,2505,725,1.45,8.7,3.2,47.38,46,246,FAIL,LIMIT: TjLLC eta<88,46,8.2,13.8
50kw,475,150,0.1,hot,PAR,PSM,2505,725,1.45,8.7,3.2,47.38,66,266,FAIL,LIMIT: TjLLC eta<88,66,8.2,13.8
50kw,475,150,0.25,cold,PAR,PSM,6263,725,1.45,13.6,7.9,68.28,12,211,FAIL,LIMIT: TjLLC eta<88,12,12.8,21.8
50kw,475,150,0.25,room,PAR,PSM,6263,725,1.45,13.6,7.9,68.27,47,246,FAIL,LIMIT: TjLLC eta<88,47,12.8,21.8
50kw,475,150,0.25,hot,PAR,PSM,6263,725,1.45,13.6,7.9,68.27,67,266,FAIL,LIMIT: TjLLC eta<88,67,12.8,21.8
50kw,475,150,0.5,cold,PAR,PSM,12525,725,1.45,24.1,15.9,79.74,14,213,FAIL,LIMIT: TjLLC eta<88,14,22.7,38.5
50kw,475,150,0.5,room,PAR,PSM,12525,725,1.45,24.1,15.9,79.74,49,248,FAIL,LIMIT: TjLLC eta<88,49,22.7,38.5
50kw,475,150,0.5,hot,PAR,PSM,12525,725,1.45,24.1,15.9,79.73,69,268,FAIL,LIMIT: TjLLC eta<88,69,22.7,38.5
50kw,475,150,0.75,cold,PAR,PSM,18788,725,1.45,35.1,23.8,84.23,16,215,FAIL,LIMIT: TjLLC eta<88,17,33.1,56.2
50kw,475,150,0.75,room,PAR,PSM,18788,725,1.45,35.1,23.8,84.21,52,250,FAIL,LIMIT: TjLLC eta<88,52,33.1,56.2
50kw,475,150,0.75,hot,PAR,PSM,18788,725,1.45,35.1,23.8,84.2,72,270,FAIL,LIMIT: TjLLC eta<88,72,33.1,56.2
50kw,475,150,1,cold,PAR,PSM,25050,725,1.45,46.4,31.7,86.48,19,218,FAIL,LIMIT: TjLLC eta<88,20,43.7,74.2
50kw,475,150,1,room,PAR,PSM,25050,725,1.45,46.4,31.7,86.46,54,253,FAIL,LIMIT: TjLLC eta<88,55,43.7,74.2
50kw,475,150,1,hot,PAR,PSM,25050,725,1.45,46.4,31.7,86.45,75,274,FAIL,LIMIT: TjLLC eta<88,75,43.7,74.2
50kw,475,200,0,cold,PAR,IDLE,0,725,,0,0,,,,PASS,standby
50kw,475,200,0,room,PAR,IDLE,0,725,,0,0,,,,PASS,standby
50kw,475,200,0,hot,PAR,IDLE,0,725,,0,0,,,,PASS,standby
50kw,475,200,0.05,cold,PAR,PSM,1670,725,1.45,10.9,2.1,85.63,10,36,PASS,,11,10.2,17.4
50kw,475,200,0.05,room,PAR,PSM,1670,725,1.45,10.9,2.1,85.63,45,71,PASS,,46,10.2,17.4
50kw,475,200,0.05,hot,PAR,PSM,1670,725,1.45,10.9,2.1,85.63,65,91,PASS,,66,10.2,17.4
50kw,475,200,0.1,cold,PAR,PSM,3340,725,1.45,13.6,4.2,91.27,11,36,PASS,,11,12.8,21.8
50kw,475,200,0.1,room,PAR,PSM,3340,725,1.45,13.6,4.2,91.27,46,71,PASS,,46,12.8,21.8
50kw,475,200,0.1,hot,PAR,PSM,3340,725,1.45,13.6,4.2,91.27,66,91,PASS,,66,12.8,21.8
50kw,475,200,0.25,cold,PAR,PSM,8350,725,1.45,25.6,10.6,94.66,12,37,PASS,,14,24.1,41
50kw,475,200,0.25,room,PAR,PSM,8350,725,1.45,25.6,10.6,94.66,47,72,PASS,,49,24.1,41
50kw,475,200,0.25,hot,PAR,PSM,8350,725,1.45,25.6,10.6,94.65,67,92,PASS,,69,24.1,41
50kw,475,200,0.5,cold,PAR,PSM,16700,725,1.45,48.3,21.1,95.34,15,40,PASS,,20,45.6,77.3
50kw,475,200,0.5,room,PAR,PSM,16700,725,1.45,48.3,21.1,95.33,51,76,PASS,,55,45.6,77.3
50kw,475,200,0.5,hot,PAR,PSM,16700,725,1.45,48.3,21.1,95.32,71,96,PASS,,75,45.6,77.3
50kw,475,200,0.75,cold,PAR,PSM,25050,725,1.45,71.7,31.7,95.17,19,46,PASS,,28,67.6,114.7
50kw,475,200,0.75,room,PAR,PSM,25050,725,1.45,71.7,31.7,95.15,54,83,PASS,,63,67.6,114.7
50kw,475,200,0.75,hot,PAR,PSM,25050,725,1.45,71.7,31.7,95.15,75,103,PASS,,83,67.6,114.7
50kw,475,200,1,cold,PAR,PSM,33400,725,1.45,95.2,42.3,94.79,23,58,PASS,,38,89.7,152.3
50kw,475,200,1,room,PAR,PSM,33400,725,1.45,95.2,42.3,94.77,59,96,PASS,,73,89.7,152.3
50kw,475,200,1,hot,PAR,PSM,33400,725,1.45,95.2,42.3,94.76,80,117,PASS,,93,89.7,152.3
50kw,475,250,0,cold,PAR,IDLE,0,725,,0,0,,,,PASS,standby
50kw,475,250,0,room,PAR,IDLE,0,725,,0,0,,,,PASS,standby
50kw,475,250,0,hot,PAR,IDLE,0,725,,0,0,,,,PASS,standby
50kw,475,250,0.05,cold,PAR,PSM,2088,725,1.45,13.1,2.6,89.8,11,27,PASS,,11,12.4,21
50kw,475,250,0.05,room,PAR,PSM,2088,725,1.45,13.1,2.6,89.79,46,62,PASS,,46,12.4,21
50kw,475,250,0.05,hot,PAR,PSM,2088,725,1.45,13.1,2.6,89.79,66,82,PASS,,66,12.4,21
50kw,475,250,0.1,cold,PAR,PSM,4175,725,1.45,15.5,5.3,93.78,11,27,PASS,,11,14.6,24.7
50kw,475,250,0.1,room,PAR,PSM,4175,725,1.45,15.5,5.3,93.78,46,62,PASS,,46,14.6,24.7
50kw,475,250,0.1,hot,PAR,PSM,4175,725,1.45,15.5,5.3,93.78,66,83,PASS,,66,14.6,24.7
50kw,475,250,0.25,cold,PAR,PSM,10438,725,1.45,26.6,13.2,96.01,13,28,PASS,,14,25.1,42.6
50kw,475,250,0.25,room,PAR,PSM,10438,725,1.45,26.6,13.2,96.01,48,64,PASS,,49,25.1,42.6
50kw,475,250,0.25,hot,PAR,PSM,10438,725,1.45,26.6,13.2,96,68,84,PASS,,69,25.1,42.6
50kw,475,250,0.5,cold,PAR,PSM,20875,725,1.45,48.9,26.4,96.33,17,32,PASS,,20,46.1,78.2
50kw,475,250,0.5,room,PAR,PSM,20875,725,1.45,48.9,26.4,96.31,52,67,PASS,,55,46.1,78.2
50kw,475,250,0.5,hot,PAR,PSM,20875,725,1.45,48.9,26.4,96.31,73,88,PASS,,75,46.1,78.2
50kw,475,250,0.75,cold,PAR,PSM,31313,725,1.45,72,39.6,96.08,22,42,PASS,,28,67.9,115.3
50kw,475,250,0.75,room,PAR,PSM,31313,725,1.45,72,39.6,96.06,58,79,PASS,,63,67.9,115.3
50kw,475,250,0.75,hot,PAR,PSM,31313,725,1.45,72,39.6,96.05,78,100,PASS,,83,67.9,115.3
50kw,475,250,1,cold,PAR,PSM,41750,725,1.45,95.5,52.8,95.7,28,59,PASS,,38,90,152.7
50kw,475,250,1,room,PAR,PSM,41750,725,1.45,95.5,52.8,95.68,65,96,PASS,,73,90,152.7
50kw,475,250,1,hot,PAR,PSM,41750,725,1.45,95.5,52.8,95.66,85,118,PASS,,93,90,152.7
50kw,475,300,0,cold,PAR,IDLE,0,725,,0,0,,,,PASS,standby
50kw,475,300,0,room,PAR,IDLE,0,725,,0,0,,,,PASS,standby
50kw,475,300,0,hot,PAR,IDLE,0,725,,0,0,,,,PASS,standby
50kw,475,300,0.05,cold,PAR,PSM,2500,725,1.45,15.4,3.2,90.94,11,27,PASS,,11,14.5,24.7
50kw,475,300,0.05,room,PAR,PSM,2500,725,1.45,15.4,3.2,90.94,46,62,PASS,,46,14.5,24.7
50kw,475,300,0.05,hot,PAR,PSM,2500,725,1.45,15.4,3.2,90.94,66,83,PASS,,66,14.5,24.7
50kw,475,300,0.1,cold,PAR,PSM,5000,725,1.45,17.5,6.3,94.53,11,28,PASS,,11,16.5,27.9
50kw,475,300,0.1,room,PAR,PSM,5000,725,1.45,17.5,6.3,94.52,46,63,PASS,,46,16.5,27.9
50kw,475,300,0.1,hot,PAR,PSM,5000,725,1.45,17.5,6.3,94.52,66,83,PASS,,66,16.5,27.9
50kw,475,300,0.25,cold,PAR,PSM,12500,725,1.45,27.8,15.8,96.51,14,28,PASS,,14,26.2,44.5
50kw,475,300,0.25,room,PAR,PSM,12500,725,1.45,27.8,15.8,96.51,49,64,PASS,,49,26.2,44.5
50kw,475,300,0.25,hot,PAR,PSM,12500,725,1.45,27.8,15.8,96.5,69,84,PASS,,69,26.2,44.5
50kw,475,300,0.5,cold,PAR,PFM,25000,725,1.439,49.5,31.6,97.06,19,26,PASS,,20,36.5,62.4
50kw,475,300,0.5,room,PAR,PFM,25000,725,1.439,49.5,31.6,97.05,54,62,PASS,,55,36.5,62.4
50kw,475,300,0.5,hot,PAR,PFM,25000,725,1.439,49.5,31.6,97.04,75,82,PASS,,75,36.5,62.4
50kw,475,300,0.75,cold,PAR,PFM,37500,725,1.395,72.5,47.5,96.71,26,36,PASS,,28,49.6,87.5
50kw,475,300,0.75,room,PAR,PFM,37500,725,1.395,72.5,47.5,96.68,62,73,PASS,,63,49.6,87.5
50kw,475,300,0.75,hot,PAR,PFM,37500,725,1.395,72.5,47.5,96.67,82,94,PASS,,83,49.6,87.5
50kw,475,300,1,cold,PAR,PFM,50000,725,1.353,95.8,63.3,96.29,34,49,PASS,,38,62.5,113.7
50kw,475,300,1,room,PAR,PFM,50000,725,1.353,95.8,63.3,96.27,71,87,PASS,,73,62.5,113.7
50kw,475,300,1,hot,PAR,PFM,50000,725,1.353,95.8,63.3,96.25,92,108,PASS,,93,62.5,113.7
50kw,475,400,0,cold,PAR,IDLE,0,830,,0,0,,,,PASS,standby
50kw,475,400,0,room,PAR,IDLE,0,830,,0,0,,,,PASS,standby
50kw,475,400,0,hot,PAR,IDLE,0,830,,0,0,,,,PASS,standby
50kw,475,400,0.05,cold,PAR,PFM,2500,830,1.084,26.4,3.2,93.36,11,17,PASS,,11,18.8,37.4
50kw,475,400,0.05,room,PAR,PFM,2500,830,1.084,26.4,3.2,93.36,46,53,PASS,,46,18.8,37.4
50kw,475,400,0.05,hot,PAR,PFM,2500,830,1.084,26.4,3.2,93.36,66,73,PASS,,66,18.8,37.4
50kw,475,400,0.1,cold,PAR,PFM,5000,830,1.084,27.1,6.3,96.01,12,18,PASS,,11,19.3,38.4
50kw,475,400,0.1,room,PAR,PFM,5000,830,1.084,27.1,6.3,96,47,53,PASS,,46,19.3,38.4
50kw,475,400,0.1,hot,PAR,PFM,5000,830,1.084,27.1,6.3,96,67,73,PASS,,66,19.3,38.4
50kw,475,400,0.25,cold,PAR,PFM,12500,830,1.084,31.6,15.8,97.44,14,19,PASS,,13,22.5,44.7
50kw,475,400,0.25,room,PAR,PFM,12500,830,1.084,31.6,15.8,97.43,49,54,PASS,,48,22.5,44.7
50kw,475,400,0.25,hot,PAR,PFM,12500,830,1.084,31.6,15.8,97.43,69,75,PASS,,68,22.5,44.7
50kw,475,400,0.5,cold,PAR,PFM,25000,830,1.083,44.1,31.6,97.64,20,23,PASS,,17,28.8,57.1
50kw,475,400,0.5,room,PAR,PFM,25000,830,1.083,44.1,31.6,97.63,55,58,PASS,,52,28.8,57.1
50kw,475,400,0.5,hot,PAR,PFM,25000,830,1.083,44.1,31.6,97.62,76,79,PASS,,72,28.8,57.1
50kw,475,400,0.75,cold,PAR,PFM,37500,830,1.082,59.3,47.5,97.53,27,27,PASS,,22,30.8,61.2
50kw,475,400,0.75,room,PAR,PFM,37500,830,1.082,59.3,47.5,97.51,63,63,PASS,,57,30.8,61.2
50kw,475,400,0.75,hot,PAR,PFM,37500,830,1.082,59.3,47.5,97.5,84,83,PASS,,77,30.8,61.2
50kw,475,400,1,cold,PAR,PFM,50000,830,1.081,75.6,63.3,97.31,36,32,PASS,,28,33.4,66.4
50kw,475,400,1,room,PAR,PFM,50000,830,1.081,75.6,63.3,97.28,73,68,PASS,,63,33.4,66.4
50kw,475,400,1,hot,PAR,PFM,50000,830,1.081,75.6,63.3,97.26,94,89,PASS,,83,33.4,66.4
50kw,475,500,0,cold,PAR,IDLE,0,830,,0,0,,,,PASS,standby
50kw,475,500,0,room,PAR,IDLE,0,830,,0,0,,,,PASS,standby
50kw,475,500,0,hot,PAR,IDLE,0,830,,0,0,,,,PASS,standby
50kw,475,500,0.05,cold,PAR,PFM,2500,830,0.609,58.4,3.2,89.36,11,24,PASS,,10,23.3,82.5
50kw,475,500,0.05,room,PAR,PFM,2500,830,0.609,58.4,3.2,89.36,46,60,PASS,,45,23.3,82.5
50kw,475,500,0.05,hot,PAR,PFM,2500,830,0.609,58.4,3.2,89.36,66,80,PASS,,65,23.3,82.5
50kw,475,500,0.1,cold,PAR,PFM,5000,830,0.608,58.6,6.3,93.96,12,24,PASS,,11,23.4,82.8
50kw,475,500,0.1,room,PAR,PFM,5000,830,0.608,58.6,6.3,93.96,47,60,PASS,,46,23.4,82.8
50kw,475,500,0.1,hot,PAR,PFM,5000,830,0.608,58.6,6.3,93.96,67,80,PASS,,66,23.4,82.8
50kw,475,500,0.25,cold,PAR,PFM,12500,830,0.607,60.1,15.8,96.8,14,25,PASS,,12,24,85.1
50kw,475,500,0.25,room,PAR,PFM,12500,830,0.607,60.1,15.8,96.8,49,61,PASS,,47,24,85.1
50kw,475,500,0.25,hot,PAR,PFM,12500,830,0.607,60.1,15.8,96.79,69,81,PASS,,67,24,85.1
50kw,475,500,0.5,cold,PAR,PFM,25000,830,0.601,65.4,31.6,97.55,20,26,PASS,,15,25.9,92.6
50kw,475,500,0.5,room,PAR,PFM,25000,830,0.601,65.4,31.6,97.54,55,63,PASS,,50,25.9,92.6
50kw,475,500,0.5,hot,PAR,PFM,25000,830,0.601,65.4,31.6,97.53,76,83,PASS,,70,25.9,92.6
50kw,475,500,0.75,cold,PAR,PFM,37500,830,0.591,73.5,47.5,97.62,27,30,PASS,,19,28.6,104
50kw,475,500,0.75,room,PAR,PFM,37500,830,0.591,73.5,47.5,97.6,63,66,PASS,,54,28.6,104
50kw,475,500,0.75,hot,PAR,PFM,37500,830,0.591,73.5,47.5,97.59,84,87,PASS,,74,28.6,104
50kw,475,500,1,cold,PAR,PFM,50000,830,0.575,83.8,63.3,97.55,36,32,PASS,,23,26.6,99.5
50kw,475,500,1,room,PAR,PFM,50000,830,0.575,83.8,63.3,97.52,73,69,PASS,,58,26.6,99.5
50kw,475,500,1,hot,PAR,PFM,50000,830,0.575,83.8,63.3,97.5,94,90,PASS,,78,26.6,99.5
50kw,475,500,0,cold,SER,IDLE,0,725,,0,0,,,,PASS,standby
50kw,475,500,0,room,SER,IDLE,0,725,,0,0,,,,PASS,standby
50kw,475,500,0,hot,SER,IDLE,0,725,,0,0,,,,PASS,standby
50kw,475,500,0.05,cold,SER,PSM,2500,725,1.45,13.5,3.2,91.27,11,27,PASS,,11,12.7,21.6
50kw,475,500,0.05,room,SER,PSM,2500,725,1.45,13.5,3.2,91.27,46,62,PASS,,46,12.7,21.6
50kw,475,500,0.05,hot,SER,PSM,2500,725,1.45,13.5,3.2,91.26,66,82,PASS,,66,12.7,21.6
50kw,475,500,0.1,cold,SER,PSM,5000,725,1.45,16.7,6.3,94.62,11,28,PASS,,12,15.7,26.7
50kw,475,500,0.1,room,SER,PSM,5000,725,1.45,16.7,6.3,94.62,46,63,PASS,,47,15.7,26.7
50kw,475,500,0.1,hot,SER,PSM,5000,725,1.45,16.7,6.3,94.62,66,83,PASS,,67,15.7,26.7
50kw,475,500,0.25,cold,SER,PSM,12500,725,1.45,30.9,15.8,96.38,14,29,PASS,,15,29.1,49.4
50kw,475,500,0.25,room,SER,PSM,12500,725,1.45,30.9,15.8,96.37,49,64,PASS,,50,29.1,49.4
50kw,475,500,0.25,hot,SER,PSM,12500,725,1.45,30.9,15.8,96.37,69,84,PASS,,70,29.1,49.4
50kw,475,500,0.5,cold,SER,PSM,25000,725,1.45,58,31.6,96.45,19,34,PASS,,23,54.7,92.8
50kw,475,500,0.5,room,SER,PSM,25000,725,1.45,58,31.6,96.44,54,70,PASS,,58,54.7,92.8
50kw,475,500,0.5,hot,SER,PSM,25000,725,1.45,58,31.6,96.43,75,91,PASS,,78,54.7,92.8
50kw,475,500,0.75,cold,SER,PSM,37500,725,1.45,85.9,47.5,96.06,26,52,PASS,,34,81,137.5
50kw,475,500,0.75,room,SER,PSM,37500,725,1.45,85.9,47.5,96.04,62,89,PASS,,69,81,137.5
50kw,475,500,0.75,hot,SER,PSM,37500,725,1.45,85.9,47.5,96.02,82,110,PASS,,89,81,137.5
50kw,475,500,1,cold,SER,PSM,50000,725,1.45,114,63.3,95.55,34,74,PASS,,47,107.5,182.5
50kw,475,500,1,room,SER,PSM,50000,725,1.45,114,63.3,95.53,71,113,PASS,,82,107.5,182.5
50kw,475,500,1,hot,SER,PSM,50000,725,1.45,114,63.3,95.51,92,135,PASS,,102,107.5,182.5
50kw,475,750,0,cold,SER,IDLE,0,789,,0,0,,,,PASS,standby
50kw,475,750,0,room,SER,IDLE,0,789,,0,0,,,,PASS,standby
50kw,475,750,0,hot,SER,IDLE,0,789,,0,0,,,,PASS,standby
50kw,475,750,0.05,cold,SER,PFM,2500,789,1.119,24.1,3.2,93.88,11,17,PASS,,11,16.8,34
50kw,475,750,0.05,room,SER,PFM,2500,789,1.119,24.1,3.2,93.88,46,52,PASS,,46,16.8,34
50kw,475,750,0.05,hot,SER,PFM,2500,789,1.119,24.1,3.2,93.88,66,72,PASS,,66,16.8,34
50kw,475,750,0.1,cold,SER,PFM,5000,789,1.119,24.9,6.3,96.31,11,17,PASS,,11,17.5,35.3
50kw,475,750,0.1,room,SER,PFM,5000,789,1.119,24.9,6.3,96.3,47,52,PASS,,46,17.5,35.3
50kw,475,750,0.1,hot,SER,PFM,5000,789,1.119,24.9,6.3,96.3,67,72,PASS,,66,17.5,35.3
50kw,475,750,0.25,cold,SER,PFM,12500,789,1.118,30.4,15.8,97.58,14,19,PASS,,13,21.2,43
50kw,475,750,0.25,room,SER,PFM,12500,789,1.118,30.4,15.8,97.57,49,54,PASS,,48,21.2,43
50kw,475,750,0.25,hot,SER,PFM,12500,789,1.118,30.4,15.8,97.57,69,74,PASS,,68,21.2,43
50kw,475,750,0.5,cold,SER,PFM,25000,789,1.117,44.7,31.6,97.72,20,22,PASS,,18,26.9,54.5
50kw,475,750,0.5,room,SER,PFM,25000,789,1.117,44.7,31.6,97.71,55,58,PASS,,53,26.9,54.5
50kw,475,750,0.5,hot,SER,PFM,25000,789,1.117,44.7,31.6,97.7,75,78,PASS,,73,26.9,54.5
50kw,475,750,0.75,cold,SER,PFM,37500,789,1.115,61.5,47.5,97.56,27,27,PASS,,23,30.1,61
50kw,475,750,0.75,room,SER,PFM,37500,789,1.115,61.5,47.5,97.54,63,63,PASS,,58,30.1,61
50kw,475,750,0.75,hot,SER,PFM,37500,789,1.115,61.5,47.5,97.52,83,83,PASS,,78,30.1,61
50kw,475,750,1,cold,SER,PFM,50000,789,1.112,79.3,63.3,97.29,35,33,PASS,,30,33.9,69
50kw,475,750,1,room,SER,PFM,50000,789,1.112,79.3,63.3,97.26,72,70,PASS,,65,33.9,69
50kw,475,750,1,hot,SER,PFM,50000,789,1.112,79.3,63.3,97.25,93,91,PASS,,85,33.9,69
50kw,475,1000,0,cold,SER,IDLE,0,830,,0,0,,,,PASS,standby
50kw,475,1000,0,room,SER,IDLE,0,830,,0,0,,,,PASS,standby
50kw,475,1000,0,hot,SER,IDLE,0,830,,0,0,,,,PASS,standby
50kw,475,1000,0.05,cold,SER,PFM,2500,830,0.609,58.4,3.2,89.45,11,24,PASS,,10,23.3,82.5
50kw,475,1000,0.05,room,SER,PFM,2500,830,0.609,58.4,3.2,89.45,46,60,PASS,,45,23.3,82.5
50kw,475,1000,0.05,hot,SER,PFM,2500,830,0.609,58.4,3.2,89.45,66,80,PASS,,65,23.3,82.5
50kw,475,1000,0.1,cold,SER,PFM,5000,830,0.608,58.6,6.3,94.05,12,24,PASS,,11,23.4,82.8
50kw,475,1000,0.1,room,SER,PFM,5000,830,0.608,58.6,6.3,94.05,47,60,PASS,,46,23.4,82.8
50kw,475,1000,0.1,hot,SER,PFM,5000,830,0.608,58.6,6.3,94.05,67,80,PASS,,66,23.4,82.8
50kw,475,1000,0.25,cold,SER,PFM,12500,830,0.607,60.1,15.8,96.9,14,25,PASS,,12,24,85.1
50kw,475,1000,0.25,room,SER,PFM,12500,830,0.607,60.1,15.8,96.89,49,61,PASS,,47,24,85.1
50kw,475,1000,0.25,hot,SER,PFM,12500,830,0.607,60.1,15.8,96.89,69,81,PASS,,67,24,85.1
50kw,475,1000,0.5,cold,SER,PFM,25000,830,0.601,65.4,31.6,97.65,20,26,PASS,,15,25.9,92.6
50kw,475,1000,0.5,room,SER,PFM,25000,830,0.601,65.4,31.6,97.64,55,63,PASS,,50,25.9,92.6
50kw,475,1000,0.5,hot,SER,PFM,25000,830,0.601,65.4,31.6,97.63,76,83,PASS,,70,25.9,92.6
50kw,475,1000,0.75,cold,SER,PFM,37500,830,0.591,73.5,47.5,97.72,27,30,PASS,,19,28.6,104
50kw,475,1000,0.75,room,SER,PFM,37500,830,0.591,73.5,47.5,97.7,63,66,PASS,,54,28.6,104
50kw,475,1000,0.75,hot,SER,PFM,37500,830,0.591,73.5,47.5,97.69,84,87,PASS,,74,28.6,104
50kw,475,1000,1,cold,SER,PFM,50000,830,0.575,83.8,63.3,97.65,36,32,PASS,,23,26.6,99.5
50kw,475,1000,1,room,SER,PFM,50000,830,0.575,83.8,63.3,97.62,73,69,PASS,,58,26.6,99.5
50kw,475,1000,1,hot,SER,PFM,50000,830,0.575,83.8,63.3,97.6,94,90,PASS,,78,26.6,99.5
50kwa,285,150,0,cold,PAR,IDLE,0,650,,0,0,,,,PASS,standby
50kwa,285,150,0,room,PAR,IDLE,0,650,,0,0,,,,PASS,standby
50kwa,285,150,0,hot,PAR,IDLE,0,650,,0,0,,,,PASS,standby
50kwa,285,150,0.05,cold,PAR,PSM,1253,650,1.45,7.7,2.6,35.48,11,212,FAIL,LIMIT: TjLLC eta<88,10,6.5,12.3
50kwa,285,150,0.05,room,PAR,PSM,1253,650,1.45,7.7,2.6,35.48,46,247,FAIL,LIMIT: TjLLC eta<88,45,6.5,12.3
50kwa,285,150,0.05,hot,PAR,PSM,1253,650,1.45,7.7,2.6,35.48,78,279,FAIL,LIMIT: TjLLC eta<88,77,6.5,12.3
50kwa,285,150,0.1,cold,PAR,PSM,2505,650,1.45,8.7,5.3,51.98,11,212,FAIL,LIMIT: TjLLC eta<88,11,7.3,13.8
50kwa,285,150,0.1,room,PAR,PSM,2505,650,1.45,8.7,5.3,51.98,46,247,FAIL,LIMIT: TjLLC eta<88,46,7.3,13.8
50kwa,285,150,0.1,hot,PAR,PSM,2505,650,1.45,8.7,5.3,51.97,78,279,FAIL,LIMIT: TjLLC eta<88,78,7.3,13.8
50kwa,285,150,0.25,cold,PAR,PSM,6263,650,1.45,13.6,13.2,71.84,13,213,FAIL,LIMIT: TjLLC eta<88,12,11.5,21.8
50kwa,285,150,0.25,room,PAR,PSM,6263,650,1.45,13.6,13.2,71.83,49,248,FAIL,LIMIT: TjLLC eta<88,47,11.5,21.8
50kwa,285,150,0.25,hot,PAR,PSM,6263,650,1.45,13.6,13.2,71.82,81,280,FAIL,LIMIT: TjLLC eta<88,79,11.5,21.8
50kwa,285,150,0.5,cold,PAR,PSM,12525,650,1.45,24.1,26.4,81.89,18,214,FAIL,LIMIT: TjLLC eta<88,15,20.3,38.5
50kwa,285,150,0.5,room,PAR,PSM,12525,650,1.45,24.1,26.4,81.86,54,250,FAIL,LIMIT: TjLLC eta<88,50,20.3,38.5
50kwa,285,150,0.5,hot,PAR,PSM,12525,650,1.45,24.1,26.4,81.84,86,282,FAIL,LIMIT: TjLLC eta<88,82,20.3,38.5
50kwa,285,150,0.75,cold,PAR,PSM,18788,650,1.45,35.1,39.6,85.54,24,217,FAIL,LIMIT: TjLLC eta<88,18,29.7,56.2
50kwa,285,150,0.75,room,PAR,PSM,18788,650,1.45,35.1,39.6,85.49,60,252,FAIL,LIMIT: TjLLC eta<88,53,29.7,56.2
50kwa,285,150,0.75,hot,PAR,PSM,18788,650,1.45,35.1,39.6,85.45,93,285,FAIL,LIMIT: TjLLC eta<88,85,29.7,56.2
50kwa,285,150,1,cold,PAR,PSM,25050,650,1.45,46.4,52.8,87.2,32,221,FAIL,LIMIT: TjLLC eta<88,22,39.2,74.2
50kwa,285,150,1,room,PAR,PSM,25050,650,1.45,46.4,52.8,87.14,68,257,FAIL,LIMIT: TjLLC eta<88,57,39.2,74.2
50kwa,285,150,1,hot,PAR,PSM,25050,650,1.45,46.4,52.8,87.08,101,289,FAIL,LIMIT: TjLLC eta<88,89,39.2,74.2
50kwa,285,200,0,cold,PAR,IDLE,0,650,,0,0,,,,PASS,standby
50kwa,285,200,0,room,PAR,IDLE,0,650,,0,0,,,,PASS,standby
50kwa,285,200,0,hot,PAR,IDLE,0,650,,0,0,,,,PASS,standby
50kwa,285,200,0.05,cold,PAR,PSM,1670,650,1.45,10.9,3.5,87,11,36,PASS,,11,9.2,17.4
50kwa,285,200,0.05,room,PAR,PSM,1670,650,1.45,10.9,3.5,87,46,71,PASS,,46,9.2,17.4
50kwa,285,200,0.05,hot,PAR,PSM,1670,650,1.45,10.9,3.5,87,78,104,PASS,,78,9.2,17.4
50kwa,285,200,0.1,cold,PAR,PSM,3340,650,1.45,13.6,7,92.01,12,37,PASS,,12,11.5,21.8
50kwa,285,200,0.1,room,PAR,PSM,3340,650,1.45,13.6,7,92.01,47,72,PASS,,47,11.5,21.8
50kwa,285,200,0.1,hot,PAR,PSM,3340,650,1.45,13.6,7,92,79,104,PASS,,79,11.5,21.8
50kwa,285,200,0.25,cold,PAR,PSM,8350,650,1.45,25.6,17.6,94.87,15,38,PASS,,15,21.6,41
50kwa,285,200,0.25,room,PAR,PSM,8350,650,1.45,25.6,17.6,94.86,50,73,PASS,,50,21.6,41
50kwa,285,200,0.25,hot,PAR,PSM,8350,650,1.45,25.6,17.6,94.85,82,105,PASS,,82,21.6,41
50kwa,285,200,0.5,cold,PAR,PSM,16700,650,1.45,48.3,35.2,95.25,22,42,PASS,,23,40.8,77.3
50kwa,285,200,0.5,room,PAR,PSM,16700,650,1.45,48.3,35.2,95.23,58,78,PASS,,58,40.8,77.3
50kwa,285,200,0.5,hot,PAR,PSM,16700,650,1.45,48.3,35.2,95.21,90,110,PASS,,90,40.8,77.3
50kwa,285,200,0.75,cold,PAR,PSM,25050,650,1.45,71.7,52.8,94.89,32,49,PASS,,33,60.5,114.7
50kwa,285,200,0.75,room,PAR,PSM,25050,650,1.45,71.7,52.8,94.86,68,86,PASS,,68,60.5,114.7
50kwa,285,200,0.75,hot,PAR,PSM,25050,650,1.45,71.7,52.8,94.82,101,119,PASS,,100,60.5,114.7
50kwa,285,200,1,cold,PAR,PSM,33400,650,1.45,95.2,70.5,94.35,44,66,PASS,,45,80.4,152.3
50kwa,285,200,1,room,PAR,PSM,33400,650,1.45,95.2,70.5,94.3,81,105,PASS,,80,80.4,152.3
50kwa,285,200,1,hot,PAR,PSM,33400,650,1.45,95.2,70.5,94.25,116,140,PASS,,112,80.4,152.3
50kwa,285,250,0,cold,PAR,IDLE,0,650,,0,0,,,,PASS,standby
50kwa,285,250,0,room,PAR,IDLE,0,650,,0,0,,,,PASS,standby
50kwa,285,250,0,hot,PAR,IDLE,0,650,,0,0,,,,PASS,standby
50kwa,285,250,0.05,cold,PAR,PSM,2088,650,1.45,13.1,4.4,94.16,11,15,PASS,,11,11.1,21
50kwa,285,250,0.05,room,PAR,PSM,2088,650,1.45,13.1,4.4,94.16,46,50,PASS,,46,11.1,21
50kwa,285,250,0.05,hot,PAR,PSM,2088,650,1.45,13.1,4.4,94.16,78,82,PASS,,78,11.1,21
50kwa,285,250,0.1,cold,PAR,PSM,4175,650,1.45,15.5,8.8,96.05,12,16,PASS,,12,13.1,24.7
50kwa,285,250,0.1,room,PAR,PSM,4175,650,1.45,15.5,8.8,96.04,47,51,PASS,,47,13.1,24.7
50kwa,285,250,0.1,hot,PAR,PSM,4175,650,1.45,15.5,8.8,96.04,79,83,PASS,,79,13.1,24.7
50kwa,285,250,0.25,cold,PAR,PSM,10438,650,1.45,26.6,22,96.81,16,21,PASS,,15,22.5,42.6
50kwa,285,250,0.25,room,PAR,PSM,10438,650,1.45,26.6,22,96.79,52,56,PASS,,50,22.5,42.6
50kwa,285,250,0.25,hot,PAR,PSM,10438,650,1.45,26.6,22,96.78,84,88,PASS,,82,22.5,42.6
50kwa,285,250,0.5,cold,PAR,PSM,20875,650,1.45,48.9,44,96.47,26,32,PASS,,23,41.3,78.2
50kwa,285,250,0.5,room,PAR,PSM,20875,650,1.45,48.9,44,96.44,62,68,PASS,,58,41.3,78.2
50kwa,285,250,0.5,hot,PAR,PSM,20875,650,1.45,48.9,44,96.41,95,101,PASS,,90,41.3,78.2
50kwa,285,250,0.75,cold,PAR,PSM,31313,650,1.45,72,66.1,95.88,41,47,PASS,,33,60.8,115.3
50kwa,285,250,0.75,room,PAR,PSM,31313,650,1.45,72,66.1,95.84,78,84,PASS,,68,60.8,115.3
50kwa,285,250,0.75,hot,PAR,PSM,31313,650,1.45,72,66.1,95.79,112,118,PASS,,100,60.8,115.3
50kwa,285,250,1,cold,PAR,PFM,41750,650,1.428,95.5,88.1,95.05,60,60,PASS,,45,65.9,126.7
50kwa,285,250,1,room,PAR,PFM,41750,650,1.428,95.5,88.1,94.99,99,98,PASS,,80,65.9,126.7
50kwa,285,250,1,hot,PAR,PFM,41750,650,1.428,95.5,88.1,94.92,135,133,PASS,,112,65.9,126.7
50kwa,285,300,0,cold,PAR,IDLE,0,650,,0,0,,,,PASS,standby
50kwa,285,300,0,room,PAR,IDLE,0,650,,0,0,,,,PASS,standby
50kwa,285,300,0,hot,PAR,IDLE,0,650,,0,0,,,,PASS,standby
50kwa,285,300,0.05,cold,PAR,PFM,2159,650,1.191,18.3,4.6,94.04,11,15,PASS,,11,11.2,25.9
50kwa,285,300,0.05,room,PAR,PFM,2159,650,1.191,18.3,4.6,94.03,46,50,PASS,,46,11.2,25.9
50kwa,285,300,0.05,hot,PAR,PFM,2159,650,1.191,18.3,4.6,94.03,78,82,PASS,,78,11.2,25.9
50kwa,285,300,0.1,cold,PAR,PFM,4318,650,1.191,19.6,9.1,96.13,12,16,PASS,,12,12,27.8
50kwa,285,300,0.1,room,PAR,PFM,4318,650,1.191,19.6,9.1,96.12,47,51,PASS,,47,12,27.8
50kwa,285,300,0.1,hot,PAR,PFM,4318,650,1.191,19.6,9.1,96.11,79,83,PASS,,79,12,27.8
50kwa,285,300,0.25,cold,PAR,PFM,10795,650,1.189,27.1,22.8,97.05,17,18,PASS,,14,16.6,38.4
50kwa,285,300,0.25,room,PAR,PFM,10795,650,1.189,27.1,22.8,97.03,52,54,PASS,,49,16.6,38.4
50kwa,285,300,0.25,hot,PAR,PFM,10795,650,1.189,27.1,22.8,97.02,84,86,PASS,,81,16.6,38.4
50kwa,285,300,0.5,cold,PAR,PFM,21591,650,1.183,44.6,45.5,96.93,27,23,PASS,,20,21.1,49
50kwa,285,300,0.5,room,PAR,PFM,21591,650,1.183,44.6,45.5,96.9,63,59,PASS,,55,21.1,49
50kwa,285,300,0.5,hot,PAR,PFM,21591,650,1.183,44.6,45.5,96.87,96,91,PASS,,87,21.1,49
50kwa,285,300,0.75,cold,PAR,PFM,32386,650,1.175,63.8,68.3,96.48,42,30,PASS,,28,26.1,61
50kwa,285,300,0.75,room,PAR,PFM,32386,650,1.175,63.8,68.3,96.43,80,66,PASS,,63,26.1,61
50kwa,285,300,0.75,hot,PAR,PFM,32386,650,1.175,63.8,68.3,96.38,114,100,PASS,,95,26.1,61
50kwa,285,300,1,cold,PAR,PFM,43182,650,1.166,83.6,91.1,95.94,63,40,PASS,,38,31.6,74.6
50kwa,285,300,1,room,PAR,PFM,43182,650,1.166,83.6,91.1,95.87,102,77,PASS,,73,31.6,74.6
50kwa,285,300,1,hot,PAR,PFM,43182,650,1.166,83.6,91.1,95.8,139,111,PASS,,105,31.6,74.6
50kwa,285,400,0,cold,PAR,IDLE,0,830,,0,0,,,,PASS,standby
50kwa,285,400,0,room,PAR,IDLE,0,830,,0,0,,,,PASS,standby
50kwa,285,400,0,hot,PAR,IDLE,0,830,,0,0,,,,PASS,standby
50kwa,285,400,0.05,cold,PAR,PFM,2159,830,1.084,26.4,4.6,92.47,11,19,PASS,,11,18.8,37.3
50kwa,285,400,0.05,room,PAR,PFM,2159,830,1.084,26.4,4.6,92.47,46,54,PASS,,46,18.8,37.3
50kwa,285,400,0.05,hot,PAR,PFM,2159,830,1.084,26.4,4.6,92.47,78,87,PASS,,78,18.8,37.3
50kwa,285,400,0.1,cold,PAR,PFM,4318,830,1.084,26.9,9.1,95.48,13,19,PASS,,11,19.2,38
50kwa,285,400,0.1,room,PAR,PFM,4318,830,1.084,26.9,9.1,95.47,48,55,PASS,,46,19.2,38
50kwa,285,400,0.1,hot,PAR,PFM,4318,830,1.084,26.9,9.1,95.47,80,87,PASS,,78,19.2,38
50kwa,285,400,0.25,cold,PAR,PFM,10795,830,1.084,30.3,22.8,97.1,18,21,PASS,,13,21.6,42.9
50kwa,285,400,0.25,room,PAR,PFM,10795,830,1.084,30.3,22.8,97.08,53,56,PASS,,48,21.6,42.9
50kwa,285,400,0.25,hot,PAR,PFM,10795,830,1.084,30.3,22.8,97.07,86,88,PASS,,80,21.6,42.9
50kwa,285,400,0.5,cold,PAR,PFM,21591,830,1.083,40.3,45.5,97.22,30,25,PASS,,17,28.3,56.3
50kwa,285,400,0.5,room,PAR,PFM,21591,830,1.083,40.3,45.5,97.19,66,61,PASS,,52,28.3,56.3
50kwa,285,400,0.5,hot,PAR,PFM,21591,830,1.083,40.3,45.5,97.15,99,93,PASS,,84,28.3,56.3
50kwa,285,400,0.75,cold,PAR,PFM,32386,830,1.083,52.9,68.3,97,47,28,PASS,,22,29.9,59.4
50kwa,285,400,0.75,room,PAR,PFM,32386,830,1.083,52.9,68.3,96.95,84,64,PASS,,57,29.9,59.4
50kwa,285,400,0.75,hot,PAR,PFM,32386,830,1.083,52.9,68.3,96.9,118,97,PASS,,89,29.9,59.4
50kwa,285,400,1,cold,PAR,PFM,43182,830,1.082,66.6,91.1,96.63,69,33,PASS,,28,31.9,63.4
50kwa,285,400,1,room,PAR,PFM,43182,830,1.082,66.6,91.1,96.55,109,70,PASS,,63,31.9,63.4
50kwa,285,400,1,hot,PAR,PFM,43182,830,1.082,66.6,91.1,96.49,145,103,PASS,,95,31.9,63.4
50kwa,285,500,0,cold,PAR,IDLE,0,830,,0,0,,,,PASS,standby
50kwa,285,500,0,room,PAR,IDLE,0,830,,0,0,,,,PASS,standby
50kwa,285,500,0,hot,PAR,IDLE,0,830,,0,0,,,,PASS,standby
50kwa,285,500,0.05,cold,PAR,PFM,2159,830,0.609,58.3,4.6,87.93,11,27,PASS,,10,23.3,82.5
50kwa,285,500,0.05,room,PAR,PFM,2159,830,0.609,58.3,4.6,87.93,46,63,PASS,,45,23.3,82.5
50kwa,285,500,0.05,hot,PAR,PFM,2159,830,0.609,58.3,4.6,87.93,78,96,PASS,,77,23.3,82.5
50kwa,285,500,0.1,cold,PAR,PFM,4318,830,0.608,58.5,9.1,93.11,13,27,PASS,,11,23.4,82.7
50kwa,285,500,0.1,room,PAR,PFM,4318,830,0.608,58.5,9.1,93.1,48,63,PASS,,46,23.4,82.7
50kwa,285,500,0.1,hot,PAR,PFM,4318,830,0.608,58.5,9.1,93.1,80,96,PASS,,78,23.4,82.7
50kwa,285,500,0.25,cold,PAR,PFM,10795,830,0.607,59.7,22.8,96.3,18,28,PASS,,12,23.8,84.4
50kwa,285,500,0.25,room,PAR,PFM,10795,830,0.607,59.7,22.8,96.28,53,64,PASS,,47,23.8,84.4
50kwa,285,500,0.25,hot,PAR,PFM,10795,830,0.607,59.7,22.8,96.27,86,97,PASS,,79,23.8,84.4
50kwa,285,500,0.5,cold,PAR,PFM,21591,830,0.603,63.7,45.5,97.06,30,30,PASS,,15,25.3,90.1
50kwa,285,500,0.5,room,PAR,PFM,21591,830,0.603,63.7,45.5,97.03,66,66,PASS,,50,25.3,90.1
50kwa,285,500,0.5,hot,PAR,PFM,21591,830,0.603,63.7,45.5,97,99,99,PASS,,82,25.3,90.1
50kwa,285,500,0.75,cold,PAR,PFM,32386,830,0.596,69.9,68.3,97.02,47,33,PASS,,19,27.4,98.9
50kwa,285,500,0.75,room,PAR,PFM,32386,830,0.596,69.9,68.3,96.97,84,69,PASS,,54,27.4,98.9
50kwa,285,500,0.75,hot,PAR,PFM,32386,830,0.596,69.9,68.3,96.92,118,103,PASS,,86,27.4,98.9
50kwa,285,500,1,cold,PAR,PFM,43182,830,0.585,77.9,91.1,96.78,69,36,PASS,,23,28.4,104.5
50kwa,285,500,1,room,PAR,PFM,43182,830,0.585,77.9,91.1,96.71,109,73,PASS,,58,28.4,104.5
50kwa,285,500,1,hot,PAR,PFM,43182,830,0.585,77.9,91.1,96.64,145,107,PASS,,90,28.4,104.5
50kwa,285,500,0,cold,SER,IDLE,0,650,,0,0,,,,PASS,standby
50kwa,285,500,0,room,SER,IDLE,0,650,,0,0,,,,PASS,standby
50kwa,285,500,0,hot,SER,IDLE,0,650,,0,0,,,,PASS,standby
50kwa,285,500,0.05,cold,SER,PSM,2159,650,1.45,13.2,4.6,94.48,11,15,PASS,,11,11.1,21.1
50kwa,285,500,0.05,room,SER,PSM,2159,650,1.45,13.2,4.6,94.47,46,50,PASS,,46,11.1,21.1
50kwa,285,500,0.05,hot,SER,PSM,2159,650,1.45,13.2,4.6,94.47,78,82,PASS,,78,11.1,21.1
50kwa,285,500,0.1,cold,SER,PSM,4318,650,1.45,15.7,9.1,96.3,12,16,PASS,,12,13.2,25.1
50kwa,285,500,0.1,room,SER,PSM,4318,650,1.45,15.7,9.1,96.29,47,51,PASS,,47,13.2,25.1
50kwa,285,500,0.1,hot,SER,PSM,4318,650,1.45,15.7,9.1,96.29,79,83,PASS,,79,13.2,25.1
50kwa,285,500,0.25,cold,SER,PSM,10795,650,1.45,27.4,22.8,97,17,21,PASS,,15,23.1,43.8
50kwa,285,500,0.25,room,SER,PSM,10795,650,1.45,27.4,22.8,96.99,52,56,PASS,,50,23.1,43.8
50kwa,285,500,0.25,hot,SER,PSM,10795,650,1.45,27.4,22.8,96.97,84,88,PASS,,82,23.1,43.8
50kwa,285,500,0.5,cold,SER,PSM,21591,650,1.45,50.5,45.5,96.63,27,33,PASS,,23,42.6,80.7
50kwa,285,500,0.5,room,SER,PSM,21591,650,1.45,50.5,45.5,96.59,63,69,PASS,,58,42.6,80.7
50kwa,285,500,0.5,hot,SER,PSM,21591,650,1.45,50.5,45.5,96.56,96,102,PASS,,90,42.6,80.7
50kwa,285,500,0.75,cold,SER,PSM,32386,650,1.45,74.4,68.3,96.01,42,49,PASS,,34,62.9,119.1
50kwa,285,500,0.75,room,SER,PSM,32386,650,1.45,74.4,68.3,95.96,80,86,PASS,,69,62.9,119.1
50kwa,285,500,0.75,hot,SER,PSM,32386,650,1.45,74.4,68.3,95.92,114,120,PASS,,101,62.9,119.1
50kwa,285,500,1,cold,SER,PFM,43182,650,1.42,98.7,91.1,95.15,63,63,PASS,,47,67.7,130.9
50kwa,285,500,1,room,SER,PFM,43182,650,1.42,98.7,91.1,95.08,102,101,PASS,,82,67.7,130.9
50kwa,285,500,1,hot,SER,PFM,43182,650,1.42,98.7,91.1,95.02,139,136,PASS,,114,67.7,130.9
50kwa,285,750,0,cold,SER,IDLE,0,789,,0,0,,,,PASS,standby
50kwa,285,750,0,room,SER,IDLE,0,789,,0,0,,,,PASS,standby
50kwa,285,750,0,hot,SER,IDLE,0,789,,0,0,,,,PASS,standby
50kwa,285,750,0.05,cold,SER,PFM,2159,789,1.119,24,4.6,93.05,11,18,PASS,,11,16.8,33.9
50kwa,285,750,0.05,room,SER,PFM,2159,789,1.119,24,4.6,93.05,46,53,PASS,,46,16.8,33.9
50kwa,285,750,0.05,hot,SER,PFM,2159,789,1.119,24,4.6,93.05,78,85,PASS,,78,16.8,33.9
50kwa,285,750,0.1,cold,SER,PFM,4318,789,1.119,24.7,9.1,95.82,13,18,PASS,,11,17.2,34.9
50kwa,285,750,0.1,room,SER,PFM,4318,789,1.119,24.7,9.1,95.81,48,53,PASS,,46,17.2,34.9
50kwa,285,750,0.1,hot,SER,PFM,4318,789,1.119,24.7,9.1,95.81,80,86,PASS,,78,17.2,34.9
50kwa,285,750,0.25,cold,SER,PFM,10795,789,1.118,28.8,22.8,97.25,18,20,PASS,,13,20.2,40.8
50kwa,285,750,0.25,room,SER,PFM,10795,789,1.118,28.8,22.8,97.24,53,55,PASS,,48,20.2,40.8
50kwa,285,750,0.25,hot,SER,PFM,10795,789,1.118,28.8,22.8,97.22,85,87,PASS,,80,20.2,40.8
50kwa,285,750,0.5,cold,SER,PFM,21591,789,1.117,40.4,45.5,97.32,29,24,PASS,,18,26.2,53.1
50kwa,285,750,0.5,room,SER,PFM,21591,789,1.117,40.4,45.5,97.29,66,60,PASS,,53,26.2,53.1
50kwa,285,750,0.5,hot,SER,PFM,21591,789,1.117,40.4,45.5,97.25,98,92,PASS,,85,26.2,53.1
50kwa,285,750,0.75,cold,SER,PFM,32386,789,1.116,54.5,68.3,97.05,46,28,PASS,,23,28.7,58.1
50kwa,285,750,0.75,room,SER,PFM,32386,789,1.116,54.5,68.3,96.99,83,64,PASS,,58,28.7,58.1
50kwa,285,750,0.75,hot,SER,PFM,32386,789,1.116,54.5,68.3,96.95,117,97,PASS,,90,28.7,58.1
50kwa,285,750,1,cold,SER,PFM,43182,789,1.114,69.5,91.1,96.64,68,34,PASS,,30,31.7,64.5
50kwa,285,750,1,room,SER,PFM,43182,789,1.114,69.5,91.1,96.56,107,71,PASS,,65,31.7,64.5
50kwa,285,750,1,hot,SER,PFM,43182,789,1.114,69.5,91.1,96.5,143,104,PASS,,97,31.7,64.5
50kwa,285,1000,0,cold,SER,IDLE,0,830,,0,0,,,,PASS,standby
50kwa,285,1000,0,room,SER,IDLE,0,830,,0,0,,,,PASS,standby
50kwa,285,1000,0,hot,SER,IDLE,0,830,,0,0,,,,PASS,standby
50kwa,285,1000,0.05,cold,SER,PFM,2159,830,0.609,58.3,4.6,88.01,11,27,PASS,,10,23.3,82.5
50kwa,285,1000,0.05,room,SER,PFM,2159,830,0.609,58.3,4.6,88.01,46,63,PASS,,45,23.3,82.5
50kwa,285,1000,0.05,hot,SER,PFM,2159,830,0.609,58.3,4.6,88.01,78,96,PASS,,77,23.3,82.5
50kwa,285,1000,0.1,cold,SER,PFM,4318,830,0.608,58.5,9.1,93.2,13,27,PASS,,11,23.4,82.7
50kwa,285,1000,0.1,room,SER,PFM,4318,830,0.608,58.5,9.1,93.19,48,63,PASS,,46,23.4,82.7
50kwa,285,1000,0.1,hot,SER,PFM,4318,830,0.608,58.5,9.1,93.19,80,96,PASS,,78,23.4,82.7
50kwa,285,1000,0.25,cold,SER,PFM,10795,830,0.607,59.7,22.8,96.4,18,28,PASS,,12,23.8,84.4
50kwa,285,1000,0.25,room,SER,PFM,10795,830,0.607,59.7,22.8,96.38,53,64,PASS,,47,23.8,84.4
50kwa,285,1000,0.25,hot,SER,PFM,10795,830,0.607,59.7,22.8,96.36,86,97,PASS,,79,23.8,84.4
50kwa,285,1000,0.5,cold,SER,PFM,21591,830,0.603,63.7,45.5,97.16,30,30,PASS,,15,25.3,90.1
50kwa,285,1000,0.5,room,SER,PFM,21591,830,0.603,63.7,45.5,97.13,66,66,PASS,,50,25.3,90.1
50kwa,285,1000,0.5,hot,SER,PFM,21591,830,0.603,63.7,45.5,97.1,99,99,PASS,,82,25.3,90.1
50kwa,285,1000,0.75,cold,SER,PFM,32386,830,0.596,69.9,68.3,97.12,47,33,PASS,,19,27.4,98.9
50kwa,285,1000,0.75,room,SER,PFM,32386,830,0.596,69.9,68.3,97.07,84,69,PASS,,54,27.4,98.9
50kwa,285,1000,0.75,hot,SER,PFM,32386,830,0.596,69.9,68.3,97.02,118,103,PASS,,86,27.4,98.9
50kwa,285,1000,1,cold,SER,PFM,43182,830,0.585,77.9,91.1,96.88,69,36,PASS,,23,28.4,104.5
50kwa,285,1000,1,room,SER,PFM,43182,830,0.585,77.9,91.1,96.81,109,73,PASS,,58,28.4,104.5
50kwa,285,1000,1,hot,SER,PFM,43182,830,0.585,77.9,91.1,96.74,145,107,PASS,,90,28.4,104.5
50kwa,300,150,0,cold,PAR,IDLE,0,650,,0,0,,,,PASS,standby
50kwa,300,150,0,room,PAR,IDLE,0,650,,0,0,,,,PASS,standby
50kwa,300,150,0,hot,PAR,IDLE,0,650,,0,0,,,,PASS,standby
50kwa,300,150,0.05,cold,PAR,PSM,1253,650,1.45,7.7,2.5,35.48,11,212,FAIL,LIMIT: TjLLC eta<88,10,6.5,12.3
50kwa,300,150,0.05,room,PAR,PSM,1253,650,1.45,7.7,2.5,35.48,46,247,FAIL,LIMIT: TjLLC eta<88,45,6.5,12.3
50kwa,300,150,0.05,hot,PAR,PSM,1253,650,1.45,7.7,2.5,35.48,78,279,FAIL,LIMIT: TjLLC eta<88,77,6.5,12.3
50kwa,300,150,0.1,cold,PAR,PSM,2505,650,1.45,8.7,5,51.98,11,212,FAIL,LIMIT: TjLLC eta<88,11,7.3,13.8
50kwa,300,150,0.1,room,PAR,PSM,2505,650,1.45,8.7,5,51.98,46,247,FAIL,LIMIT: TjLLC eta<88,46,7.3,13.8
50kwa,300,150,0.1,hot,PAR,PSM,2505,650,1.45,8.7,5,51.98,78,279,FAIL,LIMIT: TjLLC eta<88,78,7.3,13.8
50kwa,300,150,0.25,cold,PAR,PSM,6263,650,1.45,13.6,12.6,71.86,13,213,FAIL,LIMIT: TjLLC eta<88,12,11.5,21.8
50kwa,300,150,0.25,room,PAR,PSM,6263,650,1.45,13.6,12.6,71.85,48,248,FAIL,LIMIT: TjLLC eta<88,47,11.5,21.8
50kwa,300,150,0.25,hot,PAR,PSM,6263,650,1.45,13.6,12.6,71.85,80,280,FAIL,LIMIT: TjLLC eta<88,79,11.5,21.8
50kwa,300,150,0.5,cold,PAR,PSM,12525,650,1.45,24.1,25.1,81.95,18,214,FAIL,LIMIT: TjLLC eta<88,15,20.3,38.5
50kwa,300,150,0.5,room,PAR,PSM,12525,650,1.45,24.1,25.1,81.92,53,250,FAIL,LIMIT: TjLLC eta<88,50,20.3,38.5
50kwa,300,150,0.5,hot,PAR,PSM,12525,650,1.45,24.1,25.1,81.9,85,282,FAIL,LIMIT: TjLLC eta<88,82,20.3,38.5
50kwa,300,150,0.75,cold,PAR,PSM,18788,650,1.45,35.1,37.7,85.62,23,217,FAIL,LIMIT: TjLLC eta<88,18,29.7,56.2
50kwa,300,150,0.75,room,PAR,PSM,18788,650,1.45,35.1,37.7,85.58,59,252,FAIL,LIMIT: TjLLC eta<88,53,29.7,56.2
50kwa,300,150,0.75,hot,PAR,PSM,18788,650,1.45,35.1,37.7,85.54,91,285,FAIL,LIMIT: TjLLC eta<88,85,29.7,56.2
50kwa,300,150,1,cold,PAR,PSM,25050,650,1.45,46.4,50.2,87.32,30,221,FAIL,LIMIT: TjLLC eta<88,22,39.2,74.2
50kwa,300,150,1,room,PAR,PSM,25050,650,1.45,46.4,50.2,87.26,66,257,FAIL,LIMIT: TjLLC eta<88,57,39.2,74.2
50kwa,300,150,1,hot,PAR,PSM,25050,650,1.45,46.4,50.2,87.2,99,289,FAIL,LIMIT: TjLLC eta<88,89,39.2,74.2
50kwa,300,200,0,cold,PAR,IDLE,0,650,,0,0,,,,PASS,standby
50kwa,300,200,0,room,PAR,IDLE,0,650,,0,0,,,,PASS,standby
50kwa,300,200,0,hot,PAR,IDLE,0,650,,0,0,,,,PASS,standby
50kwa,300,200,0.05,cold,PAR,PSM,1670,650,1.45,10.9,3.3,87.01,11,36,PASS,,11,9.2,17.4
50kwa,300,200,0.05,room,PAR,PSM,1670,650,1.45,10.9,3.3,87.01,46,71,PASS,,46,9.2,17.4
50kwa,300,200,0.05,hot,PAR,PSM,1670,650,1.45,10.9,3.3,87.01,78,104,PASS,,78,9.2,17.4
50kwa,300,200,0.1,cold,PAR,PSM,3340,650,1.45,13.6,6.7,92.02,12,37,PASS,,12,11.5,21.8
50kwa,300,200,0.1,room,PAR,PSM,3340,650,1.45,13.6,6.7,92.02,47,72,PASS,,47,11.5,21.8
50kwa,300,200,0.1,hot,PAR,PSM,3340,650,1.45,13.6,6.7,92.01,79,104,PASS,,79,11.5,21.8
50kwa,300,200,0.25,cold,PAR,PSM,8350,650,1.45,25.6,16.7,94.9,15,38,PASS,,15,21.6,41
50kwa,300,200,0.25,room,PAR,PSM,8350,650,1.45,25.6,16.7,94.88,50,73,PASS,,50,21.6,41
50kwa,300,200,0.25,hot,PAR,PSM,8350,650,1.45,25.6,16.7,94.87,82,105,PASS,,82,21.6,41
50kwa,300,200,0.5,cold,PAR,PSM,16700,650,1.45,48.3,33.5,95.3,21,42,PASS,,23,40.8,77.3
50kwa,300,200,0.5,room,PAR,PSM,16700,650,1.45,48.3,33.5,95.28,57,78,PASS,,58,40.8,77.3
50kwa,300,200,0.5,hot,PAR,PSM,16700,650,1.45,48.3,33.5,95.25,89,110,PASS,,90,40.8,77.3
50kwa,300,200,0.75,cold,PAR,PSM,25050,650,1.45,71.7,50.2,94.96,30,49,PASS,,33,60.5,114.7
50kwa,300,200,0.75,room,PAR,PSM,25050,650,1.45,71.7,50.2,94.93,66,86,PASS,,68,60.5,114.7
50kwa,300,200,0.75,hot,PAR,PSM,25050,650,1.45,71.7,50.2,94.89,99,119,PASS,,100,60.5,114.7
50kwa,300,200,1,cold,PAR,PSM,33400,650,1.45,95.2,66.9,94.44,41,66,PASS,,45,80.4,152.3
50kwa,300,200,1,room,PAR,PSM,33400,650,1.45,95.2,66.9,94.39,78,105,PASS,,80,80.4,152.3
50kwa,300,200,1,hot,PAR,PSM,33400,650,1.45,95.2,66.9,94.35,113,140,PASS,,112,80.4,152.3
50kwa,300,250,0,cold,PAR,IDLE,0,650,,0,0,,,,PASS,standby
50kwa,300,250,0,room,PAR,IDLE,0,650,,0,0,,,,PASS,standby
50kwa,300,250,0,hot,PAR,IDLE,0,650,,0,0,,,,PASS,standby
50kwa,300,250,0.05,cold,PAR,PSM,2088,650,1.45,13.1,4.2,94.17,11,15,PASS,,11,11.1,21
50kwa,300,250,0.05,room,PAR,PSM,2088,650,1.45,13.1,4.2,94.17,46,50,PASS,,46,11.1,21
50kwa,300,250,0.05,hot,PAR,PSM,2088,650,1.45,13.1,4.2,94.17,78,82,PASS,,78,11.1,21
50kwa,300,250,0.1,cold,PAR,PSM,4175,650,1.45,15.5,8.4,96.06,12,16,PASS,,12,13.1,24.7
50kwa,300,250,0.1,room,PAR,PSM,4175,650,1.45,15.5,8.4,96.06,47,51,PASS,,47,13.1,24.7
50kwa,300,250,0.1,hot,PAR,PSM,4175,650,1.45,15.5,8.4,96.05,79,83,PASS,,79,13.1,24.7
50kwa,300,250,0.25,cold,PAR,PSM,10438,650,1.45,26.6,20.9,96.84,16,21,PASS,,15,22.5,42.6
50kwa,300,250,0.25,room,PAR,PSM,10438,650,1.45,26.6,20.9,96.82,51,56,PASS,,50,22.5,42.6
50kwa,300,250,0.25,hot,PAR,PSM,10438,650,1.45,26.6,20.9,96.81,83,88,PASS,,82,22.5,42.6
50kwa,300,250,0.5,cold,PAR,PSM,20875,650,1.45,48.9,41.8,96.53,25,32,PASS,,23,41.3,78.2
50kwa,300,250,0.5,room,PAR,PSM,20875,650,1.45,48.9,41.8,96.5,61,68,PASS,,58,41.3,78.2
50kwa,300,250,0.5,hot,PAR,PSM,20875,650,1.45,48.9,41.8,96.47,94,101,PASS,,90,41.3,78.2
50kwa,300,250,0.75,cold,PAR,PSM,31313,650,1.45,72,62.8,95.97,38,47,PASS,,33,60.8,115.3
50kwa,300,250,0.75,room,PAR,PSM,31313,650,1.45,72,62.8,95.93,75,84,PASS,,68,60.8,115.3
50kwa,300,250,0.75,hot,PAR,PSM,31313,650,1.45,72,62.8,95.88,109,118,PASS,,100,60.8,115.3
50kwa,300,250,1,cold,PAR,PFM,41750,650,1.428,95.5,83.7,95.17,55,60,PASS,,45,65.9,126.7
50kwa,300,250,1,room,PAR,PFM,41750,650,1.428,95.5,83.7,95.11,94,98,PASS,,80,65.9,126.7
50kwa,300,250,1,hot,PAR,PFM,41750,650,1.428,95.5,83.7,95.05,130,133,PASS,,112,65.9,126.7
50kwa,300,300,0,cold,PAR,IDLE,0,650,,0,0,,,,PASS,standby
50kwa,300,300,0,room,PAR,IDLE,0,650,,0,0,,,,PASS,standby
50kwa,300,300,0,hot,PAR,IDLE,0,650,,0,0,,,,PASS,standby
50kwa,300,300,0.05,cold,PAR,PFM,2273,650,1.191,18.4,4.6,94.26,11,15,PASS,,11,11.3,26
50kwa,300,300,0.05,room,PAR,PFM,2273,650,1.191,18.4,4.6,94.26,46,50,PASS,,46,11.3,26
50kwa,300,300,0.05,hot,PAR,PFM,2273,650,1.191,18.4,4.6,94.25,78,82,PASS,,78,11.3,26
50kwa,300,300,0.1,cold,PAR,PFM,4545,650,1.191,19.8,9.1,96.24,12,16,PASS,,12,12.2,28
50kwa,300,300,0.1,room,PAR,PFM,4545,650,1.191,19.8,9.1,96.23,47,51,PASS,,47,12.2,28
50kwa,300,300,0.1,hot,PAR,PFM,4545,650,1.191,19.8,9.1,96.23,79,83,PASS,,79,12.2,28
50kwa,300,300,0.25,cold,PAR,PFM,11364,650,1.189,28,22.8,97.09,17,19,PASS,,15,17.1,39.5
50kwa,300,300,0.25,room,PAR,PFM,11364,650,1.189,28,22.8,97.07,52,54,PASS,,50,17.1,39.5
50kwa,300,300,0.25,hot,PAR,PFM,11364,650,1.189,28,22.8,97.06,84,86,PASS,,82,17.1,39.5
50kwa,300,300,0.5,cold,PAR,PFM,22727,650,1.183,46.6,45.5,96.95,27,24,PASS,,21,21.6,50.1
50kwa,300,300,0.5,room,PAR,PFM,22727,650,1.183,46.6,45.5,96.92,63,59,PASS,,56,21.6,50.1
50kwa,300,300,0.5,hot,PAR,PFM,22727,650,1.183,46.6,45.5,96.89,96,92,PASS,,88,21.6,50.1
50kwa,300,300,0.75,cold,PAR,PFM,34091,650,1.174,66.9,68.3,96.49,42,31,PASS,,30,26.9,63
50kwa,300,300,0.75,room,PAR,PFM,34091,650,1.174,66.9,68.3,96.45,80,68,PASS,,65,26.9,63
50kwa,300,300,0.75,hot,PAR,PFM,34091,650,1.174,66.9,68.3,96.4,114,101,PASS,,97,26.9,63
50kwa,300,300,1,cold,PAR,PFM,45455,650,1.164,87.8,91.1,95.95,63,42,PASS,,40,32.8,77.6
50kwa,300,300,1,room,PAR,PFM,45455,650,1.164,87.8,91.1,95.88,102,80,PASS,,75,32.8,77.6
50kwa,300,300,1,hot,PAR,PFM,45455,650,1.164,87.8,91.1,95.82,139,114,PASS,,107,32.8,77.6
50kwa,300,400,0,cold,PAR,IDLE,0,830,,0,0,,,,PASS,standby
50kwa,300,400,0,room,PAR,IDLE,0,830,,0,0,,,,PASS,standby
50kwa,300,400,0,hot,PAR,IDLE,0,830,,0,0,,,,PASS,standby
50kwa,300,400,0.05,cold,PAR,PFM,2273,830,1.084,26.4,4.6,92.78,11,19,PASS,,11,18.8,37.3
50kwa,300,400,0.05,room,PAR,PFM,2273,830,1.084,26.4,4.6,92.78,46,54,PASS,,46,18.8,37.3
50kwa,300,400,0.05,hot,PAR,PFM,2273,830,1.084,26.4,4.6,92.77,78,87,PASS,,78,18.8,37.3
50kwa,300,400,0.1,cold,PAR,PFM,4545,830,1.084,27,9.1,95.65,13,19,PASS,,11,19.2,38.1
50kwa,300,400,0.1,room,PAR,PFM,4545,830,1.084,27,9.1,95.64,48,55,PASS,,46,19.2,38.1
50kwa,300,400,0.1,hot,PAR,PFM,4545,830,1.084,27,9.1,95.63,80,87,PASS,,78,19.2,38.1
50kwa,300,400,0.25,cold,PAR,PFM,11364,830,1.084,30.7,22.8,97.17,18,21,PASS,,13,21.9,43.5
50kwa,300,400,0.25,room,PAR,PFM,11364,830,1.084,30.7,22.8,97.15,53,56,PASS,,48,21.9,43.5
50kwa,300,400,0.25,hot,PAR,PFM,11364,830,1.084,30.7,22.8,97.14,86,88,PASS,,80,21.9,43.5
50kwa,300,400,0.5,cold,PAR,PFM,22727,830,1.083,41.5,45.5,97.27,30,25,PASS,,18,28.5,56.5
50kwa,300,400,0.5,room,PAR,PFM,22727,830,1.083,41.5,45.5,97.24,66,61,PASS,,53,28.5,56.5
50kwa,300,400,0.5,hot,PAR,PFM,22727,830,1.083,41.5,45.5,97.21,99,93,PASS,,85,28.5,56.5
50kwa,300,400,0.75,cold,PAR,PFM,34091,830,1.083,55,68.3,97.04,47,29,PASS,,23,30.2,59.9
50kwa,300,400,0.75,room,PAR,PFM,34091,830,1.083,55,68.3,96.99,84,65,PASS,,58,30.2,59.9
50kwa,300,400,0.75,hot,PAR,PFM,34091,830,1.083,55,68.3,96.95,118,98,PASS,,90,30.2,59.9
50kwa,300,400,1,cold,PAR,PFM,45455,830,1.082,69.6,91.1,96.67,69,34,PASS,,30,32.4,64.4
50kwa,300,400,1,room,PAR,PFM,45455,830,1.082,69.6,91.1,96.6,109,71,PASS,,65,32.4,64.4
50kwa,300,400,1,hot,PAR,PFM,45455,830,1.082,69.6,91.1,96.54,145,105,PASS,,97,32.4,64.4
50kwa,300,500,0,cold,PAR,IDLE,0,830,,0,0,,,,PASS,standby
50kwa,300,500,0,room,PAR,IDLE,0,830,,0,0,,,,PASS,standby
50kwa,300,500,0,hot,PAR,IDLE,0,830,,0,0,,,,PASS,standby
50kwa,300,500,0.05,cold,PAR,PFM,2273,830,0.609,58.3,4.6,88.44,11,27,PASS,,10,23.3,82.5
50kwa,300,500,0.05,room,PAR,PFM,2273,830,0.609,58.3,4.6,88.43,46,63,PASS,,45,23.3,82.5
50kwa,300,500,0.05,hot,PAR,PFM,2273,830,0.609,58.3,4.6,88.43,78,96,PASS,,77,23.3,82.5
50kwa,300,500,0.1,cold,PAR,PFM,4545,830,0.608,58.5,9.1,93.39,13,27,PASS,,11,23.4,82.8
50kwa,300,500,0.1,room,PAR,PFM,4545,830,0.608,58.5,9.1,93.39,48,63,PASS,,46,23.4,82.8
50kwa,300,500,0.1,hot,PAR,PFM,4545,830,0.608,58.5,9.1,93.38,80,96,PASS,,78,23.4,82.8
50kwa,300,500,0.25,cold,PAR,PFM,11364,830,0.607,59.8,22.8,96.43,18,28,PASS,,13,23.9,84.6
50kwa,300,500,0.25,room,PAR,PFM,11364,830,0.607,59.8,22.8,96.41,53,64,PASS,,48,23.9,84.6
50kwa,300,500,0.25,hot,PAR,PFM,11364,830,0.607,59.8,22.8,96.4,86,97,PASS,,80,23.9,84.6
50kwa,300,500,0.5,cold,PAR,PFM,22727,830,0.603,64.3,45.5,97.14,30,30,PASS,,16,25.5,90.9
50kwa,300,500,0.5,room,PAR,PFM,22727,830,0.603,64.3,45.5,97.11,66,66,PASS,,51,25.5,90.9
50kwa,300,500,0.5,hot,PAR,PFM,22727,830,0.603,64.3,45.5,97.08,99,100,PASS,,83,25.5,90.9
50kwa,300,500,0.75,cold,PAR,PFM,34091,830,0.594,71.1,68.3,97.09,47,33,PASS,,20,27.8,100.5
50kwa,300,500,0.75,room,PAR,PFM,34091,830,0.594,71.1,68.3,97.04,84,70,PASS,,55,27.8,100.5
50kwa,300,500,0.75,hot,PAR,PFM,34091,830,0.594,71.1,68.3,96.99,118,103,PASS,,87,27.8,100.5
50kwa,300,500,1,cold,PAR,PFM,45455,830,0.582,79.8,91.1,96.85,69,36,PASS,,24,27.8,102.9
50kwa,300,500,1,room,PAR,PFM,45455,830,0.582,79.8,91.1,96.79,109,74,PASS,,59,27.8,102.9
50kwa,300,500,1,hot,PAR,PFM,45455,830,0.582,79.8,91.1,96.72,145,108,PASS,,91,27.8,102.9
50kwa,300,500,0,cold,SER,IDLE,0,650,,0,0,,,,PASS,standby
50kwa,300,500,0,room,SER,IDLE,0,650,,0,0,,,,PASS,standby
50kwa,300,500,0,hot,SER,IDLE,0,650,,0,0,,,,PASS,standby
50kwa,300,500,0.05,cold,SER,PSM,2273,650,1.45,13.3,4.6,94.68,11,15,PASS,,11,11.2,21.2
50kwa,300,500,0.05,room,SER,PSM,2273,650,1.45,13.3,4.6,94.67,46,50,PASS,,46,11.2,21.2
50kwa,300,500,0.05,hot,SER,PSM,2273,650,1.45,13.3,4.6,94.67,78,82,PASS,,78,11.2,21.2
50kwa,300,500,0.1,cold,SER,PSM,4545,650,1.45,16,9.1,96.4,12,16,PASS,,12,13.5,25.6
50kwa,300,500,0.1,room,SER,PSM,4545,650,1.45,16,9.1,96.39,47,51,PASS,,47,13.5,25.6
50kwa,300,500,0.1,hot,SER,PSM,4545,650,1.45,16,9.1,96.39,79,83,PASS,,79,13.5,25.6
50kwa,300,500,0.25,cold,SER,PSM,11364,650,1.45,28.5,22.8,97.03,17,21,PASS,,16,24.1,45.6
50kwa,300,500,0.25,room,SER,PSM,11364,650,1.45,28.5,22.8,97.02,52,57,PASS,,51,24.1,45.6
50kwa,300,500,0.25,hot,SER,PSM,11364,650,1.45,28.5,22.8,97,84,89,PASS,,83,24.1,45.6
50kwa,300,500,0.5,cold,SER,PSM,22727,650,1.45,53,45.5,96.63,27,35,PASS,,24,44.7,84.7
50kwa,300,500,0.5,room,SER,PSM,22727,650,1.45,53,45.5,96.6,63,71,PASS,,59,44.7,84.7
50kwa,300,500,0.5,hot,SER,PSM,22727,650,1.45,53,45.5,96.57,96,103,PASS,,91,44.7,84.7
50kwa,300,500,0.75,cold,SER,PSM,34091,650,1.45,78.3,68.3,96,42,52,PASS,,36,66.1,125.2
50kwa,300,500,0.75,room,SER,PSM,34091,650,1.45,78.3,68.3,95.95,80,89,PASS,,71,66.1,125.2
50kwa,300,500,0.75,hot,SER,PSM,34091,650,1.45,78.3,68.3,95.91,114,123,PASS,,103,66.1,125.2
50kwa,300,500,1,cold,SER,PFM,45455,650,1.407,103.8,91.1,95.14,63,67,PASS,,50,70.5,137.6
50kwa,300,500,1,room,SER,PFM,45455,650,1.407,103.8,91.1,95.07,102,106,PASS,,85,70.5,137.6
50kwa,300,500,1,hot,SER,PFM,45455,650,1.407,103.8,91.1,95.01,139,142,PASS,,117,70.5,137.6
50kwa,300,750,0,cold,SER,IDLE,0,789,,0,0,,,,PASS,standby
50kwa,300,750,0,room,SER,IDLE,0,789,,0,0,,,,PASS,standby
50kwa,300,750,0,hot,SER,IDLE,0,789,,0,0,,,,PASS,standby
50kwa,300,750,0.05,cold,SER,PFM,2273,789,1.119,24,4.6,93.34,11,18,PASS,,11,16.8,34
50kwa,300,750,0.05,room,SER,PFM,2273,789,1.119,24,4.6,93.33,46,53,PASS,,46,16.8,34
50kwa,300,750,0.05,hot,SER,PFM,2273,789,1.119,24,4.6,93.33,78,85,PASS,,78,16.8,34
50kwa,300,750,0.1,cold,SER,PFM,4545,789,1.119,24.8,9.1,95.97,13,18,PASS,,11,17.3,35
50kwa,300,750,0.1,room,SER,PFM,4545,789,1.119,24.8,9.1,95.96,48,53,PASS,,46,17.3,35
50kwa,300,750,0.1,hot,SER,PFM,4545,789,1.119,24.8,9.1,95.96,80,86,PASS,,78,17.3,35
50kwa,300,750,0.25,cold,SER,PFM,11364,789,1.118,29.3,22.8,97.32,18,20,PASS,,14,20.5,41.5
50kwa,300,750,0.25,room,SER,PFM,11364,789,1.118,29.3,22.8,97.3,53,55,PASS,,49,20.5,41.5
50kwa,300,750,0.25,hot,SER,PFM,11364,789,1.118,29.3,22.8,97.29,85,88,PASS,,81,20.5,41.5
50kwa,300,750,0.5,cold,SER,PFM,22727,789,1.117,41.8,45.5,97.37,29,25,PASS,,18,26.5,53.6
50kwa,300,750,0.5,room,SER,PFM,22727,789,1.117,41.8,45.5,97.33,66,60,PASS,,53,26.5,53.6
50kwa,300,750,0.5,hot,SER,PFM,22727,789,1.117,41.8,45.5,97.3,98,93,PASS,,85,26.5,53.6
50kwa,300,750,0.75,cold,SER,PFM,34091,789,1.116,56.8,68.3,97.08,46,29,PASS,,24,29.1,59
50kwa,300,750,0.75,room,SER,PFM,34091,789,1.116,56.8,68.3,97.03,83,65,PASS,,59,29.1,59
50kwa,300,750,0.75,hot,SER,PFM,34091,789,1.116,56.8,68.3,96.99,117,98,PASS,,91,29.1,59
50kwa,300,750,1,cold,SER,PFM,45455,789,1.113,72.7,91.1,96.67,68,36,PASS,,31,32.5,65.9
50kwa,300,750,1,room,SER,PFM,45455,789,1.113,72.7,91.1,96.6,107,72,PASS,,66,32.5,65.9
50kwa,300,750,1,hot,SER,PFM,45455,789,1.113,72.7,91.1,96.54,143,106,PASS,,98,32.5,65.9
50kwa,300,1000,0,cold,SER,IDLE,0,830,,0,0,,,,PASS,standby
50kwa,300,1000,0,room,SER,IDLE,0,830,,0,0,,,,PASS,standby
50kwa,300,1000,0,hot,SER,IDLE,0,830,,0,0,,,,PASS,standby
50kwa,300,1000,0.05,cold,SER,PFM,2273,830,0.609,58.3,4.6,88.52,11,27,PASS,,10,23.3,82.5
50kwa,300,1000,0.05,room,SER,PFM,2273,830,0.609,58.3,4.6,88.52,46,63,PASS,,45,23.3,82.5
50kwa,300,1000,0.05,hot,SER,PFM,2273,830,0.609,58.3,4.6,88.51,78,96,PASS,,77,23.3,82.5
50kwa,300,1000,0.1,cold,SER,PFM,4545,830,0.608,58.5,9.1,93.48,13,27,PASS,,11,23.4,82.8
50kwa,300,1000,0.1,room,SER,PFM,4545,830,0.608,58.5,9.1,93.48,48,63,PASS,,46,23.4,82.8
50kwa,300,1000,0.1,hot,SER,PFM,4545,830,0.608,58.5,9.1,93.47,80,96,PASS,,78,23.4,82.8
50kwa,300,1000,0.25,cold,SER,PFM,11364,830,0.607,59.8,22.8,96.53,18,28,PASS,,13,23.9,84.6
50kwa,300,1000,0.25,room,SER,PFM,11364,830,0.607,59.8,22.8,96.51,53,64,PASS,,48,23.9,84.6
50kwa,300,1000,0.25,hot,SER,PFM,11364,830,0.607,59.8,22.8,96.5,86,97,PASS,,80,23.9,84.6
50kwa,300,1000,0.5,cold,SER,PFM,22727,830,0.603,64.3,45.5,97.24,30,30,PASS,,16,25.5,90.9
50kwa,300,1000,0.5,room,SER,PFM,22727,830,0.603,64.3,45.5,97.21,66,66,PASS,,51,25.5,90.9
50kwa,300,1000,0.5,hot,SER,PFM,22727,830,0.603,64.3,45.5,97.18,99,100,PASS,,83,25.5,90.9
50kwa,300,1000,0.75,cold,SER,PFM,34091,830,0.594,71.1,68.3,97.19,47,33,PASS,,20,27.8,100.5
50kwa,300,1000,0.75,room,SER,PFM,34091,830,0.594,71.1,68.3,97.14,84,70,PASS,,55,27.8,100.5
50kwa,300,1000,0.75,hot,SER,PFM,34091,830,0.594,71.1,68.3,97.09,118,103,PASS,,87,27.8,100.5
50kwa,300,1000,1,cold,SER,PFM,45455,830,0.582,79.8,91.1,96.95,69,36,PASS,,24,27.8,102.9
50kwa,300,1000,1,room,SER,PFM,45455,830,0.582,79.8,91.1,96.88,109,74,PASS,,59,27.8,102.9
50kwa,300,1000,1,hot,SER,PFM,45455,830,0.582,79.8,91.1,96.82,145,108,PASS,,91,27.8,102.9
50kwa,330,150,0,cold,PAR,IDLE,0,650,,0,0,,,,PASS,standby
50kwa,330,150,0,room,PAR,IDLE,0,650,,0,0,,,,PASS,standby
50kwa,330,150,0,hot,PAR,IDLE,0,650,,0,0,,,,PASS,standby
50kwa,330,150,0.05,cold,PAR,PSM,1253,650,1.45,7.7,2.3,35.49,11,212,FAIL,LIMIT: TjLLC eta<88,10,6.5,12.3
50kwa,330,150,0.05,room,PAR,PSM,1253,650,1.45,7.7,2.3,35.49,46,247,FAIL,LIMIT: TjLLC eta<88,45,6.5,12.3
50kwa,330,150,0.05,hot,PAR,PSM,1253,650,1.45,7.7,2.3,35.49,78,279,FAIL,LIMIT: TjLLC eta<88,77,6.5,12.3
50kwa,330,150,0.1,cold,PAR,PSM,2505,650,1.45,8.7,4.6,51.99,11,212,FAIL,LIMIT: TjLLC eta<88,11,7.3,13.8
50kwa,330,150,0.1,room,PAR,PSM,2505,650,1.45,8.7,4.6,51.99,46,247,FAIL,LIMIT: TjLLC eta<88,46,7.3,13.8
50kwa,330,150,0.1,hot,PAR,PSM,2505,650,1.45,8.7,4.6,51.99,78,279,FAIL,LIMIT: TjLLC eta<88,78,7.3,13.8
50kwa,330,150,0.25,cold,PAR,PSM,6263,650,1.45,13.6,11.4,71.9,13,213,FAIL,LIMIT: TjLLC eta<88,12,11.5,21.8
50kwa,330,150,0.25,room,PAR,PSM,6263,650,1.45,13.6,11.4,71.89,48,248,FAIL,LIMIT: TjLLC eta<88,47,11.5,21.8
50kwa,330,150,0.25,hot,PAR,PSM,6263,650,1.45,13.6,11.4,71.89,80,280,FAIL,LIMIT: TjLLC eta<88,79,11.5,21.8
50kwa,330,150,0.5,cold,PAR,PSM,12525,650,1.45,24.1,22.8,82.03,17,214,FAIL,LIMIT: TjLLC eta<88,15,20.3,38.5
50kwa,330,150,0.5,room,PAR,PSM,12525,650,1.45,24.1,22.8,82.01,52,250,FAIL,LIMIT: TjLLC eta<88,50,20.3,38.5
50kwa,330,150,0.5,hot,PAR,PSM,12525,650,1.45,24.1,22.8,81.99,84,282,FAIL,LIMIT: TjLLC eta<88,82,20.3,38.5
50kwa,330,150,0.75,cold,PAR,PSM,18788,650,1.45,35.1,34.2,85.75,22,217,FAIL,LIMIT: TjLLC eta<88,18,29.7,56.2
50kwa,330,150,0.75,room,PAR,PSM,18788,650,1.45,35.1,34.2,85.72,57,252,FAIL,LIMIT: TjLLC eta<88,53,29.7,56.2
50kwa,330,150,0.75,hot,PAR,PSM,18788,650,1.45,35.1,34.2,85.69,90,285,FAIL,LIMIT: TjLLC eta<88,85,29.7,56.2
50kwa,330,150,1,cold,PAR,PSM,25050,650,1.45,46.4,45.6,87.5,27,221,FAIL,LIMIT: TjLLC eta<88,22,39.2,74.2
50kwa,330,150,1,room,PAR,PSM,25050,650,1.45,46.4,45.6,87.45,63,257,FAIL,LIMIT: TjLLC eta<88,57,39.2,74.2
50kwa,330,150,1,hot,PAR,PSM,25050,650,1.45,46.4,45.6,87.41,96,289,FAIL,LIMIT: TjLLC eta<88,89,39.2,74.2
50kwa,330,200,0,cold,PAR,IDLE,0,650,,0,0,,,,PASS,standby
50kwa,330,200,0,room,PAR,IDLE,0,650,,0,0,,,,PASS,standby
50kwa,330,200,0,hot,PAR,IDLE,0,650,,0,0,,,,PASS,standby
50kwa,330,200,0.05,cold,PAR,PSM,1670,650,1.45,10.9,3,87.02,11,36,PASS,,11,9.2,17.4
50kwa,330,200,0.05,room,PAR,PSM,1670,650,1.45,10.9,3,87.02,46,71,PASS,,46,9.2,17.4
50kwa,330,200,0.05,hot,PAR,PSM,1670,650,1.45,10.9,3,87.02,78,104,PASS,,78,9.2,17.4
50kwa,330,200,0.1,cold,PAR,PSM,3340,650,1.45,13.6,6.1,92.04,11,37,PASS,,12,11.5,21.8
50kwa,330,200,0.1,room,PAR,PSM,3340,650,1.45,13.6,6.1,92.04,46,72,PASS,,47,11.5,21.8
50kwa,330,200,0.1,hot,PAR,PSM,3340,650,1.45,13.6,6.1,92.03,79,104,PASS,,79,11.5,21.8
50kwa,330,200,0.25,cold,PAR,PSM,8350,650,1.45,25.6,15.2,94.94,14,38,PASS,,15,21.6,41
50kwa,330,200,0.25,room,PAR,PSM,8350,650,1.45,25.6,15.2,94.93,49,73,PASS,,50,21.6,41
50kwa,330,200,0.25,hot,PAR,PSM,8350,650,1.45,25.6,15.2,94.92,81,105,PASS,,82,21.6,41
50kwa,330,200,0.5,cold,PAR,PSM,16700,650,1.45,48.3,30.4,95.37,20,42,PASS,,23,40.8,77.3
50kwa,330,200,0.5,room,PAR,PSM,16700,650,1.45,48.3,30.4,95.35,55,78,PASS,,58,40.8,77.3
50kwa,330,200,0.5,hot,PAR,PSM,16700,650,1.45,48.3,30.4,95.33,88,110,PASS,,90,40.8,77.3
50kwa,330,200,0.75,cold,PAR,PSM,25050,650,1.45,71.7,45.6,95.06,27,49,PASS,,33,60.5,114.7
50kwa,330,200,0.75,room,PAR,PSM,25050,650,1.45,71.7,45.6,95.04,63,86,PASS,,68,60.5,114.7
50kwa,330,200,0.75,hot,PAR,PSM,25050,650,1.45,71.7,45.6,95.01,96,119,PASS,,100,60.5,114.7
50kwa,330,200,1,cold,PAR,PSM,33400,650,1.45,95.2,60.9,94.58,37,66,PASS,,45,80.4,152.3
50kwa,330,200,1,room,PAR,PSM,33400,650,1.45,95.2,60.9,94.54,74,105,PASS,,80,80.4,152.3
50kwa,330,200,1,hot,PAR,PSM,33400,650,1.45,95.2,60.9,94.51,107,140,PASS,,112,80.4,152.3
50kwa,330,250,0,cold,PAR,IDLE,0,650,,0,0,,,,PASS,standby
50kwa,330,250,0,room,PAR,IDLE,0,650,,0,0,,,,PASS,standby
50kwa,330,250,0,hot,PAR,IDLE,0,650,,0,0,,,,PASS,standby
50kwa,330,250,0.05,cold,PAR,PSM,2088,650,1.45,13.1,3.8,94.18,11,15,PASS,,11,11.1,21
50kwa,330,250,0.05,room,PAR,PSM,2088,650,1.45,13.1,3.8,94.18,46,50,PASS,,46,11.1,21
50kwa,330,250,0.05,hot,PAR,PSM,2088,650,1.45,13.1,3.8,94.18,78,82,PASS,,78,11.1,21
50kwa,330,250,0.1,cold,PAR,PSM,4175,650,1.45,15.5,7.6,96.09,12,16,PASS,,12,13.1,24.7
50kwa,330,250,0.1,room,PAR,PSM,4175,650,1.45,15.5,7.6,96.08,47,51,PASS,,47,13.1,24.7
50kwa,330,250,0.1,hot,PAR,PSM,4175,650,1.45,15.5,7.6,96.08,79,83,PASS,,79,13.1,24.7
50kwa,330,250,0.25,cold,PAR,PSM,10438,650,1.45,26.6,19,96.89,15,21,PASS,,15,22.5,42.6
50kwa,330,250,0.25,room,PAR,PSM,10438,650,1.45,26.6,19,96.87,51,56,PASS,,50,22.5,42.6
50kwa,330,250,0.25,hot,PAR,PSM,10438,650,1.45,26.6,19,96.86,83,88,PASS,,82,22.5,42.6
50kwa,330,250,0.5,cold,PAR,PSM,20875,650,1.45,48.9,38,96.62,23,32,PASS,,23,41.3,78.2
50kwa,330,250,0.5,room,PAR,PSM,20875,650,1.45,48.9,38,96.59,59,68,PASS,,58,41.3,78.2
50kwa,330,250,0.5,hot,PAR,PSM,20875,650,1.45,48.9,38,96.57,92,101,PASS,,90,41.3,78.2
50kwa,330,250,0.75,cold,PAR,PSM,31313,650,1.45,72,57,96.1,34,47,PASS,,33,60.8,115.3
50kwa,330,250,0.75,room,PAR,PSM,31313,650,1.45,72,57,96.07,71,84,PASS,,68,60.8,115.3
50kwa,330,250,0.75,hot,PAR,PSM,31313,650,1.45,72,57,96.04,104,118,PASS,,100,60.8,115.3
50kwa,330,250,1,cold,PAR,PFM,41750,650,1.428,95.5,76.1,95.35,49,60,PASS,,45,65.9,126.7
50kwa,330,250,1,room,PAR,PFM,41750,650,1.428,95.5,76.1,95.3,87,98,PASS,,80,65.9,126.7
50kwa,330,250,1,hot,PAR,PFM,41750,650,1.428,95.5,76.1,95.26,121,133,PASS,,112,65.9,126.7
50kwa,330,300,0,cold,PAR,IDLE,0,650,,0,0,,,,PASS,standby
50kwa,330,300,0,room,PAR,IDLE,0,650,,0,0,,,,PASS,standby
50kwa,330,300,0,hot,PAR,IDLE,0,650,,0,0,,,,PASS,standby
50kwa,330,300,0.05,cold,PAR,PFM,2500,650,1.191,18.5,4.6,94.64,11,15,PASS,,11,11.3,26.1
50kwa,330,300,0.05,room,PAR,PFM,2500,650,1.191,18.5,4.6,94.64,46,50,PASS,,46,11.3,26.1
50kwa,330,300,0.05,hot,PAR,PFM,2500,650,1.191,18.5,4.6,94.64,78,82,PASS,,78,11.3,26.1
50kwa,330,300,0.1,cold,PAR,PFM,5000,650,1.191,20.2,9.1,96.43,12,16,PASS,,12,12.4,28.6
50kwa,330,300,0.1,room,PAR,PFM,5000,650,1.191,20.2,9.1,96.43,47,51,PASS,,47,12.4,28.6
50kwa,330,300,0.1,hot,PAR,PFM,5000,650,1.191,20.2,9.1,96.42,79,83,PASS,,79,12.4,28.6
50kwa,330,300,0.25,cold,PAR,PFM,12500,650,1.188,29.6,22.8,97.16,17,19,PASS,,15,17.8,41.2
50kwa,330,300,0.25,room,PAR,PFM,12500,650,1.188,29.6,22.8,97.15,52,54,PASS,,50,17.8,41.2
50kwa,330,300,0.25,hot,PAR,PFM,12500,650,1.188,29.6,22.8,97.14,84,87,PASS,,82,17.8,41.2
50kwa,330,300,0.5,cold,PAR,PFM,25000,650,1.181,50.6,45.5,96.98,27,25,PASS,,23,22.6,52.5
50kwa,330,300,0.5,room,PAR,PFM,25000,650,1.181,50.6,45.5,96.96,63,61,PASS,,58,22.6,52.5
50kwa,330,300,0.5,hot,PAR,PFM,25000,650,1.181,50.6,45.5,96.93,96,94,PASS,,90,22.6,52.5
50kwa,330,300,0.75,cold,PAR,PFM,37500,650,1.171,73.2,68.3,96.5,42,34,PASS,,32,28.7,67.3
50kwa,330,300,0.75,room,PAR,PFM,37500,650,1.171,73.2,68.3,96.46,80,71,PASS,,67,28.7,67.3
50kwa,330,300,0.75,hot,PAR,PFM,37500,650,1.171,73.2,68.3,96.42,114,105,PASS,,99,28.7,67.3
50kwa,330,300,1,cold,PAR,PFM,50000,650,1.159,96.2,91.1,95.94,63,47,PASS,,45,35.3,83.6
50kwa,330,300,1,room,PAR,PFM,50000,650,1.159,96.2,91.1,95.88,102,86,PASS,,80,35.3,83.6
50kwa,330,300,1,hot,PAR,PFM,50000,650,1.159,96.2,91.1,95.83,139,121,PASS,,112,35.3,83.6
50kwa,330,400,0,cold,PAR,IDLE,0,830,,0,0,,,,PASS,standby
50kwa,330,400,0,room,PAR,IDLE,0,830,,0,0,,,,PASS,standby
50kwa,330,400,0,hot,PAR,IDLE,0,830,,0,0,,,,PASS,standby
50kwa,330,400,0.05,cold,PAR,PFM,2500,830,1.084,26.4,4.6,93.31,11,19,PASS,,11,18.8,37.4
50kwa,330,400,0.05,room,PAR,PFM,2500,830,1.084,26.4,4.6,93.31,46,54,PASS,,46,18.8,37.4
50kwa,330,400,0.05,hot,PAR,PFM,2500,830,1.084,26.4,4.6,93.31,78,87,PASS,,78,18.8,37.4
50kwa,330,400,0.1,cold,PAR,PFM,5000,830,1.084,27.1,9.1,95.93,13,19,PASS,,11,19.3,38.4
50kwa,330,400,0.1,room,PAR,PFM,5000,830,1.084,27.1,9.1,95.92,48,55,PASS,,46,19.3,38.4
50kwa,330,400,0.1,hot,PAR,PFM,5000,830,1.084,27.1,9.1,95.92,80,87,PASS,,78,19.3,38.4
50kwa,330,400,0.25,cold,PAR,PFM,12500,830,1.084,31.6,22.8,97.29,18,21,PASS,,14,22.5,44.7
50kwa,330,400,0.25,room,PAR,PFM,12500,830,1.084,31.6,22.8,97.27,53,57,PASS,,49,22.5,44.7
50kwa,330,400,0.25,hot,PAR,PFM,12500,830,1.084,31.6,22.8,97.26,86,89,PASS,,81,22.5,44.7
50kwa,330,400,0.5,cold,PAR,PFM,25000,830,1.083,44.1,45.5,97.36,30,26,PASS,,19,28.8,57.1
50kwa,330,400,0.5,room,PAR,PFM,25000,830,1.083,44.1,45.5,97.33,66,62,PASS,,54,28.8,57.1
50kwa,330,400,0.5,hot,PAR,PFM,25000,830,1.083,44.1,45.5,97.3,99,94,PASS,,86,28.8,57.1
50kwa,330,400,0.75,cold,PAR,PFM,37500,830,1.082,59.3,68.3,97.11,47,31,PASS,,25,30.8,61.2
50kwa,330,400,0.75,room,PAR,PFM,37500,830,1.082,59.3,68.3,97.07,84,67,PASS,,60,30.8,61.2
50kwa,330,400,0.75,hot,PAR,PFM,37500,830,1.082,59.3,68.3,97.02,118,100,PASS,,92,30.8,61.2
50kwa,330,400,1,cold,PAR,PFM,50000,830,1.081,75.6,91.1,96.73,69,37,PASS,,32,33.4,66.4
50kwa,330,400,1,room,PAR,PFM,50000,830,1.081,75.6,91.1,96.67,109,74,PASS,,67,33.4,66.4
50kwa,330,400,1,hot,PAR,PFM,50000,830,1.081,75.6,91.1,96.61,145,108,PASS,,99,33.4,66.4
50kwa,330,500,0,cold,PAR,IDLE,0,830,,0,0,,,,PASS,standby
50kwa,330,500,0,room,PAR,IDLE,0,830,,0,0,,,,PASS,standby
50kwa,330,500,0,hot,PAR,IDLE,0,830,,0,0,,,,PASS,standby
50kwa,330,500,0.05,cold,PAR,PFM,2500,830,0.609,58.4,4.6,89.32,11,27,PASS,,10,23.3,82.5
50kwa,330,500,0.05,room,PAR,PFM,2500,830,0.609,58.4,4.6,89.32,46,63,PASS,,45,23.3,82.5
50kwa,330,500,0.05,hot,PAR,PFM,2500,830,0.609,58.4,4.6,89.32,78,96,PASS,,77,23.3,82.5
50kwa,330,500,0.1,cold,PAR,PFM,5000,830,0.608,58.6,9.1,93.89,13,27,PASS,,11,23.4,82.8
50kwa,330,500,0.1,room,PAR,PFM,5000,830,0.608,58.6,9.1,93.88,48,63,PASS,,46,23.4,82.8
50kwa,330,500,0.1,hot,PAR,PFM,5000,830,0.608,58.6,9.1,93.88,80,97,PASS,,78,23.4,82.8
50kwa,330,500,0.25,cold,PAR,PFM,12500,830,0.607,60.1,22.8,96.65,18,28,PASS,,13,24,85.1
50kwa,330,500,0.25,room,PAR,PFM,12500,830,0.607,60.1,22.8,96.64,53,64,PASS,,48,24,85.1
50kwa,330,500,0.25,hot,PAR,PFM,12500,830,0.607,60.1,22.8,96.62,86,97,PASS,,80,24,85.1
50kwa,330,500,0.5,cold,PAR,PFM,25000,830,0.601,65.4,45.5,97.27,30,30,PASS,,16,25.9,92.6
50kwa,330,500,0.5,room,PAR,PFM,25000,830,0.601,65.4,45.5,97.24,66,67,PASS,,51,25.9,92.6
50kwa,330,500,0.5,hot,PAR,PFM,25000,830,0.601,65.4,45.5,97.21,99,100,PASS,,83,25.9,92.6
50kwa,330,500,0.75,cold,PAR,PFM,37500,830,0.591,73.5,68.3,97.2,47,34,PASS,,21,28.6,104
50kwa,330,500,0.75,room,PAR,PFM,37500,830,0.591,73.5,68.3,97.15,84,71,PASS,,56,28.6,104
50kwa,330,500,0.75,hot,PAR,PFM,37500,830,0.591,73.5,68.3,97.11,118,105,PASS,,88,28.6,104
50kwa,330,500,1,cold,PAR,PFM,50000,830,0.575,83.8,91.1,96.97,69,38,PASS,,26,26.6,99.5
50kwa,330,500,1,room,PAR,PFM,50000,830,0.575,83.8,91.1,96.91,109,75,PASS,,61,26.6,99.5
50kwa,330,500,1,hot,PAR,PFM,50000,830,0.575,83.8,91.1,96.85,145,109,PASS,,93,26.6,99.5
50kwa,330,500,0,cold,SER,IDLE,0,650,,0,0,,,,PASS,standby
50kwa,330,500,0,room,SER,IDLE,0,650,,0,0,,,,PASS,standby
50kwa,330,500,0,hot,SER,IDLE,0,650,,0,0,,,,PASS,standby
50kwa,330,500,0.05,cold,SER,PSM,2500,650,1.45,13.5,4.6,95.02,11,15,PASS,,11,11.4,21.6
50kwa,330,500,0.05,room,SER,PSM,2500,650,1.45,13.5,4.6,95.01,46,50,PASS,,46,11.4,21.6
50kwa,330,500,0.05,hot,SER,PSM,2500,650,1.45,13.5,4.6,95.01,78,82,PASS,,78,11.4,21.6
50kwa,330,500,0.1,cold,SER,PSM,5000,650,1.45,16.7,9.1,96.57,12,16,PASS,,12,14.1,26.7
50kwa,330,500,0.1,room,SER,PSM,5000,650,1.45,16.7,9.1,96.56,47,51,PASS,,47,14.1,26.7
50kwa,330,500,0.1,hot,SER,PSM,5000,650,1.45,16.7,9.1,96.55,79,83,PASS,,79,14.1,26.7
50kwa,330,500,0.25,cold,SER,PSM,12500,650,1.45,30.9,22.8,97.08,17,23,PASS,,16,26.1,49.4
50kwa,330,500,0.25,room,SER,PSM,12500,650,1.45,30.9,22.8,97.07,52,58,PASS,,51,26.1,49.4
50kwa,330,500,0.25,hot,SER,PSM,12500,650,1.45,30.9,22.8,97.05,84,90,PASS,,83,26.1,49.4
50kwa,330,500,0.5,cold,SER,PSM,25000,650,1.45,58,45.5,96.62,27,38,PASS,,26,49,92.8
50kwa,330,500,0.5,room,SER,PSM,25000,650,1.45,58,45.5,96.59,63,74,PASS,,61,49,92.8
50kwa,330,500,0.5,hot,SER,PSM,25000,650,1.45,58,45.5,96.57,96,107,PASS,,93,49,92.8
50kwa,330,500,0.75,cold,SER,PSM,37500,650,1.45,85.9,68.3,95.96,42,58,PASS,,40,72.6,137.5
50kwa,330,500,0.75,room,SER,PSM,37500,650,1.45,85.9,68.3,95.92,80,96,PASS,,75,72.6,137.5
50kwa,330,500,0.75,hot,SER,PSM,37500,650,1.45,85.9,68.3,95.88,114,130,PASS,,107,72.6,137.5
50kwa,330,500,1,cold,SER,PFM,50000,650,1.384,114.1,91.1,95.08,63,77,PASS,,56,76,150.9
50kwa,330,500,1,room,SER,PFM,50000,650,1.384,114.1,91.1,95.02,102,116,PASS,,91,76,150.9
50kwa,330,500,1,hot,SER,PFM,50000,650,1.384,106.2,91.1,95.01,139,144,PASS,thermal derate to 93% ,118,70.9,140.7
50kwa,330,750,0,cold,SER,IDLE,0,789,,0,0,,,,PASS,standby
50kwa,330,750,0,room,SER,IDLE,0,789,,0,0,,,,PASS,standby
50kwa,330,750,0,hot,SER,IDLE,0,789,,0,0,,,,PASS,standby
50kwa,330,750,0.05,cold,SER,PFM,2500,789,1.119,24.1,4.6,93.83,11,18,PASS,,11,16.8,34
50kwa,330,750,0.05,room,SER,PFM,2500,789,1.119,24.1,4.6,93.83,46,53,PASS,,46,16.8,34
50kwa,330,750,0.05,hot,SER,PFM,2500,789,1.119,24.1,4.6,93.83,78,85,PASS,,78,16.8,34
50kwa,330,750,0.1,cold,SER,PFM,5000,789,1.119,24.9,9.1,96.23,13,18,PASS,,11,17.5,35.3
50kwa,330,750,0.1,room,SER,PFM,5000,789,1.119,24.9,9.1,96.23,48,54,PASS,,46,17.5,35.3
50kwa,330,750,0.1,hot,SER,PFM,5000,789,1.119,24.9,9.1,96.22,80,86,PASS,,78,17.5,35.3
50kwa,330,750,0.25,cold,SER,PFM,12500,789,1.118,30.4,22.8,97.42,18,21,PASS,,14,21.2,43
50kwa,330,750,0.25,room,SER,PFM,12500,789,1.118,30.4,22.8,97.41,53,56,PASS,,49,21.2,43
50kwa,330,750,0.25,hot,SER,PFM,12500,789,1.118,30.4,22.8,97.4,85,88,PASS,,81,21.2,43
50kwa,330,750,0.5,cold,SER,PFM,25000,789,1.117,44.7,45.5,97.44,29,25,PASS,,19,26.9,54.5
50kwa,330,750,0.5,room,SER,PFM,25000,789,1.117,44.7,45.5,97.41,66,61,PASS,,54,26.9,54.5
50kwa,330,750,0.5,hot,SER,PFM,25000,789,1.117,44.7,45.5,97.38,98,94,PASS,,86,26.9,54.5
50kwa,330,750,0.75,cold,SER,PFM,37500,789,1.115,61.5,68.3,97.14,46,31,PASS,,26,30.1,61
50kwa,330,750,0.75,room,SER,PFM,37500,789,1.115,61.5,68.3,97.09,83,67,PASS,,61,30.1,61
50kwa,330,750,0.75,hot,SER,PFM,37500,789,1.115,61.5,68.3,97.05,117,100,PASS,,93,30.1,61
50kwa,330,750,1,cold,SER,PFM,50000,789,1.112,79.3,91.1,96.72,68,39,PASS,,35,33.9,69
50kwa,330,750,1,room,SER,PFM,50000,789,1.112,79.3,91.1,96.66,107,76,PASS,,70,33.9,69
50kwa,330,750,1,hot,SER,PFM,50000,789,1.112,79.3,91.1,96.6,143,110,PASS,,102,33.9,69
50kwa,330,1000,0,cold,SER,IDLE,0,830,,0,0,,,,PASS,standby
50kwa,330,1000,0,room,SER,IDLE,0,830,,0,0,,,,PASS,standby
50kwa,330,1000,0,hot,SER,IDLE,0,830,,0,0,,,,PASS,standby
50kwa,330,1000,0.05,cold,SER,PFM,2500,830,0.609,58.4,4.6,89.41,11,27,PASS,,10,23.3,82.5
50kwa,330,1000,0.05,room,SER,PFM,2500,830,0.609,58.4,4.6,89.4,46,63,PASS,,45,23.3,82.5
50kwa,330,1000,0.05,hot,SER,PFM,2500,830,0.609,58.4,4.6,89.4,78,96,PASS,,77,23.3,82.5
50kwa,330,1000,0.1,cold,SER,PFM,5000,830,0.608,58.6,9.1,93.98,13,27,PASS,,11,23.4,82.8
50kwa,330,1000,0.1,room,SER,PFM,5000,830,0.608,58.6,9.1,93.98,48,63,PASS,,46,23.4,82.8
50kwa,330,1000,0.1,hot,SER,PFM,5000,830,0.608,58.6,9.1,93.97,80,97,PASS,,78,23.4,82.8
50kwa,330,1000,0.25,cold,SER,PFM,12500,830,0.607,60.1,22.8,96.75,18,28,PASS,,13,24,85.1
50kwa,330,1000,0.25,room,SER,PFM,12500,830,0.607,60.1,22.8,96.73,53,64,PASS,,48,24,85.1
50kwa,330,1000,0.25,hot,SER,PFM,12500,830,0.607,60.1,22.8,96.72,86,97,PASS,,80,24,85.1
50kwa,330,1000,0.5,cold,SER,PFM,25000,830,0.601,65.4,45.5,97.37,30,30,PASS,,16,25.9,92.6
50kwa,330,1000,0.5,room,SER,PFM,25000,830,0.601,65.4,45.5,97.34,66,67,PASS,,51,25.9,92.6
50kwa,330,1000,0.5,hot,SER,PFM,25000,830,0.601,65.4,45.5,97.31,99,100,PASS,,83,25.9,92.6
50kwa,330,1000,0.75,cold,SER,PFM,37500,830,0.591,73.5,68.3,97.3,47,34,PASS,,21,28.6,104
50kwa,330,1000,0.75,room,SER,PFM,37500,830,0.591,73.5,68.3,97.25,84,71,PASS,,56,28.6,104
50kwa,330,1000,0.75,hot,SER,PFM,37500,830,0.591,73.5,68.3,97.21,118,105,PASS,,88,28.6,104
50kwa,330,1000,1,cold,SER,PFM,50000,830,0.575,83.8,91.1,97.07,69,38,PASS,,26,26.6,99.5
50kwa,330,1000,1,room,SER,PFM,50000,830,0.575,83.8,91.1,97.01,109,75,PASS,,61,26.6,99.5
50kwa,330,1000,1,hot,SER,PFM,50000,830,0.575,83.8,91.1,96.95,145,109,PASS,,93,26.6,99.5
50kwa,400,150,0,cold,PAR,IDLE,0,650,,0,0,,,,PASS,standby
50kwa,400,150,0,room,PAR,IDLE,0,650,,0,0,,,,PASS,standby
50kwa,400,150,0,hot,PAR,IDLE,0,650,,0,0,,,,PASS,standby
50kwa,400,150,0.05,cold,PAR,PSM,1253,650,1.45,7.7,1.9,35.49,10,212,FAIL,LIMIT: TjLLC eta<88,10,6.5,12.3
50kwa,400,150,0.05,room,PAR,PSM,1253,650,1.45,7.7,1.9,35.49,45,247,FAIL,LIMIT: TjLLC eta<88,45,6.5,12.3
50kwa,400,150,0.05,hot,PAR,PSM,1253,650,1.45,7.7,1.9,35.49,77,279,FAIL,LIMIT: TjLLC eta<88,77,6.5,12.3
50kwa,400,150,0.1,cold,PAR,PSM,2505,650,1.45,8.7,3.8,52.01,11,212,FAIL,LIMIT: TjLLC eta<88,11,7.3,13.8
50kwa,400,150,0.1,room,PAR,PSM,2505,650,1.45,8.7,3.8,52.01,46,247,FAIL,LIMIT: TjLLC eta<88,46,7.3,13.8
50kwa,400,150,0.1,hot,PAR,PSM,2505,650,1.45,8.7,3.8,52.01,78,279,FAIL,LIMIT: TjLLC eta<88,78,7.3,13.8
50kwa,400,150,0.25,cold,PAR,PSM,6263,650,1.45,13.6,9.4,71.96,12,213,FAIL,LIMIT: TjLLC eta<88,12,11.5,21.8
50kwa,400,150,0.25,room,PAR,PSM,6263,650,1.45,13.6,9.4,71.96,47,248,FAIL,LIMIT: TjLLC eta<88,47,11.5,21.8
50kwa,400,150,0.25,hot,PAR,PSM,6263,650,1.45,13.6,9.4,71.95,79,280,FAIL,LIMIT: TjLLC eta<88,79,11.5,21.8
50kwa,400,150,0.5,cold,PAR,PSM,12525,650,1.45,24.1,18.8,82.17,15,214,FAIL,LIMIT: TjLLC eta<88,15,20.3,38.5
50kwa,400,150,0.5,room,PAR,PSM,12525,650,1.45,24.1,18.8,82.15,51,250,FAIL,LIMIT: TjLLC eta<88,50,20.3,38.5
50kwa,400,150,0.5,hot,PAR,PSM,12525,650,1.45,24.1,18.8,82.14,83,282,FAIL,LIMIT: TjLLC eta<88,82,20.3,38.5
50kwa,400,150,0.75,cold,PAR,PSM,18788,650,1.45,35.1,28.2,85.96,19,217,FAIL,LIMIT: TjLLC eta<88,18,29.7,56.2
50kwa,400,150,0.75,room,PAR,PSM,18788,650,1.45,35.1,28.2,85.94,54,252,FAIL,LIMIT: TjLLC eta<88,53,29.7,56.2
50kwa,400,150,0.75,hot,PAR,PSM,18788,650,1.45,35.1,28.2,85.92,87,285,FAIL,LIMIT: TjLLC eta<88,85,29.7,56.2
50kwa,400,150,1,cold,PAR,PSM,25050,650,1.45,46.4,37.7,87.79,23,221,FAIL,LIMIT: TjLLC eta<88,22,39.2,74.2
50kwa,400,150,1,room,PAR,PSM,25050,650,1.45,46.4,37.7,87.75,59,257,FAIL,LIMIT: TjLLC eta<88,57,39.2,74.2
50kwa,400,150,1,hot,PAR,PSM,25050,650,1.45,46.4,37.7,87.72,91,289,FAIL,LIMIT: TjLLC eta<88,89,39.2,74.2
50kwa,400,200,0,cold,PAR,IDLE,0,650,,0,0,,,,PASS,standby
50kwa,400,200,0,room,PAR,IDLE,0,650,,0,0,,,,PASS,standby
50kwa,400,200,0,hot,PAR,IDLE,0,650,,0,0,,,,PASS,standby
50kwa,400,200,0.05,cold,PAR,PSM,1670,650,1.45,10.9,2.5,87.04,11,36,PASS,,11,9.2,17.4
50kwa,400,200,0.05,room,PAR,PSM,1670,650,1.45,10.9,2.5,87.04,46,71,PASS,,46,9.2,17.4
50kwa,400,200,0.05,hot,PAR,PSM,1670,650,1.45,10.9,2.5,87.04,78,104,PASS,,78,9.2,17.4
50kwa,400,200,0.1,cold,PAR,PSM,3340,650,1.45,13.6,5,92.07,11,37,PASS,,12,11.5,21.8
50kwa,400,200,0.1,room,PAR,PSM,3340,650,1.45,13.6,5,92.07,46,72,PASS,,47,11.5,21.8
50kwa,400,200,0.1,hot,PAR,PSM,3340,650,1.45,13.6,5,92.07,78,104,PASS,,79,11.5,21.8
50kwa,400,200,0.25,cold,PAR,PSM,8350,650,1.45,25.6,12.6,95,13,38,PASS,,15,21.6,41
50kwa,400,200,0.25,room,PAR,PSM,8350,650,1.45,25.6,12.6,94.99,48,73,PASS,,50,21.6,41
50kwa,400,200,0.25,hot,PAR,PSM,8350,650,1.45,25.6,12.6,94.99,80,105,PASS,,82,21.6,41
50kwa,400,200,0.5,cold,PAR,PSM,16700,650,1.45,48.3,25.1,95.48,18,42,PASS,,23,40.8,77.3
50kwa,400,200,0.5,room,PAR,PSM,16700,650,1.45,48.3,25.1,95.47,53,78,PASS,,58,40.8,77.3
50kwa,400,200,0.5,hot,PAR,PSM,16700,650,1.45,48.3,25.1,95.46,85,110,PASS,,90,40.8,77.3
50kwa,400,200,0.75,cold,PAR,PSM,25050,650,1.45,71.7,37.7,95.23,23,49,PASS,,33,60.5,114.7
50kwa,400,200,0.75,room,PAR,PSM,25050,650,1.45,71.7,37.7,95.21,59,86,PASS,,68,60.5,114.7
50kwa,400,200,0.75,hot,PAR,PSM,25050,650,1.45,71.7,37.7,95.19,91,119,PASS,,100,60.5,114.7
50kwa,400,200,1,cold,PAR,PSM,33400,650,1.45,95.2,50.2,94.79,30,66,PASS,,45,80.4,152.3
50kwa,400,200,1,room,PAR,PSM,33400,650,1.45,95.2,50.2,94.77,66,105,PASS,,80,80.4,152.3
50kwa,400,200,1,hot,PAR,PSM,33400,650,1.45,95.2,50.2,94.74,99,140,PASS,,112,80.4,152.3
50kwa,400,250,0,cold,PAR,IDLE,0,650,,0,0,,,,PASS,standby
50kwa,400,250,0,room,PAR,IDLE,0,650,,0,0,,,,PASS,standby
50kwa,400,250,0,hot,PAR,IDLE,0,650,,0,0,,,,PASS,standby
50kwa,400,250,0.05,cold,PAR,PSM,2088,650,1.45,13.1,3.1,94.21,11,15,PASS,,11,11.1,21
50kwa,400,250,0.05,room,PAR,PSM,2088,650,1.45,13.1,3.1,94.21,46,50,PASS,,46,11.1,21
50kwa,400,250,0.05,hot,PAR,PSM,2088,650,1.45,13.1,3.1,94.21,78,82,PASS,,78,11.1,21
50kwa,400,250,0.1,cold,PAR,PSM,4175,650,1.45,15.5,6.3,96.13,12,16,PASS,,12,13.1,24.7
50kwa,400,250,0.1,room,PAR,PSM,4175,650,1.45,15.5,6.3,96.12,47,51,PASS,,47,13.1,24.7
50kwa,400,250,0.1,hot,PAR,PSM,4175,650,1.45,15.5,6.3,96.12,79,83,PASS,,79,13.1,24.7
50kwa,400,250,0.25,cold,PAR,PSM,10438,650,1.45,26.6,15.7,96.96,14,21,PASS,,15,22.5,42.6
50kwa,400,250,0.25,room,PAR,PSM,10438,650,1.45,26.6,15.7,96.96,49,56,PASS,,50,22.5,42.6
50kwa,400,250,0.25,hot,PAR,PSM,10438,650,1.45,26.6,15.7,96.95,82,88,PASS,,82,22.5,42.6
50kwa,400,250,0.5,cold,PAR,PSM,20875,650,1.45,48.9,31.4,96.76,20,32,PASS,,23,41.3,78.2
50kwa,400,250,0.5,room,PAR,PSM,20875,650,1.45,48.9,31.4,96.74,56,68,PASS,,58,41.3,78.2
50kwa,400,250,0.5,hot,PAR,PSM,20875,650,1.45,48.9,31.4,96.73,88,101,PASS,,90,41.3,78.2
50kwa,400,250,0.75,cold,PAR,PSM,31313,650,1.45,72,47.1,96.31,28,47,PASS,,33,60.8,115.3
50kwa,400,250,0.75,room,PAR,PSM,31313,650,1.45,72,47.1,96.29,64,84,PASS,,68,60.8,115.3
50kwa,400,250,0.75,hot,PAR,PSM,31313,650,1.45,72,47.1,96.26,97,118,PASS,,100,60.8,115.3
50kwa,400,250,1,cold,PAR,PFM,41750,650,1.428,95.5,62.8,95.62,38,60,PASS,,45,65.9,126.7
50kwa,400,250,1,room,PAR,PFM,41750,650,1.428,95.5,62.8,95.59,75,98,PASS,,80,65.9,126.7
50kwa,400,250,1,hot,PAR,PFM,41750,650,1.428,95.5,62.8,95.56,109,133,PASS,,112,65.9,126.7
50kwa,400,300,0,cold,PAR,IDLE,0,650,,0,0,,,,PASS,standby
50kwa,400,300,0,room,PAR,IDLE,0,650,,0,0,,,,PASS,standby
50kwa,400,300,0,hot,PAR,IDLE,0,650,,0,0,,,,PASS,standby
50kwa,400,300,0.05,cold,PAR,PFM,2500,650,1.191,18.5,3.8,94.67,11,15,PASS,,11,11.3,26.1
50kwa,400,300,0.05,room,PAR,PFM,2500,650,1.191,18.5,3.8,94.67,46,50,PASS,,46,11.3,26.1
50kwa,400,300,0.05,hot,PAR,PFM,2500,650,1.191,18.5,3.8,94.67,78,82,PASS,,78,11.3,26.1
50kwa,400,300,0.1,cold,PAR,PFM,5000,650,1.191,20.2,7.5,96.48,12,16,PASS,,12,12.4,28.6
50kwa,400,300,0.1,room,PAR,PFM,5000,650,1.191,20.2,7.5,96.47,47,51,PASS,,47,12.4,28.6
50kwa,400,300,0.1,hot,PAR,PFM,5000,650,1.191,20.2,7.5,96.47,79,83,PASS,,79,12.4,28.6
50kwa,400,300,0.25,cold,PAR,PFM,12500,650,1.188,29.6,18.8,97.26,15,19,PASS,,15,17.8,41.2
50kwa,400,300,0.25,room,PAR,PFM,12500,650,1.188,29.6,18.8,97.25,50,54,PASS,,50,17.8,41.2
50kwa,400,300,0.25,hot,PAR,PFM,12500,650,1.188,29.6,18.8,97.24,83,87,PASS,,82,17.8,41.2
50kwa,400,300,0.5,cold,PAR,PFM,25000,650,1.181,50.6,37.6,97.15,23,25,PASS,,23,22.6,52.5
50kwa,400,300,0.5,room,PAR,PFM,25000,650,1.181,50.6,37.6,97.13,59,61,PASS,,58,22.6,52.5
50kwa,400,300,0.5,hot,PAR,PFM,25000,650,1.181,50.6,37.6,97.12,91,94,PASS,,90,22.6,52.5
50kwa,400,300,0.75,cold,PAR,PFM,37500,650,1.171,73.2,56.4,96.75,34,34,PASS,,32,28.7,67.3
50kwa,400,300,0.75,room,PAR,PFM,37500,650,1.171,73.2,56.4,96.72,70,71,PASS,,67,28.7,67.3
50kwa,400,300,0.75,hot,PAR,PFM,37500,650,1.171,73.2,56.4,96.7,104,105,PASS,,99,28.7,67.3
50kwa,400,300,1,cold,PAR,PFM,50000,650,1.159,96.2,75.2,96.28,48,47,PASS,,45,35.3,83.6
50kwa,400,300,1,room,PAR,PFM,50000,650,1.159,96.2,75.2,96.24,86,86,PASS,,80,35.3,83.6
50kwa,400,300,1,hot,PAR,PFM,50000,650,1.159,96.2,75.2,96.21,120,121,PASS,,112,35.3,83.6
50kwa,400,400,0,cold,PAR,IDLE,0,830,,0,0,,,,PASS,standby
50kwa,400,400,0,room,PAR,IDLE,0,830,,0,0,,,,PASS,standby
50kwa,400,400,0,hot,PAR,IDLE,0,830,,0,0,,,,PASS,standby
50kwa,400,400,0.05,cold,PAR,PFM,2500,830,1.084,26.4,3.8,93.34,11,19,PASS,,11,18.8,37.4
50kwa,400,400,0.05,room,PAR,PFM,2500,830,1.084,26.4,3.8,93.34,46,54,PASS,,46,18.8,37.4
50kwa,400,400,0.05,hot,PAR,PFM,2500,830,1.084,26.4,3.8,93.34,78,87,PASS,,78,18.8,37.4
50kwa,400,400,0.1,cold,PAR,PFM,5000,830,1.084,27.1,7.5,95.98,12,19,PASS,,11,19.3,38.4
50kwa,400,400,0.1,room,PAR,PFM,5000,830,1.084,27.1,7.5,95.97,47,55,PASS,,46,19.3,38.4
50kwa,400,400,0.1,hot,PAR,PFM,5000,830,1.084,27.1,7.5,95.97,79,87,PASS,,78,19.3,38.4
50kwa,400,400,0.25,cold,PAR,PFM,12500,830,1.084,31.6,18.8,97.38,16,21,PASS,,14,22.5,44.7
50kwa,400,400,0.25,room,PAR,PFM,12500,830,1.084,31.6,18.8,97.37,52,57,PASS,,49,22.5,44.7
50kwa,400,400,0.25,hot,PAR,PFM,12500,830,1.084,31.6,18.8,97.36,84,89,PASS,,81,22.5,44.7
50kwa,400,400,0.5,cold,PAR,PFM,25000,830,1.083,44.1,37.6,97.53,25,26,PASS,,19,28.8,57.1
50kwa,400,400,0.5,room,PAR,PFM,25000,830,1.083,44.1,37.6,97.51,61,62,PASS,,54,28.8,57.1
50kwa,400,400,0.5,hot,PAR,PFM,25000,830,1.083,44.1,37.6,97.49,94,94,PASS,,86,28.8,57.1
50kwa,400,400,0.75,cold,PAR,PFM,37500,830,1.082,59.3,56.4,97.37,37,31,PASS,,25,30.8,61.2
50kwa,400,400,0.75,room,PAR,PFM,37500,830,1.082,59.3,56.4,97.34,74,67,PASS,,60,30.8,61.2
50kwa,400,400,0.75,hot,PAR,PFM,37500,830,1.082,59.3,56.4,97.31,107,100,PASS,,92,30.8,61.2
50kwa,400,400,1,cold,PAR,PFM,50000,830,1.081,75.6,75.2,97.09,53,37,PASS,,32,33.4,66.4
50kwa,400,400,1,room,PAR,PFM,50000,830,1.081,75.6,75.2,97.04,91,74,PASS,,67,33.4,66.4
50kwa,400,400,1,hot,PAR,PFM,50000,830,1.081,75.6,75.2,97.01,125,108,PASS,,99,33.4,66.4
50kwa,400,500,0,cold,PAR,IDLE,0,830,,0,0,,,,PASS,standby
50kwa,400,500,0,room,PAR,IDLE,0,830,,0,0,,,,PASS,standby
50kwa,400,500,0,hot,PAR,IDLE,0,830,,0,0,,,,PASS,standby
50kwa,400,500,0.05,cold,PAR,PFM,2500,830,0.609,58.4,3.8,89.35,11,27,PASS,,10,23.3,82.5
50kwa,400,500,0.05,room,PAR,PFM,2500,830,0.609,58.4,3.8,89.35,46,63,PASS,,45,23.3,82.5
50kwa,400,500,0.05,hot,PAR,PFM,2500,830,0.609,58.4,3.8,89.34,78,96,PASS,,77,23.3,82.5
50kwa,400,500,0.1,cold,PAR,PFM,5000,830,0.608,58.6,7.5,93.93,12,27,PASS,,11,23.4,82.8
50kwa,400,500,0.1,room,PAR,PFM,5000,830,0.608,58.6,7.5,93.93,47,63,PASS,,46,23.4,82.8
50kwa,400,500,0.1,hot,PAR,PFM,5000,830,0.608,58.6,7.5,93.93,79,97,PASS,,78,23.4,82.8
50kwa,400,500,0.25,cold,PAR,PFM,12500,830,0.607,60.1,18.8,96.74,16,28,PASS,,13,24,85.1
50kwa,400,500,0.25,room,PAR,PFM,12500,830,0.607,60.1,18.8,96.73,52,64,PASS,,48,24,85.1
50kwa,400,500,0.25,hot,PAR,PFM,12500,830,0.607,60.1,18.8,96.72,84,97,PASS,,80,24,85.1
50kwa,400,500,0.5,cold,PAR,PFM,25000,830,0.601,65.4,37.6,97.44,25,30,PASS,,16,25.9,92.6
50kwa,400,500,0.5,room,PAR,PFM,25000,830,0.601,65.4,37.6,97.42,61,67,PASS,,51,25.9,92.6
50kwa,400,500,0.5,hot,PAR,PFM,25000,830,0.601,65.4,37.6,97.41,94,100,PASS,,83,25.9,92.6
50kwa,400,500,0.75,cold,PAR,PFM,37500,830,0.591,73.5,56.4,97.46,37,34,PASS,,21,28.6,104
50kwa,400,500,0.75,room,PAR,PFM,37500,830,0.591,73.5,56.4,97.43,74,71,PASS,,56,28.6,104
50kwa,400,500,0.75,hot,PAR,PFM,37500,830,0.591,73.5,56.4,97.4,107,105,PASS,,88,28.6,104
50kwa,400,500,1,cold,PAR,PFM,50000,830,0.575,83.8,75.2,97.33,53,38,PASS,,26,26.6,99.5
50kwa,400,500,1,room,PAR,PFM,50000,830,0.575,83.8,75.2,97.29,91,75,PASS,,61,26.6,99.5
50kwa,400,500,1,hot,PAR,PFM,50000,830,0.575,83.8,75.2,97.25,125,109,PASS,,93,26.6,99.5
50kwa,400,500,0,cold,SER,IDLE,0,650,,0,0,,,,PASS,standby
50kwa,400,500,0,room,SER,IDLE,0,650,,0,0,,,,PASS,standby
50kwa,400,500,0,hot,SER,IDLE,0,650,,0,0,,,,PASS,standby
50kwa,400,500,0.05,cold,SER,PSM,2500,650,1.45,13.5,3.8,95.04,11,15,PASS,,11,11.4,21.6
50kwa,400,500,0.05,room,SER,PSM,2500,650,1.45,13.5,3.8,95.04,46,50,PASS,,46,11.4,21.6
50kwa,400,500,0.05,hot,SER,PSM,2500,650,1.45,13.5,3.8,95.04,78,82,PASS,,78,11.4,21.6
50kwa,400,500,0.1,cold,SER,PSM,5000,650,1.45,16.7,7.5,96.61,12,16,PASS,,12,14.1,26.7
50kwa,400,500,0.1,room,SER,PSM,5000,650,1.45,16.7,7.5,96.61,47,51,PASS,,47,14.1,26.7
50kwa,400,500,0.1,hot,SER,PSM,5000,650,1.45,16.7,7.5,96.6,79,83,PASS,,79,14.1,26.7
50kwa,400,500,0.25,cold,SER,PSM,12500,650,1.45,30.9,18.8,97.17,15,23,PASS,,16,26.1,49.4
50kwa,400,500,0.25,room,SER,PSM,12500,650,1.45,30.9,18.8,97.16,50,58,PASS,,51,26.1,49.4
50kwa,400,500,0.25,hot,SER,PSM,12500,650,1.45,30.9,18.8,97.15,83,90,PASS,,83,26.1,49.4
50kwa,400,500,0.5,cold,SER,PSM,25000,650,1.45,58,37.6,96.79,23,38,PASS,,26,49,92.8
50kwa,400,500,0.5,room,SER,PSM,25000,650,1.45,58,37.6,96.77,59,74,PASS,,61,49,92.8
50kwa,400,500,0.5,hot,SER,PSM,25000,650,1.45,58,37.6,96.75,91,107,PASS,,93,49,92.8
50kwa,400,500,0.75,cold,SER,PSM,37500,650,1.45,85.9,56.4,96.21,34,58,PASS,,40,72.6,137.5
50kwa,400,500,0.75,room,SER,PSM,37500,650,1.45,85.9,56.4,96.18,70,96,PASS,,75,72.6,137.5
50kwa,400,500,0.75,hot,SER,PSM,37500,650,1.45,85.9,56.4,96.15,104,130,PASS,,107,72.6,137.5
50kwa,400,500,1,cold,SER,PFM,50000,650,1.384,114.1,75.2,95.41,48,77,PASS,,56,76,150.9
50kwa,400,500,1,room,SER,PFM,50000,650,1.384,114.1,75.2,95.37,86,116,PASS,,91,76,150.9
50kwa,400,500,1,hot,SER,PFM,50000,650,1.384,106.2,75.2,95.41,120,144,PASS,thermal derate to 93% ,118,70.9,140.7
50kwa,400,750,0,cold,SER,IDLE,0,789,,0,0,,,,PASS,standby
50kwa,400,750,0,room,SER,IDLE,0,789,,0,0,,,,PASS,standby
50kwa,400,750,0,hot,SER,IDLE,0,789,,0,0,,,,PASS,standby
50kwa,400,750,0.05,cold,SER,PFM,2500,789,1.119,24.1,3.8,93.86,11,18,PASS,,11,16.8,34
50kwa,400,750,0.05,room,SER,PFM,2500,789,1.119,24.1,3.8,93.86,46,53,PASS,,46,16.8,34
50kwa,400,750,0.05,hot,SER,PFM,2500,789,1.119,24.1,3.8,93.86,78,85,PASS,,78,16.8,34
50kwa,400,750,0.1,cold,SER,PFM,5000,789,1.119,24.9,7.5,96.28,12,18,PASS,,11,17.5,35.3
50kwa,400,750,0.1,room,SER,PFM,5000,789,1.119,24.9,7.5,96.27,47,54,PASS,,46,17.5,35.3
50kwa,400,750,0.1,hot,SER,PFM,5000,789,1.119,24.9,7.5,96.27,79,86,PASS,,78,17.5,35.3
50kwa,400,750,0.25,cold,SER,PFM,12500,789,1.118,30.4,18.8,97.52,16,21,PASS,,14,21.2,43
50kwa,400,750,0.25,room,SER,PFM,12500,789,1.118,30.4,18.8,97.51,51,56,PASS,,49,21.2,43
50kwa,400,750,0.25,hot,SER,PFM,12500,789,1.118,30.4,18.8,97.5,84,88,PASS,,81,21.2,43
50kwa,400,750,0.5,cold,SER,PFM,25000,789,1.117,44.7,37.6,97.61,25,25,PASS,,19,26.9,54.5
50kwa,400,750,0.5,room,SER,PFM,25000,789,1.117,44.7,37.6,97.59,61,61,PASS,,54,26.9,54.5
50kwa,400,750,0.5,hot,SER,PFM,25000,789,1.117,44.7,37.6,97.57,93,94,PASS,,86,26.9,54.5
50kwa,400,750,0.75,cold,SER,PFM,37500,789,1.115,61.5,56.4,97.4,37,31,PASS,,26,30.1,61
50kwa,400,750,0.75,room,SER,PFM,37500,789,1.115,61.5,56.4,97.37,73,67,PASS,,61,30.1,61
50kwa,400,750,0.75,hot,SER,PFM,37500,789,1.115,61.5,56.4,97.34,107,100,PASS,,93,30.1,61
50kwa,400,750,1,cold,SER,PFM,50000,789,1.112,79.3,75.2,97.07,52,39,PASS,,35,33.9,69
50kwa,400,750,1,room,SER,PFM,50000,789,1.112,79.3,75.2,97.03,90,76,PASS,,70,33.9,69
50kwa,400,750,1,hot,SER,PFM,50000,789,1.112,79.3,75.2,96.99,124,110,PASS,,102,33.9,69
50kwa,400,1000,0,cold,SER,IDLE,0,830,,0,0,,,,PASS,standby
50kwa,400,1000,0,room,SER,IDLE,0,830,,0,0,,,,PASS,standby
50kwa,400,1000,0,hot,SER,IDLE,0,830,,0,0,,,,PASS,standby
50kwa,400,1000,0.05,cold,SER,PFM,2500,830,0.609,58.4,3.8,89.43,11,27,PASS,,10,23.3,82.5
50kwa,400,1000,0.05,room,SER,PFM,2500,830,0.609,58.4,3.8,89.43,46,63,PASS,,45,23.3,82.5
50kwa,400,1000,0.05,hot,SER,PFM,2500,830,0.609,58.4,3.8,89.43,78,96,PASS,,77,23.3,82.5
50kwa,400,1000,0.1,cold,SER,PFM,5000,830,0.608,58.6,7.5,94.02,12,27,PASS,,11,23.4,82.8
50kwa,400,1000,0.1,room,SER,PFM,5000,830,0.608,58.6,7.5,94.02,47,63,PASS,,46,23.4,82.8
50kwa,400,1000,0.1,hot,SER,PFM,5000,830,0.608,58.6,7.5,94.02,79,97,PASS,,78,23.4,82.8
50kwa,400,1000,0.25,cold,SER,PFM,12500,830,0.607,60.1,18.8,96.84,16,28,PASS,,13,24,85.1
50kwa,400,1000,0.25,room,SER,PFM,12500,830,0.607,60.1,18.8,96.83,52,64,PASS,,48,24,85.1
50kwa,400,1000,0.25,hot,SER,PFM,12500,830,0.607,60.1,18.8,96.82,84,97,PASS,,80,24,85.1
50kwa,400,1000,0.5,cold,SER,PFM,25000,830,0.601,65.4,37.6,97.54,25,30,PASS,,16,25.9,92.6
50kwa,400,1000,0.5,room,SER,PFM,25000,830,0.601,65.4,37.6,97.52,61,67,PASS,,51,25.9,92.6
50kwa,400,1000,0.5,hot,SER,PFM,25000,830,0.601,65.4,37.6,97.51,94,100,PASS,,83,25.9,92.6
50kwa,400,1000,0.75,cold,SER,PFM,37500,830,0.591,73.5,56.4,97.56,37,34,PASS,,21,28.6,104
50kwa,400,1000,0.75,room,SER,PFM,37500,830,0.591,73.5,56.4,97.52,74,71,PASS,,56,28.6,104
50kwa,400,1000,0.75,hot,SER,PFM,37500,830,0.591,73.5,56.4,97.5,107,105,PASS,,88,28.6,104
50kwa,400,1000,1,cold,SER,PFM,50000,830,0.575,83.8,75.2,97.43,53,38,PASS,,26,26.6,99.5
50kwa,400,1000,1,room,SER,PFM,50000,830,0.575,83.8,75.2,97.39,91,75,PASS,,61,26.6,99.5
50kwa,400,1000,1,hot,SER,PFM,50000,830,0.575,83.8,75.2,97.35,125,109,PASS,,93,26.6,99.5
50kwa,450,150,0,cold,PAR,IDLE,0,687,,0,0,,,,PASS,standby
50kwa,450,150,0,room,PAR,IDLE,0,687,,0,0,,,,PASS,standby
50kwa,450,150,0,hot,PAR,IDLE,0,687,,0,0,,,,PASS,standby
50kwa,450,150,0.05,cold,PAR,PSM,1253,687,1.45,7.7,1.7,33.34,10,234,FAIL,LIMIT: TjLLC eta<88,10,6.9,12.3
50kwa,450,150,0.05,room,PAR,PSM,1253,687,1.45,7.7,1.7,33.34,45,269,FAIL,LIMIT: TjLLC eta<88,45,6.9,12.3
50kwa,450,150,0.05,hot,PAR,PSM,1253,687,1.45,7.7,1.7,33.34,77,301,FAIL,LIMIT: TjLLC eta<88,77,6.9,12.3
50kwa,450,150,0.1,cold,PAR,PSM,2505,687,1.45,8.7,3.3,49.67,11,234,FAIL,LIMIT: TjLLC eta<88,11,7.7,13.8
50kwa,450,150,0.1,room,PAR,PSM,2505,687,1.45,8.7,3.3,49.67,46,269,FAIL,LIMIT: TjLLC eta<88,46,7.7,13.8
50kwa,450,150,0.1,hot,PAR,PSM,2505,687,1.45,8.7,3.3,49.67,78,301,FAIL,LIMIT: TjLLC eta<88,78,7.7,13.8
50kwa,450,150,0.25,cold,PAR,PSM,6263,687,1.45,13.6,8.4,70.14,12,235,FAIL,LIMIT: TjLLC eta<88,12,12.1,21.8
50kwa,450,150,0.25,room,PAR,PSM,6263,687,1.45,13.6,8.4,70.14,47,270,FAIL,LIMIT: TjLLC eta<88,47,12.1,21.8
50kwa,450,150,0.25,hot,PAR,PSM,6263,687,1.45,13.6,8.4,70.14,79,302,FAIL,LIMIT: TjLLC eta<88,79,12.1,21.8
50kwa,450,150,0.5,cold,PAR,PSM,12525,687,1.45,24.1,16.7,81,15,236,FAIL,LIMIT: TjLLC eta<88,15,21.5,38.5
50kwa,450,150,0.5,room,PAR,PSM,12525,687,1.45,24.1,16.7,80.99,50,271,FAIL,LIMIT: TjLLC eta<88,50,21.5,38.5
50kwa,450,150,0.5,hot,PAR,PSM,12525,687,1.45,24.1,16.7,80.98,82,304,FAIL,LIMIT: TjLLC eta<88,82,21.5,38.5
50kwa,450,150,0.75,cold,PAR,PSM,18788,687,1.45,35.1,25.1,85.15,18,239,FAIL,LIMIT: TjLLC eta<88,18,31.4,56.2
50kwa,450,150,0.75,room,PAR,PSM,18788,687,1.45,35.1,25.1,85.13,53,274,FAIL,LIMIT: TjLLC eta<88,53,31.4,56.2
50kwa,450,150,0.75,hot,PAR,PSM,18788,687,1.45,35.1,25.1,85.11,86,307,FAIL,LIMIT: TjLLC eta<88,85,31.4,56.2
50kwa,450,150,1,cold,PAR,PSM,25050,687,1.45,46.4,33.5,87.19,22,243,FAIL,LIMIT: TjLLC eta<88,22,41.4,74.2
50kwa,450,150,1,room,PAR,PSM,25050,687,1.45,46.4,33.5,87.17,57,279,FAIL,LIMIT: TjLLC eta<88,57,41.4,74.2
50kwa,450,150,1,hot,PAR,PSM,25050,687,1.45,46.4,33.5,87.14,90,311,FAIL,LIMIT: TjLLC eta<88,89,41.4,74.2
50kwa,450,200,0,cold,PAR,IDLE,0,687,,0,0,,,,PASS,standby
50kwa,450,200,0,room,PAR,IDLE,0,687,,0,0,,,,PASS,standby
50kwa,450,200,0,hot,PAR,IDLE,0,687,,0,0,,,,PASS,standby
50kwa,450,200,0.05,cold,PAR,PSM,1670,687,1.45,10.9,2.2,86.35,11,39,PASS,,11,9.7,17.4
50kwa,450,200,0.05,room,PAR,PSM,1670,687,1.45,10.9,2.2,86.35,46,74,PASS,,46,9.7,17.4
50kwa,450,200,0.05,hot,PAR,PSM,1670,687,1.45,10.9,2.2,86.35,78,106,PASS,,78,9.7,17.4
50kwa,450,200,0.1,cold,PAR,PSM,3340,687,1.45,13.6,4.5,91.69,11,39,PASS,,12,12.2,21.8
50kwa,450,200,0.1,room,PAR,PSM,3340,687,1.45,13.6,4.5,91.68,46,74,PASS,,47,12.2,21.8
50kwa,450,200,0.1,hot,PAR,PSM,3340,687,1.45,13.6,4.5,91.68,78,106,PASS,,79,12.2,21.8
50kwa,450,200,0.25,cold,PAR,PSM,8350,687,1.45,25.6,11.2,94.84,13,40,PASS,,15,22.9,41
50kwa,450,200,0.25,room,PAR,PSM,8350,687,1.45,25.6,11.2,94.84,48,76,PASS,,50,22.9,41
50kwa,450,200,0.25,hot,PAR,PSM,8350,687,1.45,25.6,11.2,94.83,80,108,PASS,,82,22.9,41
50kwa,450,200,0.5,cold,PAR,PSM,16700,687,1.45,48.3,22.3,95.43,17,45,PASS,,23,43.2,77.3
50kwa,450,200,0.5,room,PAR,PSM,16700,687,1.45,48.3,22.3,95.42,52,80,PASS,,58,43.2,77.3
50kwa,450,200,0.5,hot,PAR,PSM,16700,687,1.45,48.3,22.3,95.41,84,113,PASS,,90,43.2,77.3
50kwa,450,200,0.75,cold,PAR,PSM,25050,687,1.45,71.7,33.5,95.22,22,52,PASS,,33,64,114.7
50kwa,450,200,0.75,room,PAR,PSM,25050,687,1.45,71.7,33.5,95.21,57,89,PASS,,68,64,114.7
50kwa,450,200,0.75,hot,PAR,PSM,25050,687,1.45,71.7,33.5,95.19,90,122,PASS,,100,64,114.7
50kwa,450,200,1,cold,PAR,PSM,33400,687,1.45,95.2,44.6,94.82,27,68,PASS,,45,85,152.3
50kwa,450,200,1,room,PAR,PSM,33400,687,1.45,95.2,44.6,94.8,63,107,PASS,,80,85,152.3
50kwa,450,200,1,hot,PAR,PSM,33400,687,1.45,95.2,44.6,94.78,96,142,PASS,,112,85,152.3
50kwa,450,250,0,cold,PAR,IDLE,0,687,,0,0,,,,PASS,standby
50kwa,450,250,0,room,PAR,IDLE,0,687,,0,0,,,,PASS,standby
50kwa,450,250,0,hot,PAR,IDLE,0,687,,0,0,,,,PASS,standby
50kwa,450,250,0.05,cold,PAR,PSM,2088,687,1.45,13.1,2.8,94.12,11,15,PASS,,11,11.7,21
50kwa,450,250,0.05,room,PAR,PSM,2088,687,1.45,13.1,2.8,94.12,46,50,PASS,,46,11.7,21
50kwa,450,250,0.05,hot,PAR,PSM,2088,687,1.45,13.1,2.8,94.12,78,82,PASS,,78,11.7,21
50kwa,450,250,0.1,cold,PAR,PSM,4175,687,1.45,15.5,5.6,96.09,11,16,PASS,,12,13.8,24.7
50kwa,450,250,0.1,room,PAR,PSM,4175,687,1.45,15.5,5.6,96.08,46,51,PASS,,47,13.8,24.7
50kwa,450,250,0.1,hot,PAR,PSM,4175,687,1.45,15.5,5.6,96.08,78,83,PASS,,79,13.8,24.7
50kwa,450,250,0.25,cold,PAR,PSM,10438,687,1.45,26.6,13.9,96.97,14,21,PASS,,15,23.8,42.6
50kwa,450,250,0.25,room,PAR,PSM,10438,687,1.45,26.6,13.9,96.96,49,56,PASS,,50,23.8,42.6
50kwa,450,250,0.25,hot,PAR,PSM,10438,687,1.45,26.6,13.9,96.95,81,89,PASS,,82,23.8,42.6
50kwa,450,250,0.5,cold,PAR,PSM,20875,687,1.45,48.9,27.9,96.79,19,33,PASS,,23,43.7,78.2
50kwa,450,250,0.5,room,PAR,PSM,20875,687,1.45,48.9,27.9,96.78,55,69,PASS,,58,43.7,78.2
50kwa,450,250,0.5,hot,PAR,PSM,20875,687,1.45,48.9,27.9,96.77,87,102,PASS,,90,43.7,78.2
50kwa,450,250,0.75,cold,PAR,PSM,31313,687,1.45,72,41.8,96.38,26,49,PASS,,33,64.3,115.3
50kwa,450,250,0.75,room,PAR,PSM,31313,687,1.45,72,41.8,96.36,62,86,PASS,,68,64.3,115.3
50kwa,450,250,0.75,hot,PAR,PSM,31313,687,1.45,72,41.8,96.34,94,119,PASS,,100,64.3,115.3
50kwa,450,250,1,cold,PAR,PSM,41750,687,1.45,95.5,55.8,95.9,34,69,PASS,,45,85.2,152.7
50kwa,450,250,1,room,PAR,PSM,41750,687,1.45,95.5,55.8,95.88,71,107,PASS,,80,85.2,152.7
50kwa,450,250,1,hot,PAR,PSM,41750,687,1.45,95.5,55.8,95.86,104,142,PASS,,112,85.2,152.7
50kwa,450,300,0,cold,PAR,IDLE,0,687,,0,0,,,,PASS,standby
50kwa,450,300,0,room,PAR,IDLE,0,687,,0,0,,,,PASS,standby
50kwa,450,300,0,hot,PAR,IDLE,0,687,,0,0,,,,PASS,standby
50kwa,450,300,0.05,cold,PAR,PFM,2500,687,1.34,16.6,3.3,94.67,11,15,PASS,,11,12.1,23.4
50kwa,450,300,0.05,room,PAR,PFM,2500,687,1.34,16.6,3.3,94.66,46,51,PASS,,46,12.1,23.4
50kwa,450,300,0.05,hot,PAR,PFM,2500,687,1.34,16.6,3.3,94.66,78,83,PASS,,78,12.1,23.4
50kwa,450,300,0.1,cold,PAR,PFM,5000,687,1.339,18.5,6.7,96.46,12,16,PASS,,12,13.5,26.2
50kwa,450,300,0.1,room,PAR,PFM,5000,687,1.339,18.5,6.7,96.46,47,51,PASS,,47,13.5,26.2
50kwa,450,300,0.1,hot,PAR,PFM,5000,687,1.339,18.5,6.7,96.46,79,83,PASS,,79,13.5,26.2
50kwa,450,300,0.25,cold,PAR,PFM,12500,687,1.332,28.5,16.7,97.23,15,20,PASS,,15,20.7,40.3
50kwa,450,300,0.25,room,PAR,PFM,12500,687,1.332,28.5,16.7,97.22,50,55,PASS,,50,20.7,40.3
50kwa,450,300,0.25,hot,PAR,PFM,12500,687,1.332,28.5,16.7,97.21,82,88,PASS,,82,20.7,40.3
50kwa,450,300,0.5,cold,PAR,PFM,25000,687,1.312,49.9,33.4,97.14,22,27,PASS,,23,29.2,57.8
50kwa,450,300,0.5,room,PAR,PFM,25000,687,1.312,49.9,33.4,97.12,57,63,PASS,,58,29.2,57.8
50kwa,450,300,0.5,hot,PAR,PFM,25000,687,1.312,49.9,33.4,97.11,90,96,PASS,,90,29.2,57.8
50kwa,450,300,0.75,cold,PAR,PFM,37500,687,1.286,72.8,50.1,96.76,31,38,PASS,,32,38.9,78.7
50kwa,450,300,0.75,room,PAR,PFM,37500,687,1.286,72.8,50.1,96.74,67,75,PASS,,67,38.9,78.7
50kwa,450,300,0.75,hot,PAR,PFM,37500,687,1.286,72.8,50.1,96.72,100,109,PASS,,99,38.9,78.7
50kwa,450,300,1,cold,PAR,PFM,50000,687,1.26,96,66.8,96.33,42,53,PASS,,45,48.9,100.7
50kwa,450,300,1,room,PAR,PFM,50000,687,1.26,96,66.8,96.3,79,91,PASS,,80,48.9,100.7
50kwa,450,300,1,hot,PAR,PFM,50000,687,1.26,96,66.8,96.27,113,126,PASS,,112,48.9,100.7
50kwa,450,400,0,cold,PAR,IDLE,0,830,,0,0,,,,PASS,standby
50kwa,450,400,0,room,PAR,IDLE,0,830,,0,0,,,,PASS,standby
50kwa,450,400,0,hot,PAR,IDLE,0,830,,0,0,,,,PASS,standby
50kwa,450,400,0.05,cold,PAR,PFM,2500,830,1.084,26.4,3.3,93.36,11,19,PASS,,11,18.8,37.4
50kwa,450,400,0.05,room,PAR,PFM,2500,830,1.084,26.4,3.3,93.35,46,54,PASS,,46,18.8,37.4
50kwa,450,400,0.05,hot,PAR,PFM,2500,830,1.084,26.4,3.3,93.35,78,87,PASS,,78,18.8,37.4
50kwa,450,400,0.1,cold,PAR,PFM,5000,830,1.084,27.1,6.7,96,12,19,PASS,,11,19.3,38.4
50kwa,450,400,0.1,room,PAR,PFM,5000,830,1.084,27.1,6.7,95.99,47,55,PASS,,46,19.3,38.4
50kwa,450,400,0.1,hot,PAR,PFM,5000,830,1.084,27.1,6.7,95.99,79,87,PASS,,78,19.3,38.4
50kwa,450,400,0.25,cold,PAR,PFM,12500,830,1.084,31.6,16.7,97.42,16,21,PASS,,14,22.5,44.7
50kwa,450,400,0.25,room,PAR,PFM,12500,830,1.084,31.6,16.7,97.42,51,57,PASS,,49,22.5,44.7
50kwa,450,400,0.25,hot,PAR,PFM,12500,830,1.084,31.6,16.7,97.41,83,89,PASS,,81,22.5,44.7
50kwa,450,400,0.5,cold,PAR,PFM,25000,830,1.083,44.1,33.4,97.61,23,26,PASS,,19,28.8,57.1
50kwa,450,400,0.5,room,PAR,PFM,25000,830,1.083,44.1,33.4,97.59,59,62,PASS,,54,28.8,57.1
50kwa,450,400,0.5,hot,PAR,PFM,25000,830,1.083,44.1,33.4,97.58,91,94,PASS,,86,28.8,57.1
50kwa,450,400,0.75,cold,PAR,PFM,37500,830,1.082,59.3,50.1,97.48,33,31,PASS,,25,30.8,61.2
50kwa,450,400,0.75,room,PAR,PFM,37500,830,1.082,59.3,50.1,97.46,69,67,PASS,,60,30.8,61.2
50kwa,450,400,0.75,hot,PAR,PFM,37500,830,1.082,59.3,50.1,97.44,102,100,PASS,,92,30.8,61.2
50kwa,450,400,1,cold,PAR,PFM,50000,830,1.081,75.6,66.8,97.24,45,37,PASS,,32,33.4,66.4
50kwa,450,400,1,room,PAR,PFM,50000,830,1.081,75.6,66.8,97.21,83,74,PASS,,67,33.4,66.4
50kwa,450,400,1,hot,PAR,PFM,50000,830,1.081,75.6,66.8,97.18,117,108,PASS,,99,33.4,66.4
50kwa,450,500,0,cold,PAR,IDLE,0,830,,0,0,,,,PASS,standby
50kwa,450,500,0,room,PAR,IDLE,0,830,,0,0,,,,PASS,standby
50kwa,450,500,0,hot,PAR,IDLE,0,830,,0,0,,,,PASS,standby
50kwa,450,500,0.05,cold,PAR,PFM,2500,830,0.609,58.4,3.3,89.36,11,27,PASS,,10,23.3,82.5
50kwa,450,500,0.05,room,PAR,PFM,2500,830,0.609,58.4,3.3,89.36,46,63,PASS,,45,23.3,82.5
50kwa,450,500,0.05,hot,PAR,PFM,2500,830,0.609,58.4,3.3,89.36,78,96,PASS,,77,23.3,82.5
50kwa,450,500,0.1,cold,PAR,PFM,5000,830,0.608,58.6,6.7,93.95,12,27,PASS,,11,23.4,82.8
50kwa,450,500,0.1,room,PAR,PFM,5000,830,0.608,58.6,6.7,93.95,47,63,PASS,,46,23.4,82.8
50kwa,450,500,0.1,hot,PAR,PFM,5000,830,0.608,58.6,6.7,93.95,79,97,PASS,,78,23.4,82.8
50kwa,450,500,0.25,cold,PAR,PFM,12500,830,0.607,60.1,16.7,96.79,16,28,PASS,,13,24,85.1
50kwa,450,500,0.25,room,PAR,PFM,12500,830,0.607,60.1,16.7,96.78,51,64,PASS,,48,24,85.1
50kwa,450,500,0.25,hot,PAR,PFM,12500,830,0.607,60.1,16.7,96.77,83,97,PASS,,80,24,85.1
50kwa,450,500,0.5,cold,PAR,PFM,25000,830,0.601,65.4,33.4,97.52,23,30,PASS,,16,25.9,92.6
50kwa,450,500,0.5,room,PAR,PFM,25000,830,0.601,65.4,33.4,97.51,59,67,PASS,,51,25.9,92.6
50kwa,450,500,0.5,hot,PAR,PFM,25000,830,0.601,65.4,33.4,97.49,91,100,PASS,,83,25.9,92.6
50kwa,450,500,0.75,cold,PAR,PFM,37500,830,0.591,73.5,50.1,97.57,33,34,PASS,,21,28.6,104
50kwa,450,500,0.75,room,PAR,PFM,37500,830,0.591,73.5,50.1,97.55,69,71,PASS,,56,28.6,104
50kwa,450,500,0.75,hot,PAR,PFM,37500,830,0.591,73.5,50.1,97.53,102,105,PASS,,88,28.6,104
50kwa,450,500,1,cold,PAR,PFM,50000,830,0.575,83.8,66.8,97.48,45,38,PASS,,26,26.6,99.5
50kwa,450,500,1,room,PAR,PFM,50000,830,0.575,83.8,66.8,97.45,83,75,PASS,,61,26.6,99.5
50kwa,450,500,1,hot,PAR,PFM,50000,830,0.575,83.8,66.8,97.42,117,109,PASS,,93,26.6,99.5
50kwa,450,500,0,cold,SER,IDLE,0,687,,0,0,,,,PASS,standby
50kwa,450,500,0,room,SER,IDLE,0,687,,0,0,,,,PASS,standby
50kwa,450,500,0,hot,SER,IDLE,0,687,,0,0,,,,PASS,standby
50kwa,450,500,0.05,cold,SER,PSM,2500,687,1.45,13.5,3.3,94.97,11,15,PASS,,11,12,21.6
50kwa,450,500,0.05,room,SER,PSM,2500,687,1.45,13.5,3.3,94.97,46,50,PASS,,46,12,21.6
50kwa,450,500,0.05,hot,SER,PSM,2500,687,1.45,13.5,3.3,94.97,78,82,PASS,,78,12,21.6
50kwa,450,500,0.1,cold,SER,PSM,5000,687,1.45,16.7,6.7,96.58,12,17,PASS,,12,14.9,26.7
50kwa,450,500,0.1,room,SER,PSM,5000,687,1.45,16.7,6.7,96.57,47,52,PASS,,47,14.9,26.7
50kwa,450,500,0.1,hot,SER,PSM,5000,687,1.45,16.7,6.7,96.57,79,84,PASS,,79,14.9,26.7
50kwa,450,500,0.25,cold,SER,PSM,12500,687,1.45,30.9,16.7,97.18,15,23,PASS,,16,27.6,49.4
50kwa,450,500,0.25,room,SER,PSM,12500,687,1.45,30.9,16.7,97.17,50,59,PASS,,51,27.6,49.4
50kwa,450,500,0.25,hot,SER,PSM,12500,687,1.45,30.9,16.7,97.17,82,91,PASS,,83,27.6,49.4
50kwa,450,500,0.5,cold,SER,PSM,25000,687,1.45,58,33.4,96.84,22,39,PASS,,26,51.8,92.8
50kwa,450,500,0.5,room,SER,PSM,25000,687,1.45,58,33.4,96.82,57,75,PASS,,61,51.8,92.8
50kwa,450,500,0.5,hot,SER,PSM,25000,687,1.45,58,33.4,96.81,90,108,PASS,,93,51.8,92.8
50kwa,450,500,0.75,cold,SER,PSM,37500,687,1.45,85.9,50.1,96.29,31,60,PASS,,40,76.7,137.5
50kwa,450,500,0.75,room,SER,PSM,37500,687,1.45,85.9,50.1,96.27,67,98,PASS,,75,76.7,137.5
50kwa,450,500,0.75,hot,SER,PSM,37500,687,1.45,85.9,50.1,96.25,100,132,PASS,,107,76.7,137.5
50kwa,450,500,1,cold,SER,PSM,50000,687,1.45,114,66.8,95.71,42,88,PASS,,56,101.8,182.5
50kwa,450,500,1,room,SER,PSM,50000,687,1.45,114,66.8,95.68,79,128,PASS,,91,101.8,182.5
50kwa,450,500,1,hot,SER,PSM,50000,687,1.45,98.8,66.8,95.8,113,146,PASS,thermal derate to 86% ,114,88.2,158.1
50kwa,450,750,0,cold,SER,IDLE,0,789,,0,0,,,,PASS,standby
50kwa,450,750,0,room,SER,IDLE,0,789,,0,0,,,,PASS,standby
50kwa,450,750,0,hot,SER,IDLE,0,789,,0,0,,,,PASS,standby
50kwa,450,750,0.05,cold,SER,PFM,2500,789,1.119,24.1,3.3,93.87,11,18,PASS,,11,16.8,34
50kwa,450,750,0.05,room,SER,PFM,2500,789,1.119,24.1,3.3,93.87,46,53,PASS,,46,16.8,34
50kwa,450,750,0.05,hot,SER,PFM,2500,789,1.119,24.1,3.3,93.87,78,85,PASS,,78,16.8,34
50kwa,450,750,0.1,cold,SER,PFM,5000,789,1.119,24.9,6.7,96.3,12,18,PASS,,11,17.5,35.3
50kwa,450,750,0.1,room,SER,PFM,5000,789,1.119,24.9,6.7,96.29,47,54,PASS,,46,17.5,35.3
50kwa,450,750,0.1,hot,SER,PFM,5000,789,1.119,24.9,6.7,96.29,79,86,PASS,,78,17.5,35.3
50kwa,450,750,0.25,cold,SER,PFM,12500,789,1.118,30.4,16.7,97.56,15,21,PASS,,14,21.2,43
50kwa,450,750,0.25,room,SER,PFM,12500,789,1.118,30.4,16.7,97.55,51,56,PASS,,49,21.2,43
50kwa,450,750,0.25,hot,SER,PFM,12500,789,1.118,30.4,16.7,97.54,83,88,PASS,,81,21.2,43
50kwa,450,750,0.5,cold,SER,PFM,25000,789,1.117,44.7,33.4,97.69,23,25,PASS,,19,26.9,54.5
50kwa,450,750,0.5,room,SER,PFM,25000,789,1.117,44.7,33.4,97.67,58,61,PASS,,54,26.9,54.5
50kwa,450,750,0.5,hot,SER,PFM,25000,789,1.117,44.7,33.4,97.66,91,94,PASS,,86,26.9,54.5
50kwa,450,750,0.75,cold,SER,PFM,37500,789,1.115,61.5,50.1,97.51,32,31,PASS,,26,30.1,61
50kwa,450,750,0.75,room,SER,PFM,37500,789,1.115,61.5,50.1,97.49,69,67,PASS,,61,30.1,61
50kwa,450,750,0.75,hot,SER,PFM,37500,789,1.115,61.5,50.1,97.46,102,100,PASS,,93,30.1,61
50kwa,450,750,1,cold,SER,PFM,50000,789,1.112,79.3,66.8,97.23,44,39,PASS,,35,33.9,69
50kwa,450,750,1,room,SER,PFM,50000,789,1.112,79.3,66.8,97.19,82,76,PASS,,70,33.9,69
50kwa,450,750,1,hot,SER,PFM,50000,789,1.112,79.3,66.8,97.17,116,110,PASS,,102,33.9,69
50kwa,450,1000,0,cold,SER,IDLE,0,830,,0,0,,,,PASS,standby
50kwa,450,1000,0,room,SER,IDLE,0,830,,0,0,,,,PASS,standby
50kwa,450,1000,0,hot,SER,IDLE,0,830,,0,0,,,,PASS,standby
50kwa,450,1000,0.05,cold,SER,PFM,2500,830,0.609,58.4,3.3,89.44,11,27,PASS,,10,23.3,82.5
50kwa,450,1000,0.05,room,SER,PFM,2500,830,0.609,58.4,3.3,89.44,46,63,PASS,,45,23.3,82.5
50kwa,450,1000,0.05,hot,SER,PFM,2500,830,0.609,58.4,3.3,89.44,78,96,PASS,,77,23.3,82.5
50kwa,450,1000,0.1,cold,SER,PFM,5000,830,0.608,58.6,6.7,94.05,12,27,PASS,,11,23.4,82.8
50kwa,450,1000,0.1,room,SER,PFM,5000,830,0.608,58.6,6.7,94.04,47,63,PASS,,46,23.4,82.8
50kwa,450,1000,0.1,hot,SER,PFM,5000,830,0.608,58.6,6.7,94.04,79,97,PASS,,78,23.4,82.8
50kwa,450,1000,0.25,cold,SER,PFM,12500,830,0.607,60.1,16.7,96.88,16,28,PASS,,13,24,85.1
50kwa,450,1000,0.25,room,SER,PFM,12500,830,0.607,60.1,16.7,96.88,51,64,PASS,,48,24,85.1
50kwa,450,1000,0.25,hot,SER,PFM,12500,830,0.607,60.1,16.7,96.87,83,97,PASS,,80,24,85.1
50kwa,450,1000,0.5,cold,SER,PFM,25000,830,0.601,65.4,33.4,97.62,23,30,PASS,,16,25.9,92.6
50kwa,450,1000,0.5,room,SER,PFM,25000,830,0.601,65.4,33.4,97.61,59,67,PASS,,51,25.9,92.6
50kwa,450,1000,0.5,hot,SER,PFM,25000,830,0.601,65.4,33.4,97.59,91,100,PASS,,83,25.9,92.6
50kwa,450,1000,0.75,cold,SER,PFM,37500,830,0.591,73.5,50.1,97.67,33,34,PASS,,21,28.6,104
50kwa,450,1000,0.75,room,SER,PFM,37500,830,0.591,73.5,50.1,97.65,69,71,PASS,,56,28.6,104
50kwa,450,1000,0.75,hot,SER,PFM,37500,830,0.591,73.5,50.1,97.63,102,105,PASS,,88,28.6,104
50kwa,450,1000,1,cold,SER,PFM,50000,830,0.575,83.8,66.8,97.58,45,38,PASS,,26,26.6,99.5
50kwa,450,1000,1,room,SER,PFM,50000,830,0.575,83.8,66.8,97.55,83,75,PASS,,61,26.6,99.5
50kwa,450,1000,1,hot,SER,PFM,50000,830,0.575,83.8,66.8,97.52,117,109,PASS,,93,26.6,99.5
50kwa,475,150,0,cold,PAR,IDLE,0,725,,0,0,,,,PASS,standby
50kwa,475,150,0,room,PAR,IDLE,0,725,,0,0,,,,PASS,standby
50kwa,475,150,0,hot,PAR,IDLE,0,725,,0,0,,,,PASS,standby
50kwa,475,150,0.05,cold,PAR,PSM,1253,725,1.45,7.7,1.6,31.31,10,257,FAIL,LIMIT: TjLLC eta<88,10,7.2,12.3
50kwa,475,150,0.05,room,PAR,PSM,1253,725,1.45,7.7,1.6,31.31,45,292,FAIL,LIMIT: TjLLC eta<88,45,7.2,12.3
50kwa,475,150,0.05,hot,PAR,PSM,1253,725,1.45,7.7,1.6,31.31,77,324,FAIL,LIMIT: TjLLC eta<88,77,7.2,12.3
50kwa,475,150,0.1,cold,PAR,PSM,2505,725,1.45,8.7,3.2,47.38,11,257,FAIL,LIMIT: TjLLC eta<88,11,8.2,13.8
50kwa,475,150,0.1,room,PAR,PSM,2505,725,1.45,8.7,3.2,47.38,46,292,FAIL,LIMIT: TjLLC eta<88,46,8.2,13.8
50kwa,475,150,0.1,hot,PAR,PSM,2505,725,1.45,8.7,3.2,47.38,78,324,FAIL,LIMIT: TjLLC eta<88,78,8.2,13.8
50kwa,475,150,0.25,cold,PAR,PSM,6263,725,1.45,13.6,7.9,68.28,12,258,FAIL,LIMIT: TjLLC eta<88,12,12.8,21.8
50kwa,475,150,0.25,room,PAR,PSM,6263,725,1.45,13.6,7.9,68.27,47,293,FAIL,LIMIT: TjLLC eta<88,47,12.8,21.8
50kwa,475,150,0.25,hot,PAR,PSM,6263,725,1.45,13.6,7.9,68.27,79,325,FAIL,LIMIT: TjLLC eta<88,79,12.8,21.8
50kwa,475,150,0.5,cold,PAR,PSM,12525,725,1.45,24.1,15.9,79.74,15,260,FAIL,LIMIT: TjLLC eta<88,15,22.7,38.5
50kwa,475,150,0.5,room,PAR,PSM,12525,725,1.45,24.1,15.9,79.73,50,295,FAIL,LIMIT: TjLLC eta<88,50,22.7,38.5
50kwa,475,150,0.5,hot,PAR,PSM,12525,725,1.45,24.1,15.9,79.73,82,327,FAIL,LIMIT: TjLLC eta<88,82,22.7,38.5
50kwa,475,150,0.75,cold,PAR,PSM,18788,725,1.45,35.1,23.8,84.23,18,263,FAIL,LIMIT: TjLLC eta<88,18,33.1,56.2
50kwa,475,150,0.75,room,PAR,PSM,18788,725,1.45,35.1,23.8,84.21,53,298,FAIL,LIMIT: TjLLC eta<88,53,33.1,56.2
50kwa,475,150,0.75,hot,PAR,PSM,18788,725,1.45,35.1,23.8,84.2,85,330,FAIL,LIMIT: TjLLC eta<88,85,33.1,56.2
50kwa,475,150,1,cold,PAR,PSM,25050,725,1.45,46.4,31.7,86.48,21,267,FAIL,LIMIT: TjLLC eta<88,22,43.7,74.2
50kwa,475,150,1,room,PAR,PSM,25050,725,1.45,46.4,31.7,86.46,57,303,FAIL,LIMIT: TjLLC eta<88,57,43.7,74.2
50kwa,475,150,1,hot,PAR,PSM,25050,725,1.45,46.4,31.7,86.44,89,335,FAIL,LIMIT: TjLLC eta<88,89,43.7,74.2
50kwa,475,200,0,cold,PAR,IDLE,0,725,,0,0,,,,PASS,standby
50kwa,475,200,0,room,PAR,IDLE,0,725,,0,0,,,,PASS,standby
50kwa,475,200,0,hot,PAR,IDLE,0,725,,0,0,,,,PASS,standby
50kwa,475,200,0.05,cold,PAR,PSM,1670,725,1.45,10.9,2.1,85.63,11,42,PASS,,11,10.2,17.4
50kwa,475,200,0.05,room,PAR,PSM,1670,725,1.45,10.9,2.1,85.63,46,77,PASS,,46,10.2,17.4
50kwa,475,200,0.05,hot,PAR,PSM,1670,725,1.45,10.9,2.1,85.63,78,109,PASS,,78,10.2,17.4
50kwa,475,200,0.1,cold,PAR,PSM,3340,725,1.45,13.6,4.2,91.27,11,42,PASS,,12,12.8,21.8
50kwa,475,200,0.1,room,PAR,PSM,3340,725,1.45,13.6,4.2,91.27,46,77,PASS,,47,12.8,21.8
50kwa,475,200,0.1,hot,PAR,PSM,3340,725,1.45,13.6,4.2,91.27,78,109,PASS,,79,12.8,21.8
50kwa,475,200,0.25,cold,PAR,PSM,8350,725,1.45,25.6,10.6,94.66,13,43,PASS,,15,24.1,41
50kwa,475,200,0.25,room,PAR,PSM,8350,725,1.45,25.6,10.6,94.66,48,79,PASS,,50,24.1,41
50kwa,475,200,0.25,hot,PAR,PSM,8350,725,1.45,25.6,10.6,94.65,80,111,PASS,,82,24.1,41
50kwa,475,200,0.5,cold,PAR,PSM,16700,725,1.45,48.3,21.1,95.34,17,48,PASS,,23,45.6,77.3
50kwa,475,200,0.5,room,PAR,PSM,16700,725,1.45,48.3,21.1,95.33,52,83,PASS,,58,45.6,77.3
50kwa,475,200,0.5,hot,PAR,PSM,16700,725,1.45,48.3,21.1,95.32,84,116,PASS,,90,45.6,77.3
50kwa,475,200,0.75,cold,PAR,PSM,25050,725,1.45,71.7,31.7,95.17,21,55,PASS,,33,67.6,114.7
50kwa,475,200,0.75,room,PAR,PSM,25050,725,1.45,71.7,31.7,95.15,57,92,PASS,,68,67.6,114.7
50kwa,475,200,0.75,hot,PAR,PSM,25050,725,1.45,71.7,31.7,95.14,89,125,PASS,,100,67.6,114.7
50kwa,475,200,1,cold,PAR,PSM,33400,725,1.45,95.2,42.3,94.79,27,71,PASS,,45,89.7,152.3
50kwa,475,200,1,room,PAR,PSM,33400,725,1.45,95.2,42.3,94.77,62,109,PASS,,80,89.7,152.3
50kwa,475,200,1,hot,PAR,PSM,33400,725,1.45,95.2,42.3,94.76,95,144,PASS,,112,89.7,152.3
50kwa,475,250,0,cold,PAR,IDLE,0,725,,0,0,,,,PASS,standby
50kwa,475,250,0,room,PAR,IDLE,0,725,,0,0,,,,PASS,standby
50kwa,475,250,0,hot,PAR,IDLE,0,725,,0,0,,,,PASS,standby
50kwa,475,250,0.05,cold,PAR,PSM,2088,725,1.45,13.1,2.6,89.8,11,31,PASS,,11,12.4,21
50kwa,475,250,0.05,room,PAR,PSM,2088,725,1.45,13.1,2.6,89.79,46,66,PASS,,46,12.4,21
50kwa,475,250,0.05,hot,PAR,PSM,2088,725,1.45,13.1,2.6,89.79,78,98,PASS,,78,12.4,21
50kwa,475,250,0.1,cold,PAR,PSM,4175,725,1.45,15.5,5.3,93.78,11,31,PASS,,12,14.6,24.7
50kwa,475,250,0.1,room,PAR,PSM,4175,725,1.45,15.5,5.3,93.78,46,67,PASS,,47,14.6,24.7
50kwa,475,250,0.1,hot,PAR,PSM,4175,725,1.45,15.5,5.3,93.78,78,99,PASS,,79,14.6,24.7
50kwa,475,250,0.25,cold,PAR,PSM,10438,725,1.45,26.6,13.2,96.01,14,33,PASS,,15,25.1,42.6
50kwa,475,250,0.25,room,PAR,PSM,10438,725,1.45,26.6,13.2,96.01,49,68,PASS,,50,25.1,42.6
50kwa,475,250,0.25,hot,PAR,PSM,10438,725,1.45,26.6,13.2,96,81,100,PASS,,82,25.1,42.6
50kwa,475,250,0.5,cold,PAR,PSM,20875,725,1.45,48.9,26.4,96.32,19,37,PASS,,23,46.1,78.2
50kwa,475,250,0.5,room,PAR,PSM,20875,725,1.45,48.9,26.4,96.31,54,72,PASS,,58,46.1,78.2
50kwa,475,250,0.5,hot,PAR,PSM,20875,725,1.45,48.9,26.4,96.3,87,105,PASS,,90,46.1,78.2
50kwa,475,250,0.75,cold,PAR,PSM,31313,725,1.45,72,39.6,96.08,25,50,PASS,,33,67.9,115.3
50kwa,475,250,0.75,room,PAR,PSM,31313,725,1.45,72,39.6,96.06,61,87,PASS,,68,67.9,115.3
50kwa,475,250,0.75,hot,PAR,PSM,31313,725,1.45,72,39.6,96.05,94,121,PASS,,100,67.9,115.3
50kwa,475,250,1,cold,PAR,PSM,41750,725,1.45,95.5,52.8,95.7,33,71,PASS,,45,90,152.7
50kwa,475,250,1,room,PAR,PSM,41750,725,1.45,95.5,52.8,95.67,69,109,PASS,,80,90,152.7
50kwa,475,250,1,hot,PAR,PSM,41750,725,1.45,95.5,52.8,95.65,103,144,PASS,,112,90,152.7
50kwa,475,300,0,cold,PAR,IDLE,0,725,,0,0,,,,PASS,standby
50kwa,475,300,0,room,PAR,IDLE,0,725,,0,0,,,,PASS,standby
50kwa,475,300,0,hot,PAR,IDLE,0,725,,0,0,,,,PASS,standby
50kwa,475,300,0.05,cold,PAR,PSM,2500,725,1.45,15.4,3.2,90.94,11,31,PASS,,11,14.5,24.7
50kwa,475,300,0.05,room,PAR,PSM,2500,725,1.45,15.4,3.2,90.94,46,67,PASS,,46,14.5,24.7
50kwa,475,300,0.05,hot,PAR,PSM,2500,725,1.45,15.4,3.2,90.94,78,99,PASS,,78,14.5,24.7
50kwa,475,300,0.1,cold,PAR,PSM,5000,725,1.45,17.5,6.3,94.53,12,32,PASS,,12,16.5,27.9
50kwa,475,300,0.1,room,PAR,PSM,5000,725,1.45,17.5,6.3,94.52,47,67,PASS,,47,16.5,27.9
50kwa,475,300,0.1,hot,PAR,PSM,5000,725,1.45,17.5,6.3,94.52,79,99,PASS,,79,16.5,27.9
50kwa,475,300,0.25,cold,PAR,PSM,12500,725,1.45,27.8,15.8,96.51,15,33,PASS,,15,26.2,44.5
50kwa,475,300,0.25,room,PAR,PSM,12500,725,1.45,27.8,15.8,96.51,50,68,PASS,,50,26.2,44.5
50kwa,475,300,0.25,hot,PAR,PSM,12500,725,1.45,27.8,15.8,96.5,82,100,PASS,,82,26.2,44.5
50kwa,475,300,0.5,cold,PAR,PFM,25000,725,1.439,49.5,31.6,97.06,21,30,PASS,,23,36.5,62.4
50kwa,475,300,0.5,room,PAR,PFM,25000,725,1.439,49.5,31.6,97.05,57,66,PASS,,58,36.5,62.4
50kwa,475,300,0.5,hot,PAR,PFM,25000,725,1.439,49.5,31.6,97.03,89,99,PASS,,90,36.5,62.4
50kwa,475,300,0.75,cold,PAR,PFM,37500,725,1.395,72.5,47.5,96.7,30,43,PASS,,32,49.6,87.5
50kwa,475,300,0.75,room,PAR,PFM,37500,725,1.395,72.5,47.5,96.68,66,80,PASS,,67,49.6,87.5
50kwa,475,300,0.75,hot,PAR,PFM,37500,725,1.395,72.5,47.5,96.66,99,113,PASS,,99,49.6,87.5
50kwa,475,300,1,cold,PAR,PFM,50000,725,1.353,95.8,63.3,96.29,40,59,PASS,,45,62.5,113.7
50kwa,475,300,1,room,PAR,PFM,50000,725,1.353,95.8,63.3,96.26,77,97,PASS,,80,62.5,113.7
50kwa,475,300,1,hot,PAR,PFM,50000,725,1.353,95.8,63.3,96.24,111,132,PASS,,112,62.5,113.7
50kwa,475,400,0,cold,PAR,IDLE,0,830,,0,0,,,,PASS,standby
50kwa,475,400,0,room,PAR,IDLE,0,830,,0,0,,,,PASS,standby
50kwa,475,400,0,hot,PAR,IDLE,0,830,,0,0,,,,PASS,standby
50kwa,475,400,0.05,cold,PAR,PFM,2500,830,1.084,26.4,3.2,93.36,11,19,PASS,,11,18.8,37.4
50kwa,475,400,0.05,room,PAR,PFM,2500,830,1.084,26.4,3.2,93.36,46,54,PASS,,46,18.8,37.4
50kwa,475,400,0.05,hot,PAR,PFM,2500,830,1.084,26.4,3.2,93.36,78,87,PASS,,78,18.8,37.4
50kwa,475,400,0.1,cold,PAR,PFM,5000,830,1.084,27.1,6.3,96.01,12,19,PASS,,11,19.3,38.4
50kwa,475,400,0.1,room,PAR,PFM,5000,830,1.084,27.1,6.3,96,47,55,PASS,,46,19.3,38.4
50kwa,475,400,0.1,hot,PAR,PFM,5000,830,1.084,27.1,6.3,96,79,87,PASS,,78,19.3,38.4
50kwa,475,400,0.25,cold,PAR,PFM,12500,830,1.084,31.6,15.8,97.44,15,21,PASS,,14,22.5,44.7
50kwa,475,400,0.25,room,PAR,PFM,12500,830,1.084,31.6,15.8,97.43,50,57,PASS,,49,22.5,44.7
50kwa,475,400,0.25,hot,PAR,PFM,12500,830,1.084,31.6,15.8,97.43,83,89,PASS,,81,22.5,44.7
50kwa,475,400,0.5,cold,PAR,PFM,25000,830,1.083,44.1,31.6,97.64,22,26,PASS,,19,28.8,57.1
50kwa,475,400,0.5,room,PAR,PFM,25000,830,1.083,44.1,31.6,97.63,58,62,PASS,,54,28.8,57.1
50kwa,475,400,0.5,hot,PAR,PFM,25000,830,1.083,44.1,31.6,97.61,90,94,PASS,,86,28.8,57.1
50kwa,475,400,0.75,cold,PAR,PFM,37500,830,1.082,59.3,47.5,97.53,31,31,PASS,,25,30.8,61.2
50kwa,475,400,0.75,room,PAR,PFM,37500,830,1.082,59.3,47.5,97.51,67,67,PASS,,60,30.8,61.2
50kwa,475,400,0.75,hot,PAR,PFM,37500,830,1.082,59.3,47.5,97.49,100,100,PASS,,92,30.8,61.2
50kwa,475,400,1,cold,PAR,PFM,50000,830,1.081,75.6,63.3,97.3,43,37,PASS,,32,33.4,66.4
50kwa,475,400,1,room,PAR,PFM,50000,830,1.081,75.6,63.3,97.27,80,74,PASS,,67,33.4,66.4
50kwa,475,400,1,hot,PAR,PFM,50000,830,1.081,75.6,63.3,97.25,113,108,PASS,,99,33.4,66.4
50kwa,475,500,0,cold,PAR,IDLE,0,830,,0,0,,,,PASS,standby
50kwa,475,500,0,room,PAR,IDLE,0,830,,0,0,,,,PASS,standby
50kwa,475,500,0,hot,PAR,IDLE,0,830,,0,0,,,,PASS,standby
50kwa,475,500,0.05,cold,PAR,PFM,2500,830,0.609,58.4,3.2,89.36,11,27,PASS,,10,23.3,82.5
50kwa,475,500,0.05,room,PAR,PFM,2500,830,0.609,58.4,3.2,89.36,46,63,PASS,,45,23.3,82.5
50kwa,475,500,0.05,hot,PAR,PFM,2500,830,0.609,58.4,3.2,89.36,78,96,PASS,,77,23.3,82.5
50kwa,475,500,0.1,cold,PAR,PFM,5000,830,0.608,58.6,6.3,93.96,12,27,PASS,,11,23.4,82.8
50kwa,475,500,0.1,room,PAR,PFM,5000,830,0.608,58.6,6.3,93.96,47,63,PASS,,46,23.4,82.8
50kwa,475,500,0.1,hot,PAR,PFM,5000,830,0.608,58.6,6.3,93.96,79,97,PASS,,78,23.4,82.8
50kwa,475,500,0.25,cold,PAR,PFM,12500,830,0.607,60.1,15.8,96.8,15,28,PASS,,13,24,85.1
50kwa,475,500,0.25,room,PAR,PFM,12500,830,0.607,60.1,15.8,96.8,50,64,PASS,,48,24,85.1
50kwa,475,500,0.25,hot,PAR,PFM,12500,830,0.607,60.1,15.8,96.79,83,97,PASS,,80,24,85.1
50kwa,475,500,0.5,cold,PAR,PFM,25000,830,0.601,65.4,31.6,97.55,22,30,PASS,,16,25.9,92.6
50kwa,475,500,0.5,room,PAR,PFM,25000,830,0.601,65.4,31.6,97.54,58,67,PASS,,51,25.9,92.6
50kwa,475,500,0.5,hot,PAR,PFM,25000,830,0.601,65.4,31.6,97.53,90,100,PASS,,83,25.9,92.6
50kwa,475,500,0.75,cold,PAR,PFM,37500,830,0.591,73.5,47.5,97.62,31,34,PASS,,21,28.6,104
50kwa,475,500,0.75,room,PAR,PFM,37500,830,0.591,73.5,47.5,97.59,67,71,PASS,,56,28.6,104
50kwa,475,500,0.75,hot,PAR,PFM,37500,830,0.591,73.5,47.5,97.57,100,105,PASS,,88,28.6,104
50kwa,475,500,1,cold,PAR,PFM,50000,830,0.575,83.8,63.3,97.54,43,38,PASS,,26,26.6,99.5
50kwa,475,500,1,room,PAR,PFM,50000,830,0.575,83.8,63.3,97.52,80,75,PASS,,61,26.6,99.5
50kwa,475,500,1,hot,PAR,PFM,50000,830,0.575,83.8,63.3,97.49,113,109,PASS,,93,26.6,99.5
50kwa,475,500,0,cold,SER,IDLE,0,725,,0,0,,,,PASS,standby
50kwa,475,500,0,room,SER,IDLE,0,725,,0,0,,,,PASS,standby
50kwa,475,500,0,hot,SER,IDLE,0,725,,0,0,,,,PASS,standby
50kwa,475,500,0.05,cold,SER,PSM,2500,725,1.45,13.5,3.2,91.27,11,31,PASS,,11,12.7,21.6
50kwa,475,500,0.05,room,SER,PSM,2500,725,1.45,13.5,3.2,91.27,46,66,PASS,,46,12.7,21.6
50kwa,475,500,0.05,hot,SER,PSM,2500,725,1.45,13.5,3.2,91.26,78,98,PASS,,78,12.7,21.6
50kwa,475,500,0.1,cold,SER,PSM,5000,725,1.45,16.7,6.3,94.62,12,32,PASS,,12,15.7,26.7
50kwa,475,500,0.1,room,SER,PSM,5000,725,1.45,16.7,6.3,94.62,47,67,PASS,,47,15.7,26.7
50kwa,475,500,0.1,hot,SER,PSM,5000,725,1.45,16.7,6.3,94.62,79,99,PASS,,79,15.7,26.7
50kwa,475,500,0.25,cold,SER,PSM,12500,725,1.45,30.9,15.8,96.38,15,33,PASS,,16,29.1,49.4
50kwa,475,500,0.25,room,SER,PSM,12500,725,1.45,30.9,15.8,96.37,50,68,PASS,,51,29.1,49.4
50kwa,475,500,0.25,hot,SER,PSM,12500,725,1.45,30.9,15.8,96.37,82,101,PASS,,83,29.1,49.4
50kwa,475,500,0.5,cold,SER,PSM,25000,725,1.45,58,31.6,96.45,21,40,PASS,,26,54.7,92.8
50kwa,475,500,0.5,room,SER,PSM,25000,725,1.45,58,31.6,96.44,57,76,PASS,,61,54.7,92.8
50kwa,475,500,0.5,hot,SER,PSM,25000,725,1.45,58,31.6,96.42,89,109,PASS,,93,54.7,92.8
50kwa,475,500,0.75,cold,SER,PSM,37500,725,1.45,85.9,47.5,96.05,30,62,PASS,,40,81,137.5
50kwa,475,500,0.75,room,SER,PSM,37500,725,1.45,85.9,47.5,96.03,66,99,PASS,,75,81,137.5
50kwa,475,500,0.75,hot,SER,PSM,37500,725,1.45,85.9,47.5,96.01,99,134,PASS,,107,81,137.5
50kwa,475,500,1,cold,SER,PSM,50000,725,1.45,114,63.3,95.55,40,91,PASS,,56,107.5,182.5
50kwa,475,500,1,room,SER,PSM,50000,725,1.45,114,63.3,95.52,77,131,PASS,,91,107.5,182.5
50kwa,475,500,1,hot,SER,PSM,50000,725,1.45,98.8,63.3,95.62,111,148,PASS,thermal derate to 86% ,114,93.1,158.1
50kwa,475,750,0,cold,SER,IDLE,0,789,,0,0,,,,PASS,standby
50kwa,475,750,0,room,SER,IDLE,0,789,,0,0,,,,PASS,standby
50kwa,475,750,0,hot,SER,IDLE,0,789,,0,0,,,,PASS,standby
50kwa,475,750,0.05,cold,SER,PFM,2500,789,1.119,24.1,3.2,93.88,11,18,PASS,,11,16.8,34
50kwa,475,750,0.05,room,SER,PFM,2500,789,1.119,24.1,3.2,93.88,46,53,PASS,,46,16.8,34
50kwa,475,750,0.05,hot,SER,PFM,2500,789,1.119,24.1,3.2,93.88,78,85,PASS,,78,16.8,34
50kwa,475,750,0.1,cold,SER,PFM,5000,789,1.119,24.9,6.3,96.31,12,18,PASS,,11,17.5,35.3
50kwa,475,750,0.1,room,SER,PFM,5000,789,1.119,24.9,6.3,96.3,47,54,PASS,,46,17.5,35.3
50kwa,475,750,0.1,hot,SER,PFM,5000,789,1.119,24.9,6.3,96.3,79,86,PASS,,78,17.5,35.3
50kwa,475,750,0.25,cold,SER,PFM,12500,789,1.118,30.4,15.8,97.58,15,21,PASS,,14,21.2,43
50kwa,475,750,0.25,room,SER,PFM,12500,789,1.118,30.4,15.8,97.57,50,56,PASS,,49,21.2,43
50kwa,475,750,0.25,hot,SER,PFM,12500,789,1.118,30.4,15.8,97.56,82,88,PASS,,81,21.2,43
50kwa,475,750,0.5,cold,SER,PFM,25000,789,1.117,44.7,31.6,97.72,22,25,PASS,,19,26.9,54.5
50kwa,475,750,0.5,room,SER,PFM,25000,789,1.117,44.7,31.6,97.71,57,61,PASS,,54,26.9,54.5
50kwa,475,750,0.5,hot,SER,PFM,25000,789,1.117,44.7,31.6,97.69,90,94,PASS,,86,26.9,54.5
50kwa,475,750,0.75,cold,SER,PFM,37500,789,1.115,61.5,47.5,97.55,31,31,PASS,,26,30.1,61
50kwa,475,750,0.75,room,SER,PFM,37500,789,1.115,61.5,47.5,97.53,67,67,PASS,,61,30.1,61
50kwa,475,750,0.75,hot,SER,PFM,37500,789,1.115,61.5,47.5,97.51,100,100,PASS,,93,30.1,61
50kwa,475,750,1,cold,SER,PFM,50000,789,1.112,79.3,63.3,97.29,42,39,PASS,,35,33.9,69
50kwa,475,750,1,room,SER,PFM,50000,789,1.112,79.3,63.3,97.26,79,76,PASS,,70,33.9,69
50kwa,475,750,1,hot,SER,PFM,50000,789,1.112,79.3,63.3,97.23,113,110,PASS,,102,33.9,69
50kwa,475,1000,0,cold,SER,IDLE,0,830,,0,0,,,,PASS,standby
50kwa,475,1000,0,room,SER,IDLE,0,830,,0,0,,,,PASS,standby
50kwa,475,1000,0,hot,SER,IDLE,0,830,,0,0,,,,PASS,standby
50kwa,475,1000,0.05,cold,SER,PFM,2500,830,0.609,58.4,3.2,89.45,11,27,PASS,,10,23.3,82.5
50kwa,475,1000,0.05,room,SER,PFM,2500,830,0.609,58.4,3.2,89.45,46,63,PASS,,45,23.3,82.5
50kwa,475,1000,0.05,hot,SER,PFM,2500,830,0.609,58.4,3.2,89.45,78,96,PASS,,77,23.3,82.5
50kwa,475,1000,0.1,cold,SER,PFM,5000,830,0.608,58.6,6.3,94.05,12,27,PASS,,11,23.4,82.8
50kwa,475,1000,0.1,room,SER,PFM,5000,830,0.608,58.6,6.3,94.05,47,63,PASS,,46,23.4,82.8
50kwa,475,1000,0.1,hot,SER,PFM,5000,830,0.608,58.6,6.3,94.05,79,97,PASS,,78,23.4,82.8
50kwa,475,1000,0.25,cold,SER,PFM,12500,830,0.607,60.1,15.8,96.9,15,28,PASS,,13,24,85.1
50kwa,475,1000,0.25,room,SER,PFM,12500,830,0.607,60.1,15.8,96.89,50,64,PASS,,48,24,85.1
50kwa,475,1000,0.25,hot,SER,PFM,12500,830,0.607,60.1,15.8,96.89,83,97,PASS,,80,24,85.1
50kwa,475,1000,0.5,cold,SER,PFM,25000,830,0.601,65.4,31.6,97.65,22,30,PASS,,16,25.9,92.6
50kwa,475,1000,0.5,room,SER,PFM,25000,830,0.601,65.4,31.6,97.64,58,67,PASS,,51,25.9,92.6
50kwa,475,1000,0.5,hot,SER,PFM,25000,830,0.601,65.4,31.6,97.63,90,100,PASS,,83,25.9,92.6
50kwa,475,1000,0.75,cold,SER,PFM,37500,830,0.591,73.5,47.5,97.72,31,34,PASS,,21,28.6,104
50kwa,475,1000,0.75,room,SER,PFM,37500,830,0.591,73.5,47.5,97.69,67,71,PASS,,56,28.6,104
50kwa,475,1000,0.75,hot,SER,PFM,37500,830,0.591,73.5,47.5,97.68,100,105,PASS,,88,28.6,104
50kwa,475,1000,1,cold,SER,PFM,50000,830,0.575,83.8,63.3,97.64,43,38,PASS,,26,26.6,99.5
50kwa,475,1000,1,room,SER,PFM,50000,830,0.575,83.8,63.3,97.62,80,75,PASS,,61,26.6,99.5
50kwa,475,1000,1,hot,SER,PFM,50000,830,0.575,83.8,63.3,97.59,113,109,PASS,,93,26.6,99.5
